Column1,Column2,Column210,Column3,Column4,Column5,Column6,Column7,Column8,Column9,Column10,Column11,Column12,Column13,Column14,Column15,Column16,Column17,Column18,Column19,Column20,Column21,Column22,Column23,Column24,Column25,Column26,Column27,Column28,Column29,Column30,Column31,Column32,Column33
,,,,,,Games,Games,Passing,Passing,Passing,Passing,Passing,Rushing,Rushing,Rushing,Rushing,Receiving,Receiving,Receiving,Receiving,Receiving,Fumbles,Fumbles,Scoring,Scoring,Scoring,Fantasy,Fantasy,Fantasy,Fantasy,Fantasy,Fantasy,Fantasy
Rk,Player,,Tm,FantPos,Age,G,GS,Cmp,Att,Yds,TD,Int,Att,Yds,Y/A,TD,Tgt,Rec,Yds,Y/R,TD,Fmb,FL,TD,2PM,2PP,FantPt,PPR,DKPt,FDPt,VBD,PosRank,OvRank
1,Todd Gurley,,LAR,RB,24,14,14,0,0,0,0,0,256,1251,4.89,17,81,59,580,9.83,4,1,1,21,3,,313,372.1,379.1,342.6,181,1,1
2,Saquon Barkley,,NYG,RB,21,16,16,0,0,0,0,0,261,1307,5.01,11,121,91,721,7.92,4,0,0,15,1,,295,385.8,391.8,340.3,163,2,2
3,Christian McCaffrey,3,CAR,RB,22,16,16,1,1,50,1,0,219,1098,5.01,7,124,107,867,8.10,6,4,1,13,,,279,385.5,392.5,332.0,146,3,3
4,Alvin Kamara,91,NOR,RB,23,15,13,0,0,0,0,0,194,883,4.55,14,105,81,709,8.75,4,1,0,18,3,,273,354.2,360.2,313.7,141,4,4
5,Patrick Mahomes,30,KAN,QB,23,16,16,383,580,5097,50,12,60,272,4.53,2,0,0,0,,0,9,2,2,1,,417,417.1,437.1,429.1,134,1,5
6,Tyreek Hill,60,KAN,WR,24,16,16,0,0,0,0,0,22,151,6.86,1,137,87,1479,17.00,12,0,0,14,,,247,334.0,340.0,290.5,131,1,6
7,Ezekiel Elliott,7,DAL,RB,23,15,15,0,0,0,0,0,304,1434,4.72,6,95,77,567,7.36,3,6,1,9,,,252,329.1,336.1,290.6,120,5,7
8,Travis Kelce,108,KAN,TE,29,16,16,0,0,0,0,0,0,0,,0,150,103,1336,12.97,10,2,1,10,,,192,294.6,298.6,243.1,109,1,8
9,Antonio Brown,19,PIT,WR,30,15,15,0,1,0,0,0,0,0,,0,168,104,1297,12.47,15,0,0,15,,,220,323.7,326.7,271.7,103,2,9
10,Davante Adams,8,GNB,WR,26,15,15,0,0,0,0,0,0,0,,0,169,111,1386,12.49,13,0,0,13,1,,219,329.6,332.6,274.1,102,3,10
11,DeAndre Hopkins,40,HOU,WR,26,16,16,0,1,0,0,0,1,-7,-7.00,0,163,115,1572,13.67,11,2,2,11,,,219,333.5,338.5,276.0,102,4,11
12,Julio Jones,99,ATL,WR,29,16,16,0,0,0,0,0,2,12,6.00,0,170,113,1677,14.84,8,2,2,8,,,213,325.9,330.9,269.4,97,5,12
13,Melvin Gordon,97,LAC,RB,25,12,12,0,0,0,0,0,175,885,5.06,10,66,50,490,9.80,4,1,0,14,2,,226,275.5,281.5,250.5,93,6,13
14,James Conner,69,PIT,RB,23,13,12,0,0,0,0,0,215,973,4.53,12,71,55,497,9.04,1,4,2,13,2,,225,280.0,288.0,252.5,93,7,14
15,Mike Evans,170,TAM,WR,25,16,16,0,0,0,0,0,0,0,,0,138,86,1524,17.72,8,2,1,9,,,204,290.4,294.4,247.4,88,6,15
16,George Kittle,58,SFO,TE,25,16,16,0,0,0,0,0,1,10,10.00,0,136,88,1377,15.65,5,0,0,5,1,,171,258.7,261.7,214.7,88,2,16
17,Zach Ertz,62,PHI,TE,28,16,16,0,0,0,0,0,0,0,,0,156,116,1163,10.03,8,1,0,8,,,164,280.3,283.3,222.3,81,3,17
18,Adam Thielen,16,MIN,WR,28,16,16,0,0,0,0,0,5,30,6.00,0,153,113,1373,12.15,9,1,1,9,1,,194,307.3,311.3,250.8,78,7,18
19,Michael Thomas,31,NOR,WR,25,16,16,0,0,0,0,0,0,0,,0,147,125,1405,11.24,9,2,2,9,,,191,315.5,320.5,253.0,74,8,19
20,Eric Ebron,32,IND,TE,25,16,8,0,1,0,0,0,3,-8,-2.67,1,110,66,750,11.36,13,1,1,14,,,156,222.2,226.2,189.2,73,4,20
21,Kareem Hunt,55,KAN,RB,23,11,11,0,0,0,0,0,181,824,4.55,7,35,26,378,14.54,7,0,0,14,,,204,230.2,236.2,217.2,72,8,21
22,Matt Ryan,399,ATL,QB,33,16,16,422,608,4924,35,7,33,125,3.79,3,1,1,5,5.00,1,10,5,4,,2,354,355.0,373.0,361.5,71,2,22
23,JuJu Smith-Schuster,2,PIT,WR,22,16,13,0,0,0,0,0,1,13,13.00,0,166,111,1426,12.85,7,1,1,7,1,,186,296.9,300.9,241.4,70,9,23
24,Joe Mixon,17,CIN,RB,22,14,13,0,0,0,0,0,237,1168,4.93,8,55,43,296,6.88,1,0,0,9,,,200,243.4,249.4,221.9,68,9,24
25,David Johnson,24,ARI,RB,27,16,16,0,0,0,0,0,258,940,3.64,7,76,50,446,8.92,3,3,2,10,1,,197,246.6,254.6,221.6,65,10,25
26,Robert Woods,1,LAR,WR,26,16,16,0,0,0,0,0,19,157,8.26,1,130,86,1219,14.17,6,0,0,7,,,180,265.6,271.6,222.6,63,10,26
27,Ben Roethlisberger,39,PIT,QB,36,16,16,452,675,5129,34,16,31,98,3.16,3,1,1,-1,-1.00,0,7,2,3,,4,341,341.9,362.9,357.4,58,3,27
28,James White,130,NWE,RB,26,16,3,0,0,0,0,0,94,425,4.52,5,123,87,751,8.63,7,0,0,12,,,190,276.6,282.6,233.1,58,11,28
29,Phillip Lindsay,12,DEN,RB,24,15,8,0,0,0,0,0,192,1037,5.40,9,47,35,241,6.89,1,0,0,10,,,188,222.8,228.8,205.3,56,12,29
30,Derrick Henry,259,TEN,RB,24,16,12,2,3,14,0,0,215,1059,4.93,12,18,15,99,6.60,0,1,1,12,,,186,201.4,205.4,193.9,54,13,30
31,Deshaun Watson,122,HOU,QB,23,16,16,345,505,4165,26,9,99,551,5.57,5,0,0,0,,0,9,3,5,,,332,331.7,349.7,340.7,49,4,31
32,Chris Carson,84,SEA,RB,24,14,14,0,0,0,0,0,247,1151,4.66,9,24,20,163,8.15,0,3,2,9,,,181,201.4,209.4,191.4,49,14,32
33,Tyler Lockett,64,SEA,WR,26,16,14,0,0,0,0,0,13,69,5.31,0,70,57,965,16.93,10,2,0,10,1,,165,222.4,225.4,193.9,49,11,33
34,Stefon Diggs,51,MIN,WR,25,15,14,0,0,0,0,0,10,62,6.20,0,149,102,1021,10.01,9,0,0,9,1,,164,266.3,269.3,215.3,48,12,34
35,Keenan Allen,0,LAC,WR,26,16,14,0,0,0,0,0,9,75,8.33,0,136,97,1196,12.33,6,3,1,6,1,,163,260.1,264.1,211.6,47,14,35
36,T.Y. Hilton,0,IND,WR,29,14,14,0,0,0,0,0,0,0,,0,120,76,1270,16.71,6,0,0,6,,,163,239.0,242.0,201.0,47,15,36
37,Brandin Cooks,11,LAR,WR,25,16,16,0,0,0,0,0,10,68,6.80,1,117,80,1204,15.05,5,1,0,6,,,163,243.2,246.2,203.2,47,13,37
38,Andrew Luck,0,IND,QB,29,16,16,430,639,4593,39,15,46,148,3.22,0,2,1,4,4.00,0,6,1,0,,2,327,327.9,349.9,342.4,44,5,38
39,Jared Cook,0,OAK,TE,31,16,14,0,0,0,0,0,0,0,,0,101,68,896,13.18,6,0,0,6,,,126,193.6,196.6,159.6,43,5,39
40,Nick Chubb,35,CLE,RB,23,16,9,0,0,0,0,0,192,996,5.19,8,29,20,149,7.45,2,0,0,10,,,175,194.5,200.5,184.5,42,15,40
41,Adrian Peterson,125,WAS,RB,33,16,16,0,0,0,0,0,251,1042,4.15,7,26,20,208,10.40,1,3,2,8,,,169,189.0,197.0,179.0,37,16,41
42,Odell Beckham Jr.,4,NYG,WR,26,12,12,2,2,106,2,0,5,19,3.80,0,124,77,1052,13.66,6,2,1,6,,,153,230.3,234.3,191.8,37,16,42
43,Tarik Cohen,46,CHI,RB,23,16,7,1,1,1,1,0,99,444,4.48,3,91,71,725,10.21,5,7,3,8,,,163,233.9,242.9,198.4,31,17,43
44,Aaron Rodgers,57,GNB,QB,35,16,16,372,597,4442,25,2,43,269,6.26,2,0,0,0,,0,6,3,2,1,2,313,312.6,323.6,314.6,30,6,44
45,Tevin Coleman,83,ATL,RB,25,16,14,0,0,0,0,0,167,800,4.79,4,44,32,276,8.63,5,2,0,9,,,162,193.6,199.6,177.6,30,18,45
46,Marlon Mack,56,IND,RB,22,12,10,0,0,0,0,0,195,908,4.66,9,26,17,103,6.06,1,2,2,10,2,,161,178.1,186.1,169.6,29,19,46
47,Tyler Boyd,53,CIN,WR,24,14,14,0,1,0,0,0,2,3,1.50,0,108,76,1028,13.53,7,0,0,7,,,145,221.1,224.1,183.1,29,17,47
48,Jared Goff,33,LAR,QB,24,16,16,364,561,4688,32,12,43,108,2.51,2,0,0,0,,0,12,5,2,,3,310,310.3,333.3,322.3,28,7,48
49,Jordan Howard,358,CHI,RB,24,16,15,0,0,0,0,0,250,935,3.74,9,26,20,145,7.25,0,2,1,9,,,160,180.0,187.0,170.0,28,20,49
50,Calvin Ridley,5,ATL,WR,24,16,5,0,0,0,0,0,6,27,4.50,0,92,64,821,12.83,10,2,1,10,,,143,206.8,210.8,174.8,26,18,50
51,Amari Cooper,0,2TM,WR,24,15,15,0,0,0,0,0,2,20,10.00,0,107,75,1005,13.40,7,2,2,7,,,141,215.5,220.5,178.0,24,19,51
52,Drew Brees,29,NOR,QB,39,15,15,364,489,3992,32,5,31,22,0.71,4,1,1,1,1.00,0,5,1,4,,1,304,305.0,314.0,309.5,21,8,52
53,Kenyan Drake,133,MIA,RB,24,16,7,0,0,0,0,0,120,535,4.46,4,73,53,477,9.00,5,2,1,9,,,153,206.2,213.2,179.7,21,21,53
54,Mike Williams,34,LAC,WR,24,16,5,0,0,0,0,0,7,28,4.00,1,66,43,664,15.44,10,0,0,11,1,,137,180.2,183.2,158.7,21,20,54
55,Kenny Golladay,117,DET,WR,25,15,13,0,0,0,0,0,1,8,8.00,0,119,70,1063,15.19,5,1,0,5,,,137,207.1,210.1,172.1,21,21,55
56,Jarvis Landry,185,CLE,WR,26,16,14,1,2,63,0,0,3,60,20.00,1,149,81,976,12.05,4,1,1,5,,1,136,217.1,221.1,176.6,20,22,56
57,Julian Edelman,563,NWE,WR,32,12,12,2,2,43,0,0,9,107,11.89,0,108,74,850,11.49,6,1,0,6,,,133,207.4,213.4,170.4,17,23,57
58,Russell Wilson,44,SEA,QB,30,16,16,280,427,3448,35,7,67,376,5.61,0,1,1,-11,-11.00,0,10,2,0,,1,298,299.4,314.4,305.9,16,9,58
59,Lamar Miller,249,HOU,RB,27,14,14,0,0,0,0,0,210,973,4.63,5,35,25,163,6.52,1,1,1,6,,,148,172.6,179.6,160.1,16,22,59
60,Aaron Jones,120,GNB,RB,24,12,8,0,0,0,0,0,133,728,5.47,8,35,26,206,7.92,1,1,1,9,,,145,171.4,178.4,158.4,13,23,60
61,Emmanuel Sanders,26,DEN,WR,31,12,12,1,1,28,1,0,4,53,13.25,1,98,71,868,12.23,4,1,0,5,,,127,198.2,201.2,162.7,11,24,61
62,Chris Godwin,85,TAM,WR,22,16,5,0,0,0,0,0,0,0,,0,95,59,842,14.27,7,4,1,7,1,,126,185.2,189.2,155.7,10,25,62
63,Trey Burton,277,CHI,TE,27,16,16,0,0,0,0,0,1,2,2.00,0,76,54,569,10.54,6,1,1,6,1,,93,147.1,151.1,120.1,10,6,63
64,Austin Hooper,203,ATL,TE,24,16,7,0,0,0,0,0,0,0,,0,88,71,660,9.30,4,0,0,4,1,,92,163.0,166.0,127.5,9,7,64
65,David Njoku,0,CLE,TE,22,16,14,0,0,0,0,0,0,0,,0,88,56,639,11.41,4,0,0,4,,,88,143.9,146.9,115.9,5,8,65
66,Alshon Jeffery,343,PHI,WR,28,13,13,0,0,0,0,0,0,0,,0,92,65,843,12.97,6,1,0,6,,,120,185.3,188.3,152.8,4,26,66
67,Kyle Rudolph,289,MIN,TE,29,16,16,0,0,0,0,0,0,0,,0,82,64,634,9.91,4,0,0,4,,,87,151.4,154.4,119.4,4,9,67
68,O.J. Howard,0,TAM,TE,24,10,8,0,0,0,0,0,0,0,,0,48,34,565,16.62,5,0,0,5,,,87,120.5,123.5,103.5,4,10,68
69,Dak Prescott,50,DAL,QB,25,16,16,356,526,3885,22,8,75,305,4.07,6,1,0,0,,0,12,6,6,1,1,286,285.9,305.9,293.9,3,10,69
70,Matt Breida,0,SFO,RB,23,14,13,0,0,0,0,0,153,814,5.32,3,31,27,261,9.67,2,1,1,5,,,136,162.5,169.5,149.0,3,24,70
71,Philip Rivers,22,LAC,QB,37,16,16,347,508,4308,32,12,18,7,0.39,0,0,0,0,,0,2,1,0,,5,285,285.0,301.0,297.0,2,11,71
72,Corey Davis,47,TEN,WR,23,16,16,0,0,0,0,0,6,55,9.17,0,112,65,891,13.71,4,1,0,4,,,119,183.6,186.6,151.1,2,27,72
73,Rob Gronkowski,141,NWE,TE,29,13,11,0,0,0,0,0,0,0,,0,72,47,682,14.51,3,1,1,3,,,84,131.2,135.2,107.7,1,11,73
74,Cam Newton,152,CAR,QB,29,14,14,320,471,3395,24,13,101,488,4.83,4,0,0,0,,0,6,0,4,,2,283,282.6,301.6,295.6,,12,74
75,Kirk Cousins,0,MIN,QB,30,16,16,425,606,4298,30,10,44,123,2.80,1,1,1,-1,-1.00,0,9,7,1,,3,282,283.1,306.1,292.6,,13,75
76,Tom Brady,6,NWE,QB,41,16,16,375,570,4355,29,11,23,35,1.52,2,1,1,6,6.00,0,4,2,2,,,280,281.3,297.3,291.8,,14,76
77,Mitchell Trubisky,10,CHI,QB,24,14,14,289,434,3223,24,12,68,421,6.19,3,0,0,0,,0,6,3,3,,4,263,263.0,284.0,275.0,,15,77
78,Eli Manning,76,NYG,QB,37,16,16,380,576,4299,21,11,15,20,1.33,1,0,0,0,,0,7,4,1,,3,240,240.0,258.0,251.0,,17,78
79,Baker Mayfield,48,CLE,QB,23,14,13,310,486,3725,27,14,39,131,3.36,0,1,0,0,,0,7,3,0,1,1,240,240.1,263.1,254.1,,16,
80,Derek Carr,227,OAK,QB,27,16,16,381,553,4049,19,10,24,47,1.96,1,1,1,-9,-9.00,0,12,7,1,,1,216,216.8,236.8,226.3,,18,
81,Case Keenum,80,DEN,QB,30,16,16,365,586,3890,18,15,26,93,3.58,2,0,0,0,,0,11,2,2,,,215,214.9,234.9,229.9,,19,
82,Matthew Stafford,75,DET,QB,30,16,16,367,555,3777,21,11,25,71,2.84,0,0,0,0,,0,6,4,0,,,212,212.2,230.2,223.2,,20,
83,Josh Allen,90,BUF,QB,22,12,11,169,320,2074,10,12,89,631,7.09,8,1,0,0,,0,8,2,8,,1,208,208.1,228.1,220.1,,21,
84,Jameis Winston,71,TAM,QB,24,11,9,244,378,2992,19,14,49,281,5.73,1,0,0,0,,0,7,3,1,,,196,195.8,218.8,209.8,,22,
85,Carson Wentz,79,PHI,QB,26,11,11,279,401,3074,21,7,34,93,2.74,0,1,1,4,4.00,0,9,6,0,,1,193,193.7,209.7,200.2,,23,
86,Andy Dalton,0,CIN,QB,31,11,11,226,365,2566,21,11,16,99,6.19,0,0,0,0,,0,1,0,0,,,175,174.5,188.5,185.5,,25,
87,Marcus Mariota,52,TEN,QB,25,14,13,228,331,2528,11,8,64,357,5.58,2,1,1,21,21.00,0,9,2,2,,,175,175.9,191.9,183.4,,24,
88,Blake Bortles,92,JAX,QB,26,13,12,243,403,2718,13,11,58,365,6.29,1,0,0,0,,0,8,4,1,,,173,173.2,194.2,184.2,,26,
89,Sam Darnold,610,NYJ,QB,21,13,13,239,414,2865,17,15,44,138,3.14,1,0,0,0,,0,5,2,1,,,168,168.4,191.4,183.4,,27,
90,Ryan Fitzpatrick,0,TAM,QB,36,8,7,164,246,2366,17,12,36,152,4.22,2,0,0,0,,0,4,1,2,,1,166,165.8,184.8,177.8,,28,
91,Lamar Jackson,86,BAL,QB,21,16,7,99,170,1201,6,3,147,695,4.73,5,2,0,0,,0,12,4,5,,,158,157.5,170.5,160.5,,29,
92,Ryan Tannehill,77,MIA,QB,30,11,11,176,274,1979,17,9,32,145,4.53,0,1,1,3,3.00,1,5,4,1,,,142,143.0,162.0,151.5,,30,
93,Alex Smith,89,WAS,QB,34,10,10,205,328,2180,10,5,41,168,4.10,1,0,0,0,,0,6,1,1,,,138,138.0,150.0,143.0,,31,
94,Joe Flacco,306,BAL,QB,33,9,9,232,379,2465,12,6,19,45,2.37,0,0,0,0,,0,3,1,0,,,137,137.1,147.1,143.1,,32,
95,Sony Michel,82,NWE,RB,23,13,8,0,0,0,0,0,209,931,4.45,6,11,7,50,7.14,0,1,1,6,,,132,139.1,143.1,135.6,,25,
96,Peyton Barber,95,TAM,RB,24,16,16,0,0,0,0,0,234,871,3.72,5,29,20,92,4.60,1,1,1,6,,,130,150.3,154.3,140.3,,26,
97,Austin Ekeler,404,LAC,RB,23,14,3,0,0,0,0,0,106,554,5.23,3,53,39,404,10.36,3,1,1,6,,,130,168.8,175.8,149.3,,27,
98,Nick Mullens,13,SFO,QB,23,8,8,176,274,2277,13,10,18,-16,-0.89,0,0,0,0,,0,2,0,0,,1,123,123.5,136.5,133.5,,33,
99,Mark Ingram,373,NOR,RB,29,12,6,0,0,0,0,0,138,645,4.67,6,27,21,170,8.10,1,3,1,7,,,122,142.5,149.5,132.0,,28,
100,Isaiah Crowell,41,NYJ,RB,25,13,6,0,0,0,0,0,143,685,4.79,6,28,21,152,7.24,0,0,0,6,,,120,140.7,146.7,130.2,,29,
101,T.J. Yeldon,0,JAX,RB,25,14,5,0,0,0,0,0,104,414,3.98,1,78,55,487,8.85,4,1,1,5,,,118,173.1,180.1,145.6,,30,
102,Larry Fitzgerald,28,ARI,WR,35,16,16,1,1,32,1,0,0,0,,0,112,69,734,10.64,6,0,0,6,1,,117,185.7,188.7,151.2,,28,
103,Sterling Shepard,42,NYG,WR,25,16,16,0,0,0,0,0,3,33,11.00,0,107,66,872,13.21,4,1,0,4,1,,117,182.5,185.5,149.5,,29,
104,Mohamed Sanu,61,ATL,WR,29,16,16,1,2,5,1,0,7,44,6.29,0,94,66,838,12.70,4,2,1,4,1,,116,182.4,186.4,149.4,,30,
105,Dede Westbrook,110,JAX,WR,25,16,9,0,1,0,0,0,9,98,10.89,0,101,66,717,10.86,5,3,2,6,,,114,179.5,184.5,146.5,,31,
106,Adam Humphries,0,TAM,WR,25,16,10,0,0,0,0,0,2,11,5.50,0,105,76,816,10.74,5,2,0,5,,,113,188.7,191.7,150.7,,32,
107,Josh Rosen,206,ARI,QB,21,14,13,217,393,2278,11,14,23,138,6.00,0,0,0,0,,0,10,5,0,,1,113,112.9,137.9,126.9,,34,
108,Dalvin Cook,0,MIN,RB,23,11,10,0,0,0,0,0,133,615,4.62,2,49,40,305,7.63,2,2,2,4,,,112,152.0,160.0,132.0,,31,
109,DeSean Jackson,145,TAM,WR,32,12,10,0,0,0,0,0,6,29,4.83,1,74,41,774,18.88,4,0,0,5,,,110,151.3,154.3,130.8,,33,
110,Latavius Murray,126,MIN,RB,28,16,6,0,0,0,0,0,140,578,4.13,6,26,22,141,6.41,0,0,0,6,1,,110,131.9,137.9,120.9,,32,
111,Zay Jones,45,BUF,WR,23,16,15,0,1,0,0,0,1,0,0.00,0,102,56,652,11.64,7,1,0,7,1,,109,165.2,168.2,137.2,,34,
112,Golden Tate,14,2TM,WR,30,15,7,0,0,0,0,0,4,34,8.50,0,113,74,795,10.74,4,3,0,4,1,,109,182.9,185.9,145.9,,35,
113,Kerryon Johnson,54,DET,RB,21,10,7,0,0,0,0,0,118,641,5.43,3,39,32,213,6.66,1,1,1,4,,,107,139.4,146.4,123.4,,33,
114,Robbie Chosen,162,NYJ,WR,25,14,9,0,0,0,0,0,2,-8,-4.00,0,94,50,752,15.04,6,2,2,6,,,106,156.4,161.4,131.4,,36,
115,Mike Davis,114,SEA,WR,25,15,2,0,0,0,0,0,112,514,4.59,4,42,34,214,6.29,1,0,0,5,,,103,136.8,142.8,119.8,,38,
116,A.J. Green,201,CIN,WR,30,9,9,0,0,0,0,0,0,0,,0,77,46,694,15.09,6,2,1,6,,,103,149.4,153.4,126.4,,37,
117,John Brown,148,BAL,WR,28,16,15,0,0,0,0,0,3,4,1.33,0,97,42,715,17.02,5,0,0,5,,,102,143.9,146.9,122.9,,40,
118,Dion Lewis,0,TEN,RB,28,16,7,0,0,0,0,0,155,517,3.34,1,67,59,400,6.78,1,1,1,2,,,102,160.7,167.7,131.2,,35,
119,Doug Martin,144,OAK,RB,29,16,9,0,0,0,0,0,172,723,4.20,4,24,18,116,6.44,0,3,3,4,,,102,119.9,128.9,110.9,,34,
120,D.J. Moore,25,CAR,WR,21,16,10,0,0,0,0,0,13,172,13.23,0,82,55,788,14.33,2,4,3,2,,,102,157.0,166.0,129.5,,39,
121,Nelson Agholor,0,PHI,WR,25,16,16,1,1,15,0,0,3,32,10.67,0,97,64,736,11.50,4,1,0,4,,,101,165.4,168.4,133.4,,41,
122,Leonard Fournette,81,JAX,RB,23,8,8,0,0,0,0,0,133,439,3.30,5,26,22,185,8.41,1,0,0,6,,,98,120.4,126.4,109.4,,36,
123,Josh Gordon,112,2TM,WR,27,12,12,0,0,0,0,0,0,0,,0,71,41,737,17.98,4,0,0,4,,,98,138.7,141.7,118.2,,44,
124,Nyheim Hines,102,IND,RB,22,16,4,0,0,0,0,0,85,314,3.69,2,81,63,425,6.75,2,1,0,4,,,98,160.9,166.9,129.4,,37,
125,Allen Robinson,234,CHI,WR,25,13,12,0,0,0,0,0,1,9,9.00,0,94,55,754,13.71,4,1,1,4,,,98,153.3,157.3,125.8,,42,
126,Curtis Samuel,96,CAR,WR,22,13,8,0,0,0,0,0,8,84,10.50,2,65,39,494,12.67,5,1,1,7,,,98,136.8,140.8,117.3,,43,
127,Demaryius Thomas,49,2TM,WR,31,15,15,0,0,0,0,0,0,0,,0,89,59,677,11.47,5,0,0,5,,,98,156.7,159.7,127.2,,45,
128,Kenny Stills,129,MIA,WR,26,15,15,1,1,3,1,0,0,0,,0,64,37,553,14.95,6,1,0,6,1,,97,134.4,137.4,115.9,,46,
129,Tyrell Williams,0,LAC,WR,26,16,10,0,0,0,0,0,2,15,7.50,0,65,41,653,15.93,5,2,0,5,,,97,137.8,140.8,117.3,,47,
130,Cooper Kupp,225,LAR,WR,25,8,8,0,0,0,0,0,4,25,6.25,0,55,40,566,14.15,6,0,0,6,,,95,135.1,138.1,115.1,,48,
131,Alex Collins,153,BAL,RB,24,10,10,0,0,0,0,0,114,411,3.61,7,21,15,105,7.00,1,3,3,8,,,94,108.6,117.6,101.1,,38,
132,Jordy Nelson,142,OAK,WR,33,15,14,0,0,0,0,0,1,-2,-2.00,0,88,63,739,11.73,3,1,0,3,1,,94,156.7,159.7,125.2,,50,
133,Courtland Sutton,0,DEN,WR,23,16,9,0,0,0,0,0,1,-1,-1.00,0,84,42,704,16.76,4,0,0,4,,,94,136.3,139.3,115.3,,49,
134,LeSean McCoy,252,BUF,RB,30,14,13,0,0,0,0,0,161,514,3.19,3,46,34,238,7.00,0,0,0,3,,,93,127.2,133.2,110.2,,39,
135,Doug Baldwin,134,SEA,WR,30,13,13,0,0,0,0,0,0,0,,0,73,50,618,12.36,5,0,0,5,,,92,141.8,144.8,116.8,,51,
136,Frank Gore,105,MIA,RB,35,14,14,0,0,0,0,0,156,722,4.63,0,16,12,124,10.33,1,1,0,1,,,91,102.6,108.6,96.6,,40,
137,Antonio Callaway,419,CLE,WR,21,16,11,0,0,0,0,0,2,7,3.50,0,79,43,586,13.63,5,1,1,5,1,,89,132.3,136.3,110.8,,52,
138,Jalen Richard,305,OAK,RB,25,16,1,0,0,0,0,0,55,259,4.71,1,81,68,607,8.93,0,3,2,1,,,89,156.6,164.6,122.6,,42,
139,Wendell Smallwood,167,PHI,RB,24,16,6,0,0,0,0,0,87,364,4.18,3,35,28,230,8.21,2,2,1,5,1,,89,117.4,124.4,103.4,,41,
140,Gus Edwards,140,BAL,RB,23,11,6,0,0,0,0,0,137,718,5.24,2,2,2,20,10.00,0,0,0,2,1,,88,89.8,92.8,88.8,,44,
141,Carlos Hyde,400,2TM,RB,28,14,7,0,0,0,0,0,172,571,3.32,5,16,10,33,3.30,0,2,1,5,,,88,98.4,102.4,93.4,,43,
142,Royce Freeman,43,DEN,RB,22,14,8,0,0,0,0,0,130,521,4.01,5,20,14,72,5.14,0,1,1,5,,,87,101.3,105.3,94.3,,46,
143,Anthony Miller,94,CHI,WR,24,15,4,1,1,8,0,0,6,26,4.33,0,54,33,423,12.82,7,1,0,7,,,87,120.2,123.2,103.7,,53,
144,Jamaal Williams,168,GNB,RB,23,16,8,0,0,0,0,0,121,464,3.83,3,41,27,210,7.78,0,0,0,3,1,,87,114.4,120.4,100.9,,45,
145,Cole Beasley,87,DAL,WR,29,16,4,0,1,0,0,0,0,0,,0,87,65,672,10.34,3,0,0,3,,,85,150.2,153.2,117.7,,54,
146,Jeff Driskel,0,CIN,QB,25,9,5,105,176,1003,6,2,25,130,5.20,2,0,0,0,,0,4,1,2,,1,85,85.1,94.1,87.1,,35,
147,Taylor Gabriel,103,CHI,WR,27,16,11,0,0,0,0,0,9,61,6.78,0,93,67,688,10.27,2,1,1,2,,,85,151.9,155.9,118.4,,55,
148,Duke Johnson,70,CLE,RB,25,16,2,0,0,0,0,0,40,201,5.03,0,62,47,429,9.13,3,1,0,3,2,,85,132.0,138.0,108.5,,47,
149,Vance McDonald,18,PIT,TE,28,15,14,0,0,0,0,0,0,0,,0,72,50,610,12.20,4,2,1,4,,,83,133.0,137.0,108.0,,12,
150,Donte Moncrief,136,JAX,WR,25,16,14,0,0,0,0,0,0,0,,0,89,48,668,13.92,3,1,1,3,,,83,130.8,134.8,106.8,,56,
151,Evan Engram,36,NYG,TE,24,11,8,0,0,0,0,0,3,36,12.00,0,64,45,577,12.82,3,0,0,3,1,,81,126.3,129.3,103.8,,13,
152,Marvin Jones,128,DET,WR,28,9,9,0,0,0,0,0,0,0,,0,62,35,508,14.51,5,0,0,5,,,81,115.8,118.8,98.3,,57,
153,Christian Kirk,180,ARI,WR,22,12,7,0,0,0,0,0,3,35,11.67,0,68,43,590,13.72,3,0,0,3,,,81,123.5,126.5,102.0,,58,
154,Michael Crabtree,66,BAL,WR,31,16,16,0,0,0,0,0,0,0,,0,100,54,607,11.24,3,0,0,3,,,79,132.7,135.7,105.7,,61,
155,Devin Funchess,0,CAR,WR,24,14,12,0,0,0,0,0,0,0,,0,79,44,549,12.48,4,0,0,4,,,79,122.9,125.9,100.9,,60,
156,Rashard Higgins,0,CLE,WR,24,13,1,0,0,0,0,0,0,0,,0,53,39,572,14.67,4,2,1,4,,,79,118.2,122.2,98.7,,59,
157,LeGarrette Blount,37,DET,RB,32,16,8,0,0,0,0,0,154,418,2.71,5,15,10,67,6.70,0,2,1,5,,,77,86.5,90.5,81.5,,49,
158,Alfred Blue,294,HOU,RB,27,16,2,0,0,0,0,0,150,499,3.33,2,27,20,154,7.70,0,0,0,2,,,77,97.3,103.3,87.3,,48,
159,Dante Pettis,143,SFO,WR,23,12,7,0,0,0,0,0,1,-2,-2.00,0,45,27,467,17.30,5,2,0,5,,,77,103.5,106.5,90.0,,62,
160,Jimmy Graham,0,GNB,TE,32,16,12,0,0,0,0,0,0,0,,0,89,55,636,11.56,2,0,0,2,,,76,130.6,133.6,103.1,,14,
161,Cordarrelle Patterson,113,NWE,WR,27,15,5,0,0,0,0,0,42,228,5.43,1,28,21,247,11.76,3,1,1,5,,,76,96.5,103.5,86.0,,63,
162,Damien Williams,67,KAN,RB,26,16,3,0,0,0,0,0,50,256,5.12,4,24,23,160,6.96,2,1,1,6,,,76,98.6,105.6,87.1,,50,
163,Josh Adams,262,PHI,RB,22,14,5,0,0,0,0,0,120,511,4.26,3,13,7,58,8.29,0,1,1,3,1,,75,81.9,85.9,78.4,,51,
164,C.J. Beathard,124,SFO,QB,25,6,5,102,169,1252,8,7,19,69,3.63,1,0,0,0,,0,5,3,1,,,75,75.0,88.0,82.0,,37,
165,Nick Foles,0,PHI,QB,29,5,5,141,195,1413,7,4,9,17,1.89,0,1,1,10,10.00,0,4,2,0,,,75,76.2,85.2,79.7,,36,
166,David Moore,593,SEA,WR,23,16,7,0,0,0,0,0,1,5,5.00,0,53,26,445,17.12,5,2,0,5,,,75,101.0,104.0,88.0,,65,
167,Sammy Watkins,72,KAN,WR,25,10,9,0,0,0,0,0,5,52,10.40,0,55,40,519,12.98,3,1,0,3,,,75,115.1,118.1,95.1,,64,
168,Will Fuller,219,HOU,WR,24,7,7,0,0,0,0,0,0,0,,0,45,32,503,15.72,4,0,0,4,,,74,106.3,109.3,90.3,,66,
169,Chris Herndon,209,NYJ,TE,22,16,12,0,0,0,0,0,0,0,,0,56,39,502,12.87,4,2,0,4,,,74,113.2,116.2,93.7,,15,
170,Mark Andrews,244,BAL,TE,23,16,3,0,0,0,0,0,0,0,,0,50,34,552,16.24,3,0,0,3,,,73,107.2,110.2,90.2,,16,
171,Kendrick Bourne,0,SFO,WR,23,16,8,0,0,0,0,0,0,0,,0,66,42,487,11.60,4,1,0,4,,,73,114.7,117.7,93.7,,68,
172,Tre'Quan Smith,23,NOR,WR,22,15,7,0,0,0,0,0,0,0,,0,44,28,427,15.25,5,0,0,5,,,73,100.7,103.7,86.7,,69,
173,Marquez Valdes-Scantling,242,GNB,WR,24,16,10,0,0,0,0,0,2,29,14.50,0,73,38,581,15.29,2,0,0,2,,,73,111.0,114.0,92.0,,67,
174,Robert Foster,0,BUF,WR,24,13,3,0,0,0,0,0,0,0,,0,44,27,541,20.04,3,0,0,3,,,72,99.1,102.1,85.6,,71,
175,Willie Snead,211,BAL,WR,26,16,10,0,0,0,0,0,1,13,13.00,0,95,62,651,10.50,1,0,0,1,,,72,134.4,137.4,103.4,,70,
176,Chris Hogan,171,NWE,WR,31,16,7,0,0,0,0,0,0,0,,0,55,35,532,15.20,3,0,0,3,,,71,106.2,109.2,88.7,,72,
177,Josh Reynolds,519,LAR,WR,23,16,8,0,0,0,0,0,2,8,4.00,0,53,29,402,13.86,5,0,0,5,,,71,100.0,103.0,85.5,,73,
178,Ito Smith,0,ATL,RB,23,14,0,0,0,0,0,0,90,315,3.50,4,32,27,152,5.63,0,1,0,4,,,71,97.7,103.7,84.2,,52,
179,Albert Wilson,197,MIA,WR,26,7,3,1,1,52,1,0,8,16,2.00,0,35,26,391,15.04,4,0,0,4,,,71,96.8,99.8,83.8,,74,
180,Danny Amendola,190,MIA,WR,33,15,15,1,1,28,1,0,1,-2,-2.00,0,79,59,575,9.75,1,2,0,1,,,68,127.4,130.4,97.9,,75,
181,Brock Osweiler,151,MIA,QB,28,7,5,113,178,1247,6,4,8,21,2.63,0,0,0,0,,0,1,1,0,,1,68,68.0,76.0,72.0,,38,
182,Elijah McGuire,104,NYJ,RB,24,8,3,0,0,0,0,0,92,276,3.00,3,31,19,193,10.16,1,2,2,4,,,67,85.9,93.9,76.4,,53,
183,Jordan Reed,324,WAS,TE,28,13,8,0,0,0,0,0,0,0,,0,84,54,558,10.33,2,1,1,2,,,66,119.8,123.8,92.8,,17,
184,Josh Doctson,287,WAS,WR,26,15,12,0,0,0,0,0,0,0,,0,78,44,532,12.09,2,0,0,2,,,65,109.2,112.2,87.2,,76,
185,Michael Gallup,21,DAL,WR,22,16,8,0,0,0,0,0,0,0,,0,68,33,507,15.36,2,0,0,2,1,,65,97.7,100.7,81.2,,77,
186,Chris Ivory,175,BUF,RB,30,13,1,0,0,0,0,0,115,385,3.35,1,21,13,205,15.77,0,1,0,1,,,65,78.0,84.0,71.5,,54,
187,Marquise Goodwin,160,SFO,WR,28,11,8,0,0,0,0,0,4,9,2.25,0,43,23,395,17.17,4,1,0,4,,,64,87.4,90.4,75.9,,78,
188,Marshawn Lynch,462,OAK,RB,32,6,6,0,0,0,0,0,90,376,4.18,3,20,15,84,5.60,0,0,0,3,,,64,79.0,82.0,71.5,,55,
189,Chester Rogers,147,IND,WR,24,16,10,0,0,0,0,0,1,-4,-4.00,0,72,53,485,9.15,2,1,0,2,2,,64,117.1,120.1,90.6,,79,
190,John Ross,0,CIN,WR,23,13,10,0,0,0,0,0,4,9,2.25,0,58,21,210,10.00,7,0,0,7,,,64,84.9,87.9,74.4,,80,
191,Jaylen Samuels,0,PIT,RB,22,14,3,0,0,0,0,0,56,256,4.57,0,29,26,199,7.65,3,1,0,3,,,64,89.5,95.5,76.5,,56,
192,Cameron Brate,173,TAM,TE,27,16,2,0,0,0,0,0,0,0,,0,49,30,289,9.63,6,1,1,6,,,63,92.9,96.9,77.9,,18,
193,C.J. Anderson,271,2TM,RB,27,11,3,0,0,0,0,0,67,403,6.01,2,9,5,41,8.20,1,0,0,3,,,62,67.4,70.4,64.9,,57,
194,Seth Roberts,146,OAK,WR,27,15,7,0,0,0,0,0,3,5,1.67,0,64,45,494,10.98,2,0,0,2,,,62,106.9,109.9,84.4,,81,
195,C.J. Uzomah,359,CIN,TE,25,16,15,0,0,0,0,0,0,0,,0,64,43,439,10.21,3,0,0,3,,,62,104.9,107.9,83.4,,19,
196,Giovani Bernard,191,CIN,RB,27,12,4,0,0,0,0,0,56,211,3.77,3,48,35,218,6.23,0,0,0,3,,,61,95.9,101.9,78.4,,59,
197,Rashaad Penny,238,SEA,RB,22,14,0,0,0,0,0,0,85,419,4.93,2,12,9,75,8.33,0,0,0,2,,,61,70.4,73.4,65.9,,58,
198,Alfred Morris,20,SFO,RB,30,12,1,0,0,0,0,0,111,428,3.86,2,13,8,73,9.13,0,2,1,2,,,60,68.1,72.1,64.1,,60,
199,Javorius Allen,263,BAL,RB,27,14,0,0,0,0,0,0,41,110,2.68,3,43,35,196,5.60,2,1,1,5,,,59,93.6,100.6,76.1,,63,
200,Corey Clement,121,PHI,RB,24,11,0,0,0,0,0,0,68,259,3.81,2,25,22,192,8.73,0,4,0,2,1,,59,81.1,87.1,70.1,,61,
201,Chris Conley,192,KAN,WR,26,16,13,0,0,0,0,0,0,0,,0,52,32,334,10.44,5,2,2,5,,,59,91.4,96.4,75.4,,82,
202,Spencer Ware,213,KAN,RB,27,13,2,0,0,0,0,0,51,246,4.82,2,23,20,224,11.20,0,0,0,2,,,59,79.0,85.0,69.0,,62,
203,Dallas Goedert,223,PHI,TE,23,16,8,0,0,0,0,0,0,0,,0,44,33,334,10.12,4,0,0,4,,,57,90.4,93.4,73.9,,20,
204,Theo Riddick,0,DET,RB,27,14,3,0,0,0,0,0,40,171,4.28,0,74,61,384,6.30,0,0,0,0,,,56,116.5,122.5,86.0,,64,
205,Jarius Wright,326,CAR,WR,29,16,6,0,0,0,0,0,2,39,19.50,0,59,43,447,10.40,1,3,1,1,1,,55,97.6,101.6,76.1,,83,
206,Jamison Crowder,0,WAS,WR,25,9,7,0,0,0,0,0,4,30,7.50,0,49,29,388,13.38,2,0,0,2,,,54,82.8,85.8,68.3,,84,
207,Gerald Everett,78,LAR,TE,24,16,0,0,0,0,0,0,2,16,8.00,0,50,33,320,9.70,3,0,0,3,1,,54,86.6,89.6,70.1,,22,
208,Jesse James,348,PIT,TE,24,16,7,0,0,0,0,0,0,0,,0,39,30,423,14.10,2,0,0,2,,,54,84.3,87.3,69.3,,21,
209,Greg Olsen,207,CAR,TE,33,9,9,0,0,0,0,0,0,0,,0,38,27,291,10.78,4,0,0,4,,,53,80.1,83.1,66.6,,23,
210,Aldrick Robinson,437,MIN,WR,30,14,0,0,0,0,0,0,0,0,,0,35,17,231,13.59,5,0,0,5,,,53,70.1,73.1,61.6,,85,
211,Demarcus Robinson,172,KAN,WR,24,16,5,0,0,0,0,0,0,0,,0,33,22,288,13.09,4,0,0,4,,,53,74.8,77.8,63.8,,86,
212,Ben Watson,383,NOR,TE,38,16,4,0,0,0,0,0,0,0,,0,46,35,400,11.43,2,0,0,2,,,52,87.0,90.0,69.5,,24,
213,Keelan Cole,247,JAX,WR,25,16,11,0,0,0,0,0,0,0,,0,70,38,491,12.92,1,2,2,1,,,51,89.1,94.1,70.1,,88,
214,Vernon Davis,0,WAS,TE,34,14,8,0,0,0,0,0,0,0,,0,36,25,367,14.68,2,0,0,2,1,,51,75.7,78.7,63.2,,25,
215,Jakeem Grant,217,MIA,WR,26,10,2,0,0,0,0,0,1,5,5.00,0,34,21,268,12.76,2,0,0,4,,,51,72.3,75.3,61.8,,87,
216,Taywan Taylor,302,TEN,WR,23,13,5,0,0,0,0,0,0,0,,0,56,37,466,12.59,1,1,1,1,,,51,87.6,91.6,69.1,,89,
217,Chris Thompson,0,WAS,RB,28,10,0,0,0,0,0,0,43,178,4.14,0,55,41,268,6.54,1,1,0,1,,,51,91.6,97.6,71.1,,65,
218,Devontae Booker,426,DEN,RB,26,16,0,0,0,0,0,0,34,183,5.38,1,51,38,275,7.24,0,1,1,1,,,50,87.8,94.8,68.8,,67,
219,Phillip Dorsett,0,NWE,WR,25,16,2,0,0,0,0,0,4,29,7.25,0,42,32,290,9.06,3,0,0,3,,,50,81.9,84.9,65.9,,90,
220,Josh Johnson,68,WAS,QB,32,4,3,52,91,590,3,4,23,120,5.22,1,0,0,0,,0,2,0,1,,2,50,49.6,59.6,53.6,,39,
221,Zach Zenner,106,DET,RB,27,8,1,0,0,0,0,0,55,265,4.82,3,10,7,56,8.00,0,0,0,3,,,50,57.1,60.1,53.6,,66,
222,Quincy Enunwa,522,NYJ,WR,26,11,10,0,0,0,0,0,1,0,0.00,0,68,38,449,11.82,1,2,1,1,,,49,86.9,90.9,67.9,,91,
223,Blake Jarwin,0,DAL,TE,24,16,4,0,0,0,0,0,0,0,,0,36,27,307,11.37,3,0,0,3,,,49,75.7,78.7,62.2,,26,
224,Bilal Powell,127,NYJ,RB,30,7,7,0,0,0,0,0,80,343,4.29,0,18,11,110,10.00,1,2,1,1,,,49,60.3,67.3,54.8,,68,
225,Randall Cobb,0,GNB,WR,28,9,6,0,0,0,0,0,0,0,,0,61,38,383,10.08,2,2,1,2,,,48,86.3,90.3,67.3,,93,
226,Kenneth Dixon,433,BAL,RB,24,6,0,0,0,0,0,0,60,333,5.55,2,7,6,51,8.50,0,2,1,2,,,48,54.4,58.4,51.4,,69,
227,Jimmy Garoppolo,123,SFO,QB,27,3,3,53,89,718,5,3,8,33,4.13,0,0,0,0,,0,4,0,0,,1,48,48.0,54.0,51.0,,40,
228,Dontrelle Inman,330,IND,WR,29,9,4,0,0,0,0,0,0,0,,0,39,28,304,10.86,3,0,0,3,,,48,76.4,79.4,62.4,,92,
229,Jaron Brown,0,SEA,WR,28,16,2,0,0,0,0,0,0,0,,0,19,14,166,11.86,5,0,0,5,,,47,60.6,63.6,53.6,,94,
230,Antonio Gates,138,LAC,TE,38,16,1,0,0,0,0,0,0,0,,0,45,28,333,11.89,2,1,1,2,2,,47,75.3,79.3,61.3,,27,
231,Kapri Bibbs,243,2TM,RB,25,12,0,0,0,0,0,0,21,103,4.90,3,23,16,115,7.19,1,1,0,4,,,46,61.8,67.8,53.8,,72,
232,Justin Jackson,149,LAC,RB,22,13,1,0,0,0,0,0,50,206,4.12,2,19,15,135,9.00,0,0,0,2,,,46,61.1,67.1,53.6,,70,
233,Ty Montgomery,179,2TM,WR,25,13,0,0,0,0,0,0,41,188,4.59,1,40,25,235,9.40,0,2,1,1,,,46,71.3,78.3,58.8,,95,
234,Breshad Perriman,0,CLE,WR,25,10,2,0,0,0,0,0,4,2,0.50,0,25,16,340,21.25,2,0,0,2,,,46,62.2,65.2,54.2,,96,
235,Darren Sproles,253,PHI,RB,35,6,2,0,0,0,0,0,29,120,4.14,1,23,15,160,10.67,2,0,0,3,,,46,61.0,67.0,53.5,,71,
236,Jordan Thomas,0,HOU,TE,22,16,10,0,0,0,0,0,0,0,,0,27,20,215,10.75,4,0,0,4,,,46,65.5,68.5,55.5,,28,
237,Jacquizz Rodgers,333,TAM,RB,28,16,0,0,0,0,0,0,33,106,3.21,1,45,38,304,8.00,0,1,1,1,,,45,83.0,90.0,64.0,,73,
238,Tajae Sharpe,284,TEN,WR,24,16,13,0,0,0,0,0,1,16,16.00,0,47,26,316,12.15,2,0,0,2,,,45,71.2,74.2,58.2,,97,
239,Ian Thomas,166,CAR,TE,22,16,6,0,0,0,0,0,0,0,,0,49,36,333,9.25,2,0,0,2,,,45,81.3,84.3,63.3,,29,
240,Nick Vannett,0,SEA,TE,25,15,9,0,0,0,0,0,0,0,,0,43,29,269,9.28,3,1,0,3,,,45,73.9,76.9,59.4,,30,
241,Kelvin Benjamin,313,2TM,WR,27,15,10,0,0,0,0,0,0,0,,0,67,25,380,15.20,1,0,0,1,,,44,69.0,72.0,56.5,,98,
242,Jonnu Smith,0,TEN,TE,23,13,12,0,0,0,0,0,0,0,,0,30,20,258,12.90,3,1,0,3,,,44,63.8,66.8,53.8,,31,
243,Jordan Wilkins,320,IND,RB,24,16,3,0,0,0,0,0,60,336,5.60,1,17,16,85,5.31,0,2,2,1,,,44,60.1,65.1,52.1,,74,
244,Chase Edmonds,0,ARI,RB,22,16,0,0,0,0,0,0,60,208,3.47,2,23,20,103,5.15,0,1,0,2,,,43,63.1,69.1,53.1,,75,
245,Jermaine Kearse,0,NYJ,WR,28,14,9,0,0,0,0,0,0,0,,0,76,37,371,10.03,1,0,0,1,,,43,80.1,83.1,61.6,,99,
246,Geronimo Allison,246,GNB,WR,24,5,4,0,0,0,0,0,0,0,,0,30,20,303,15.15,2,1,0,2,,,42,62.3,65.3,52.3,,100,
247,Allen Hurns,319,DAL,WR,27,16,7,0,0,0,0,0,0,0,,0,35,20,295,14.75,2,1,0,2,,,42,61.5,64.5,51.5,,102,
248,Jordan Matthews,118,PHI,WR,26,14,3,0,0,0,0,0,0,0,,0,28,20,300,15.00,2,0,0,2,,,42,62.0,65.0,52.0,,101,
249,Tyler Higbee,177,LAR,TE,25,16,16,0,0,0,0,0,0,0,,0,34,24,292,12.17,2,1,0,2,,,41,65.2,68.2,53.2,,32,
250,Tyrod Taylor,504,CLE,QB,29,4,3,42,85,473,2,2,16,125,7.81,1,0,0,0,,0,3,0,1,,,41,41.4,49.4,43.4,,41,
251,Jeff Heuerman,353,DEN,TE,26,11,10,0,0,0,0,0,0,0,,0,48,31,281,9.06,2,0,0,2,,,40,71.1,74.1,55.6,,34,
252,Zach Pascal,583,IND,WR,24,16,4,0,0,0,0,0,2,10,5.00,0,46,27,268,9.93,2,0,0,2,,,40,66.8,69.8,53.3,,103,
253,Ricky Seals-Jones,194,ARI,TE,23,15,5,0,0,0,0,0,0,0,,0,69,34,343,10.09,1,0,0,1,,,40,74.3,77.3,57.3,,33,
254,Ryan Grant,297,IND,WR,28,14,10,0,0,0,0,0,0,0,,0,52,35,334,9.54,1,0,0,1,,,39,74.4,77.4,56.9,,104,
255,Cody Kessler,196,JAX,QB,25,5,4,85,131,709,2,2,19,123,6.47,0,0,0,0,,0,5,3,0,,,39,38.7,49.7,40.7,,42,
256,Paul Richardson,0,WAS,WR,26,7,4,0,0,0,0,0,2,9,4.50,0,35,20,262,13.10,2,0,0,2,,,39,59.1,62.1,49.1,,105,
257,Jay Ajayi,165,PHI,RB,25,4,3,0,0,0,0,0,45,184,4.09,3,6,5,20,4.00,0,1,1,3,1,,38,43.4,47.4,40.9,,76,
258,Kyle Juszczyk,0,SFO,FB,27,16,14,0,0,0,0,0,8,30,3.75,0,41,30,324,10.80,1,2,2,1,,,37,67.4,72.4,52.4,,77,
259,DeVante Parker,286,MIA,WR,25,11,7,0,0,0,0,0,0,0,,0,47,24,309,12.88,1,0,0,1,,,37,60.9,63.9,48.9,,107,
260,Tim Patrick,0,DEN,WR,25,16,4,0,0,0,0,0,3,17,5.67,0,41,23,315,13.70,1,2,1,1,,,37,60.2,64.2,48.7,,106,
261,Terrelle Pryor,256,2TM,QB,29,8,1,0,0,0,0,0,1,-1,-1.00,0,30,16,252,15.75,2,0,0,2,,,37,53.1,56.1,45.1,,43,
262,Rex Burkhead,264,NWE,RB,28,8,4,0,0,0,0,0,57,186,3.26,0,20,14,131,9.36,1,2,1,1,,,36,49.7,56.7,42.7,,78,
263,Ted Ginn Jr.,0,NOR,WR,33,5,3,0,0,0,0,0,3,26,8.67,0,30,17,209,12.29,2,1,1,2,1,,36,52.5,56.5,44.0,,110,
264,DaeSean Hamilton,270,DEN,WR,23,14,5,0,0,0,0,0,0,0,,0,45,30,243,8.10,2,0,0,2,,,36,66.3,69.3,51.3,,108,
265,Laquon Treadwell,0,MIN,WR,23,15,7,0,0,0,0,0,0,0,,0,53,35,302,8.63,1,0,0,1,,,36,71.2,74.2,53.7,,109,
266,Keke Coutee,195,HOU,WR,21,6,2,0,0,0,0,0,3,0,0.00,0,41,28,287,10.25,1,0,0,1,,,35,62.7,65.7,48.7,,111,
267,Jack Doyle,273,IND,TE,28,6,6,0,0,0,0,0,0,0,,0,33,26,245,9.42,2,1,1,2,,,35,60.5,64.5,47.5,,36,
268,Rhett Ellison,607,NYG,TE,30,14,12,0,0,0,0,0,0,0,,0,34,25,272,10.88,1,0,0,1,1,,35,60.2,63.2,47.7,,35,
269,Pierre Garcon,281,SFO,WR,32,8,8,0,0,0,0,0,0,0,,0,46,24,286,11.92,1,0,0,1,,,35,58.6,61.6,46.6,,112,
270,Isaiah McKenzie,444,2TM,WR,23,8,1,0,0,0,0,0,10,66,6.60,2,30,18,179,9.94,0,2,1,2,,,35,52.5,56.5,43.5,,113,
271,Malcolm Brown,0,LAR,RB,25,12,0,0,0,0,0,0,43,212,4.93,0,7,5,52,10.40,1,0,0,1,1,,34,39.4,42.4,36.9,,79,
272,Jason Croom,335,BUF,TE,24,15,3,0,0,0,0,0,0,0,,0,35,22,259,11.77,1,2,2,2,,,34,55.9,60.9,44.9,,38,
273,Demetrius Harris,591,KAN,TE,27,15,3,0,0,0,0,0,0,0,,0,25,12,164,13.67,3,0,0,3,,,34,46.4,49.4,40.4,,37,
274,Ed Dickson,229,SEA,TE,31,10,1,0,0,0,0,0,1,9,9.00,0,13,12,143,11.92,3,0,0,3,,,33,45.2,48.2,39.2,,39,
275,Blaine Gabbert,366,TEN,QB,29,8,3,61,101,626,4,4,6,0,0.00,0,0,0,0,,0,0,0,0,,,33,33.0,40.0,37.0,,44,
276,Keith Kirkwood,0,NOR,WR,24,8,1,0,0,0,0,0,0,0,,0,21,13,209,16.08,2,0,0,2,,,33,45.9,48.9,39.4,,117,
277,Raheem Mostert,542,SFO,RB,26,9,0,0,0,0,0,0,34,261,7.68,1,7,6,25,4.17,0,1,1,1,,,33,38.6,42.6,35.6,,80,
278,Torrey Smith,266,CAR,WR,29,11,6,0,0,0,0,0,0,0,,0,31,17,190,11.18,2,0,0,2,1,,33,50.0,53.0,41.5,,116,
279,Equanimeous St. Brown,0,GNB,WR,22,12,7,0,0,0,0,0,1,5,5.00,0,36,21,328,15.62,0,0,0,0,,,33,54.3,57.3,43.8,,115,
280,Ryan Switzer,496,PIT,WR,24,16,1,0,0,0,0,0,6,21,3.50,0,44,36,253,7.03,1,2,0,1,,,33,69.4,72.4,51.4,,114,
281,Tavon Austin,351,DAL,WR,28,7,0,0,0,0,0,0,6,55,9.17,0,13,8,140,17.50,2,0,0,2,,,32,39.5,42.5,35.5,,118,
282,Trenton Cannon,0,NYJ,RB,24,16,0,0,0,0,0,0,38,113,2.97,1,25,17,144,8.47,0,0,0,1,,,32,48.7,54.7,40.2,,82,
283,Levine Toilolo,189,DET,TE,27,16,10,0,0,0,0,0,0,0,,0,24,21,263,12.52,1,0,0,1,,,32,53.3,56.3,42.8,,40,
284,Jeff Wilson,397,SFO,RB,23,6,2,0,0,0,0,0,66,266,4.03,0,15,12,98,8.17,0,3,2,0,,,32,44.4,49.4,38.4,,81,
285,James Develin,205,NWE,TE,30,16,8,0,0,0,0,0,6,8,1.33,4,17,12,61,5.08,0,0,0,4,,,31,42.9,42.9,36.9,,42,
286,Wayne Gallman,109,NYG,RB,24,15,1,0,0,0,0,0,51,176,3.45,1,22,14,89,6.36,0,2,1,1,,,31,44.5,48.5,37.5,,83,
287,Ryan Griffin,354,HOU,TE,28,14,11,0,0,0,0,0,0,0,,0,43,24,305,12.71,0,0,0,0,,,31,54.5,57.5,42.5,,44,
288,Maurice Harris,0,WAS,WR,26,12,7,0,0,0,0,0,2,10,5.00,0,47,28,304,10.86,0,1,0,0,,,31,59.4,62.4,45.4,,119,
289,Taysom Hill,531,NOR,TE,28,16,4,3,7,64,0,1,37,196,5.30,2,7,3,4,1.33,0,1,1,2,,,31,33.6,38.6,33.1,,43,
290,T.J. Jones,215,DET,WR,26,15,3,0,0,0,0,0,0,0,,0,26,19,190,10.00,2,0,0,2,,,31,50.0,53.0,40.5,,120,
291,Matt LaCosse,0,DEN,TE,26,15,5,0,0,0,0,0,0,0,,0,37,24,250,10.42,1,0,0,1,,,31,55.0,58.0,43.0,,41,
292,Russell Shepard,337,NYG,WR,28,12,0,0,0,0,0,0,0,0,,0,19,10,188,18.80,2,0,0,2,,,31,40.8,43.8,35.8,,121,
293,Chase Daniel,415,CHI,QB,32,5,2,53,76,515,3,2,13,3,0.23,0,1,1,8,8.00,0,4,0,0,,,30,30.7,35.7,32.2,,45,
294,Darren Fells,293,CLE,TE,32,16,11,0,0,0,0,0,0,0,,0,12,11,117,10.64,3,0,0,3,,,30,40.7,43.7,35.2,,46,
295,Geoff Swaim,300,DAL,TE,25,9,9,0,0,0,0,0,0,0,,0,32,26,242,9.31,1,0,0,1,,,30,56.2,59.2,43.2,,45,
296,Trent Taylor,555,SFO,WR,24,14,0,0,0,0,0,0,0,0,,0,41,26,215,8.27,1,1,0,1,1,,30,55.5,58.5,42.5,,122,
297,Kalen Ballage,187,MIA,RB,23,12,0,0,0,0,0,0,36,191,5.31,1,11,9,56,6.22,0,1,1,1,,,29,37.7,41.7,33.2,,84,
298,Travis Benjamin,406,LAC,WR,29,12,3,0,0,0,0,0,7,41,5.86,0,24,12,186,15.50,1,0,0,1,,,29,40.7,43.7,34.7,,123,
299,Bruce Ellington,0,2TM,WR,27,7,3,0,1,0,0,0,1,2,2.00,0,42,31,224,7.23,1,1,0,1,,,29,59.6,62.6,44.1,,124,
300,Anthony Firkser,224,TEN,FB,23,12,0,0,0,0,0,0,0,0,,0,20,19,225,11.84,1,0,0,1,,,29,47.5,50.5,38.0,,85,
301,Luke Stocker,374,TEN,TE,30,16,11,0,0,0,0,0,1,0,0.00,0,21,15,165,11.00,2,0,0,2,,,29,43.5,46.5,36.0,,47,
302,Will Dissly,375,SEA,TE,22,4,4,0,0,0,0,0,0,0,,0,14,8,156,19.50,2,0,0,2,,,28,35.6,38.6,31.6,,49,
303,Marcus Murphy,338,BUF,RB,27,11,1,0,0,0,0,0,52,250,4.81,0,19,11,26,2.36,0,1,0,0,,,28,38.6,41.6,33.1,,86,
304,Michael Roberts,331,DET,TE,24,8,2,0,0,0,0,0,0,0,,0,20,9,100,11.11,3,0,0,3,,,28,37.0,40.0,32.5,,48,
305,James Washington,0,PIT,WR,22,14,6,0,0,0,0,0,0,0,,0,38,16,217,13.56,1,0,0,1,,,28,43.7,46.7,35.7,,125,
306,Kyle Allen,0,CAR,QB,22,2,1,20,31,266,2,0,5,19,3.80,1,0,0,0,,0,0,0,1,,,27,26.5,26.5,26.5,,47,
307,Martavis Bryant,0,OAK,WR,27,8,2,0,0,0,0,0,3,23,7.67,0,27,19,266,14.00,0,1,1,0,,,27,45.9,49.9,36.4,,128,
308,Virgil Green,178,LAC,TE,30,16,16,0,0,0,0,0,0,0,,0,27,19,210,11.05,1,0,0,1,,,27,46.0,49.0,36.5,,50,
309,Colt McCoy,473,WAS,QB,32,3,2,34,54,372,3,3,10,63,6.30,0,0,0,0,,0,1,0,0,,,27,27.2,33.2,30.2,,46,
310,Chris Moore,501,BAL,WR,25,16,0,0,0,0,0,0,5,17,3.40,0,25,19,196,10.32,1,0,0,1,,,27,46.3,49.3,36.8,,126,
311,Trent Sherfield,0,ARI,WR,22,13,2,0,0,0,0,0,0,0,,0,28,19,210,11.05,1,0,0,1,,,27,46.0,49.0,36.5,,127,
312,Erik Swoope,159,IND,TE,26,7,2,0,0,0,0,0,0,0,,0,10,8,87,10.88,3,0,0,3,,,27,34.7,34.7,30.7,,51,
313,Brandon Bolden,265,MIA,RB,28,16,0,0,0,0,0,0,8,91,11.38,2,3,3,13,4.33,1,1,1,3,,,26,29.4,30.4,27.9,,87,
314,Bennie Fowler,0,NYG,WR,27,10,5,0,0,0,0,0,0,0,,0,27,16,199,12.44,1,1,0,1,,,26,41.9,44.9,33.9,,129,
315,Brandon LaFell,0,OAK,WR,32,6,5,0,0,0,0,0,0,0,,0,16,12,135,11.25,2,0,0,2,,,26,37.5,40.5,31.5,,131,
316,Andre Roberts,0,NYJ,WR,30,16,1,0,0,0,0,0,2,20,10.00,0,17,10,79,7.90,1,3,1,3,,,26,35.9,36.9,30.9,,130,
317,Mo Alie-Cox,268,IND,TE,25,9,1,0,0,0,0,0,0,0,,0,13,7,133,19.00,2,0,0,2,,,25,32.3,35.3,28.8,,52,
318,Justin Hardy,314,ATL,WR,27,16,0,0,0,0,0,0,0,0,,0,22,14,133,9.50,2,1,0,2,,,25,39.3,42.3,32.3,,132,
319,Josh Hill,0,NOR,TE,28,16,11,0,0,0,0,0,0,0,,0,24,16,185,11.56,1,0,0,1,,,25,40.5,43.5,32.5,,54,
320,Cody Latimer,0,NYG,WR,26,6,2,0,0,0,0,0,0,0,,0,16,11,190,17.27,1,0,0,1,,,25,36.0,39.0,30.5,,133,
321,Lee Smith,414,OAK,TE,31,16,4,0,0,0,0,0,0,0,,0,11,10,73,7.30,3,0,0,3,,,25,35.3,35.3,30.3,,53,
322,Rod Smith,0,DAL,RB,26,16,1,0,0,0,0,0,44,127,2.89,1,12,9,60,6.67,0,0,0,1,,,25,33.7,36.7,29.2,,88,
323,Cody Core,232,CIN,WR,24,14,3,0,0,0,0,0,0,0,,0,28,13,160,12.31,1,0,0,1,1,,24,37.0,40.0,30.5,,134,
324,Tyler Eifert,111,CIN,TE,28,4,2,0,0,0,0,0,0,0,,0,19,15,179,11.93,1,0,0,1,,,24,38.9,41.9,31.4,,55,
325,Chad Williams,454,ARI,WR,24,10,7,0,0,0,0,0,1,9,9.00,0,46,17,171,10.06,1,0,0,1,,,24,41.0,44.0,32.5,,135,
326,Jordan Akins,260,HOU,TE,26,16,6,0,0,0,0,0,0,0,,0,25,17,225,13.24,0,0,0,0,,,23,39.5,42.5,31.0,,57,
327,Richie James,509,SFO,WR,23,13,2,0,0,0,0,0,0,0,,0,14,9,130,14.44,1,2,1,2,,,23,32.0,36.0,27.5,,136,
328,Lance Kendricks,0,GNB,TE,30,16,3,0,0,0,0,0,0,0,,0,25,19,170,8.95,1,0,0,1,,,23,42.0,45.0,32.5,,56,
329,Austin Carr,0,NOR,WR,25,14,2,0,0,0,0,0,0,0,,0,14,9,97,10.78,2,0,0,2,,,22,30.7,30.7,26.2,,137,
330,Hayden Hurst,611,BAL,TE,25,12,0,0,0,0,0,0,1,0,0.00,0,23,13,163,12.54,1,0,0,1,,,22,35.3,38.3,28.8,,58,
331,Dan Arnold,0,NOR,WR,23,10,1,0,0,0,0,0,0,0,,0,19,12,150,12.50,1,1,0,1,,,21,33.0,36.0,27.0,,139,
332,Marcell Ateman,0,OAK,WR,24,7,6,0,0,0,0,0,0,0,,0,31,15,154,10.27,1,0,0,1,,,21,36.4,39.4,28.9,,138,
333,Nick Boyle,378,BAL,TE,25,16,13,0,0,0,0,0,0,0,,0,37,23,213,9.26,0,0,0,0,,,21,44.3,47.3,32.8,,60,
334,Garrett Celek,546,SFO,TE,30,15,1,0,0,0,0,0,0,0,,0,8,5,90,18.00,2,0,0,2,,,21,26.0,26.0,23.5,,62,
335,Marvin Hall,318,ATL,WR,25,16,0,0,0,0,0,0,2,0,0.00,0,19,10,149,14.90,1,0,0,1,,,21,30.9,33.9,25.9,,140,
336,Josh McCown,327,NYJ,QB,39,4,3,60,110,539,1,4,5,32,6.40,0,0,0,0,,0,0,0,0,,,21,20.8,27.8,24.8,,48,
337,James O'Shaughnessy,239,JAX,TE,26,14,9,0,0,0,0,0,0,0,,0,38,24,214,8.92,0,0,0,0,,,21,45.4,48.4,33.4,,59,
338,Maxx Williams,291,BAL,TE,24,13,6,0,0,0,0,0,3,8,2.67,0,17,16,143,8.94,1,0,0,1,,,21,37.1,40.1,29.1,,61,
339,Josh Bellamy,233,CHI,WR,29,16,2,0,0,0,0,0,0,0,,0,25,14,117,8.36,1,0,0,1,1,,20,33.7,36.7,26.7,,142,
340,DeAndre Carter,490,2TM,WR,25,14,4,0,0,0,0,0,1,7,7.00,0,25,22,216,9.82,0,5,1,0,,,20,42.3,46.3,31.3,,141,
341,Brandon Marshall,214,SEA,WR,34,7,2,0,0,0,0,0,0,0,,0,23,11,136,12.36,1,0,0,1,,,20,30.6,33.6,25.1,,143,
342,Michael Floyd,0,WAS,WR,29,13,3,0,0,0,0,0,0,0,,0,24,10,100,10.00,1,0,0,1,1,,18,28.0,31.0,23.0,,144,
343,Mike Gesicki,228,MIA,TE,23,16,7,0,0,0,0,0,0,0,,0,32,22,202,9.18,0,1,1,0,,,18,40.2,44.2,29.2,,63,
344,Andy Janovich,107,DEN,FB,25,16,7,0,0,0,0,0,2,5,2.50,0,10,8,112,14.00,1,0,0,1,,,18,25.7,28.7,21.7,,89,
345,Zach Line,251,NOR,RB,28,16,6,0,0,0,0,0,9,41,4.56,0,10,5,14,2.80,2,0,0,2,,,18,22.5,22.5,20.0,,90,
346,Matt Barkley,0,BUF,QB,28,1,1,15,25,232,2,0,3,-2,-0.67,0,0,0,0,,0,0,0,0,,,17,17.1,17.1,17.1,,49,
347,Leonte Carroo,0,MIA,WR,24,9,0,0,0,0,0,0,1,14,14.00,0,4,2,94,47.00,1,0,0,1,,,17,18.8,18.8,17.8,,147,
348,Alex Erickson,577,CIN,WR,26,16,6,0,0,0,0,0,3,22,7.33,0,29,20,167,8.35,0,1,1,0,,,17,36.9,40.9,26.9,,146,
349,Darius Jennings,74,TEN,WR,26,16,0,1,1,21,0,0,1,2,2.00,0,15,11,101,9.18,0,0,0,1,,,17,28.1,31.1,22.6,,145,
350,Jordan Leggett,362,NYJ,TE,23,15,4,0,0,0,0,0,0,0,,0,24,14,114,8.14,1,0,0,1,,,17,31.4,34.4,24.4,,64,
351,Charles Clay,0,BUF,TE,29,13,12,0,0,0,0,0,0,0,,0,36,21,184,8.76,0,1,1,0,,,16,37.4,41.4,26.9,,65,
352,Andre Holmes,240,2TM,WR,30,15,3,0,0,0,0,0,0,0,,0,24,13,162,12.46,0,0,0,0,,,16,29.2,32.2,22.7,,149,
353,Marcus Johnson,212,IND,WR,24,5,0,0,0,0,0,0,1,-2,-2.00,0,8,6,102,17.00,1,0,0,1,,,16,22.0,25.0,19.0,,151,
354,Jake Kumerow,101,GNB,WR,26,5,2,0,0,0,0,0,0,0,,0,11,8,103,12.88,1,0,0,1,,,16,24.3,27.3,20.3,,148,
355,MyCole Pruitt,0,TEN,TE,26,15,1,0,0,0,0,0,0,0,,0,11,9,102,11.33,1,0,0,1,,,16,25.2,28.2,20.7,,66,
356,Anthony Sherman,511,KAN,RB,30,16,1,0,0,0,0,0,1,2,2.00,0,9,8,96,12.00,1,0,0,1,,,16,23.8,23.8,19.8,,91,
357,Deonte Thompson,0,2TM,WR,29,13,6,0,0,0,0,0,0,0,,0,30,17,161,9.47,0,0,0,0,,,16,33.1,36.1,24.6,,150,
358,DJ Chark,376,JAX,WR,22,11,0,0,0,0,0,0,0,0,,0,32,14,174,12.43,0,1,1,0,,,15,29.4,33.4,22.4,,152,
359,Brian Hill,424,ATL,RB,23,10,0,0,0,0,0,0,20,157,7.85,0,2,1,9,9.00,0,1,1,0,,,15,15.6,19.6,15.1,,94,
360,Cameron Meredith,355,NOR,WR,26,6,1,0,0,0,0,0,0,0,,0,10,9,114,12.67,1,1,1,1,,,15,24.4,28.4,19.9,,153,
361,Taquan Mizzell,139,CHI,RB,25,9,1,0,0,0,0,0,9,16,1.78,0,10,8,78,9.75,1,0,0,1,,,15,23.4,23.4,19.4,,92,
362,Nick O'Leary,340,MIA,TE,26,12,7,0,0,0,0,0,0,0,,0,10,8,86,10.75,1,0,0,1,,,15,22.6,22.6,18.6,,69,
363,Logan Paulsen,379,ATL,TE,31,15,10,0,0,0,0,0,0,0,,0,9,9,91,10.11,1,0,0,1,,,15,24.1,24.1,19.6,,67,
364,Austin Seferian-Jenkins,552,JAX,TE,26,5,5,0,0,0,0,0,0,0,,0,19,11,90,8.18,1,0,0,1,,,15,26.0,26.0,20.5,,68,
365,Scott Simonson,308,NYG,TE,26,16,4,0,0,0,0,0,0,0,,0,14,9,86,9.56,1,0,0,1,,,15,23.6,23.6,19.1,,70,
366,Vyncint Smith,0,HOU,WR,22,7,1,0,0,0,0,0,0,0,,0,10,5,91,18.20,1,0,0,1,,,15,20.1,20.1,17.6,,154,
367,Dwayne Washington,208,NOR,RB,24,13,0,0,0,0,0,0,27,154,5.70,0,0,0,0,,0,0,0,0,,,15,15.4,18.4,15.4,,93,
368,Alex Armah,536,CAR,FB,24,16,2,0,0,0,0,0,9,15,1.67,2,1,1,5,5.00,0,0,0,2,,,14,15.0,15.0,14.5,,96,
369,Cameron Artis-Payne,0,CAR,RB,28,9,0,0,0,0,0,0,19,69,3.63,1,4,3,15,5.00,0,0,0,1,,,14,17.4,17.4,15.9,,95,
370,Deontay Burnett,0,NYJ,WR,21,5,1,0,0,0,0,0,0,0,,0,15,10,143,14.30,0,0,0,0,,,14,24.3,27.3,19.3,,156,
371,Taylor Heinicke,0,CAR,QB,25,6,1,35,57,320,1,3,5,31,6.20,0,0,0,0,,0,1,0,0,,,14,13.9,19.9,16.9,,50,
372,Andy Jones,453,DET,WR,24,8,3,0,0,0,0,0,0,0,,0,24,11,80,7.27,1,0,0,1,,,14,25.0,25.0,19.5,,157,
373,Ronald Jones II,27,TAM,RB,21,9,0,0,0,0,0,0,23,44,1.91,1,9,7,33,4.71,0,0,0,1,,,14,20.7,20.7,17.2,,97,
374,Trey Quinn,0,WAS,WR,23,3,2,0,0,0,0,0,1,0,0.00,0,10,9,75,8.33,1,0,0,1,,,14,22.5,22.5,18.0,,158,
375,Damion Ratley,448,CLE,WR,23,13,3,0,0,0,0,0,0,0,,0,20,13,144,11.08,0,0,0,0,,,14,27.4,30.4,20.9,,155,
376,Robert Tonyan,9,GNB,TE,24,16,1,0,0,0,0,0,0,0,,0,6,4,77,19.25,1,0,0,1,,,14,17.7,17.7,15.7,,71,
377,Sam Bradford,0,ARI,QB,31,3,3,50,80,400,2,4,2,7,3.50,0,0,0,0,,0,3,2,0,,,13,12.7,21.7,16.7,,52,
378,Derek Carrier,156,OAK,TE,28,16,2,0,0,0,0,0,0,0,,0,12,7,67,9.57,1,0,0,1,,,13,19.7,19.7,16.2,,73,
379,Seth Devalve,0,CLE,TE,25,13,4,0,0,0,0,0,0,0,,0,7,5,74,14.80,1,0,0,1,,,13,18.4,18.4,15.9,,72,
380,Nathan Peterman,199,BUF,QB,24,4,2,44,81,296,1,7,10,50,5.00,1,0,0,0,,0,0,0,1,,,13,12.8,19.8,19.8,,51,
381,Brandon Powell,0,DET,WR,23,6,1,0,0,0,0,0,1,4,4.00,0,17,11,129,11.73,0,0,0,0,,,13,24.3,27.3,18.8,,159,
382,Adam Shaheen,0,CHI,FB,24,6,4,0,0,0,0,0,0,0,,0,6,5,48,9.60,1,0,0,1,1,,13,17.8,17.8,15.3,,99,
383,Darrel Williams,235,KAN,RB,23,6,0,0,0,0,0,0,13,44,3.38,0,3,3,27,9.00,1,0,0,1,,,13,16.1,16.1,14.6,,98,
384,Brice Butler,0,2TM,WR,28,8,1,0,0,0,0,0,0,0,,0,10,6,60,10.00,1,0,0,1,,,12,18.0,18.0,15.0,,160,
385,Stevan Ridley,500,PIT,RB,29,10,0,0,0,0,0,0,29,80,2.76,1,4,3,18,6.00,0,2,2,1,,,12,14.8,16.8,13.3,,100,
386,Dalton Schultz,332,DAL,TE,22,11,7,0,0,0,0,0,0,0,,0,17,12,116,9.67,0,0,0,0,,,12,23.6,26.6,17.6,,74,
387,A.J. Derby,0,MIA,TE,27,4,0,0,0,0,0,0,0,0,,0,5,3,48,16.00,1,0,0,1,,,11,13.8,13.8,12.3,,76,
388,Mike Glennon,0,ARI,QB,29,2,0,15,21,174,1,0,0,0,,0,0,0,0,,0,0,0,0,,,11,11.0,11.0,11.0,,53,
389,Corey Grant,0,JAX,RB,27,5,1,0,0,0,0,0,13,40,3.08,0,12,9,67,7.44,0,0,0,0,,,11,19.7,19.7,15.2,,101,
390,Dwayne Harris,344,OAK,WR,31,15,1,0,0,0,0,0,2,12,6.00,0,6,6,40,6.67,0,2,0,1,,,11,17.2,17.2,14.2,,161,
391,Tommylee Lewis,290,NOR,WR,26,7,3,0,0,0,0,0,2,10,5.00,0,3,3,60,20.00,1,1,1,1,,,11,14.0,15.0,12.5,,162,
392,Chris Manhertz,429,CAR,TE,26,16,4,0,0,0,0,0,0,0,,0,5,2,52,26.00,1,0,0,1,,,11,13.2,13.2,12.2,,75,
393,Keith Ford,65,BUF,RB,24,2,1,0,0,0,0,0,21,79,3.76,0,5,3,21,7.00,0,0,0,0,,,10,13.0,13.0,11.5,,104,
394,John Kelly,601,LAR,RB,22,4,0,0,0,0,0,0,27,74,2.74,0,3,2,27,13.50,0,0,0,0,,,10,12.1,12.1,11.1,,103,
395,Niles Paul,532,JAX,WR,29,6,1,0,0,0,0,0,1,-3,-3.00,0,13,10,98,9.80,0,0,0,0,,,10,19.5,19.5,14.5,,163,
396,Eli Rogers,317,PIT,WR,26,3,3,0,0,0,0,0,1,-4,-4.00,0,14,12,79,6.58,0,1,0,0,1,,10,21.5,21.5,15.5,,164,
397,Jeremy Sprinkle,417,WAS,TE,24,16,9,0,0,0,0,0,0,0,,0,9,5,41,8.20,1,0,0,1,,,10,15.1,15.1,12.6,,77,
398,De'Anthony Thomas,0,KAN,RB,25,5,0,0,0,0,0,0,1,6,6.00,0,5,3,29,9.67,1,1,0,1,,,10,12.5,12.5,11.0,,106,
399,Darren Waller,137,OAK,TE,26,4,0,0,0,0,0,0,1,21,21.00,0,6,6,75,12.50,0,0,0,0,,,10,15.6,15.6,12.6,,78,
400,DeAndre Washington,0,OAK,RB,25,10,0,0,0,0,0,0,30,115,3.83,0,1,1,9,9.00,0,1,1,0,,,10,11.4,15.4,10.9,,102,
401,Charcandrick West,174,KAN,RB,27,3,0,0,0,0,0,0,2,-1,-0.50,0,3,2,37,18.50,1,0,0,1,,,10,11.6,11.6,10.6,,105,
402,Jake Butt,0,DEN,TE,23,3,3,0,0,0,0,0,0,0,,0,13,8,85,10.63,0,0,0,0,,,9,16.5,16.5,12.5,,80,
403,D'Onta Foreman,0,HOU,RB,22,1,0,0,0,0,0,0,7,-1,-0.14,0,2,2,28,14.00,1,1,0,1,,,9,10.7,10.7,9.7,,109,
404,Devonta Freeman,188,ATL,RB,26,2,2,0,0,0,0,0,14,68,4.86,0,7,5,23,4.60,0,0,0,0,,,9,14.1,14.1,11.6,,108,
405,C.J. Ham,321,MIN,FB,25,15,2,0,0,0,0,0,6,8,1.33,0,15,11,85,7.73,0,0,0,0,,,9,20.3,20.3,14.8,,107,
406,Dontrell Hilliard,368,CLE,RB,23,11,0,0,1,0,0,1,0,0,,0,10,9,105,11.67,0,0,0,0,,,9,17.5,21.5,14.0,,110,
407,Kevin White,474,CHI,WR,26,9,0,0,0,0,0,0,0,0,,0,8,4,92,23.00,0,0,0,0,,,9,13.2,13.2,11.2,,165,
408,Luke Willson,0,DET,TE,28,14,8,0,0,0,0,0,0,0,,0,19,13,87,6.69,0,0,0,0,,,9,21.7,21.7,15.2,,79,
409,Cameron Batson,63,TEN,WR,23,11,2,0,0,0,0,0,1,1,1.00,0,11,8,82,10.25,0,1,0,0,,,8,16.3,16.3,12.3,,166,
410,Corey Coleman,485,NYG,WR,24,8,1,0,0,0,0,0,1,5,5.00,0,8,5,71,14.20,0,0,0,0,,,8,12.6,12.6,10.1,,167,
411,Tyler Conklin,311,MIN,TE,23,16,3,0,0,0,0,0,0,0,,0,7,5,77,15.40,0,0,0,0,,,8,12.7,12.7,10.2,,82,
412,Matt Lengel,0,CIN,TE,28,11,2,0,0,0,0,0,0,0,,0,8,3,17,5.67,1,0,0,1,,,8,10.7,10.7,9.2,,83,
413,Elijhaa Penny,408,NYG,RB,25,14,3,0,0,0,0,0,7,25,3.57,0,9,8,50,6.25,0,0,0,0,,,8,15.5,15.5,11.5,,111,
414,Logan Thomas,446,BUF,TE,27,12,3,1,1,15,0,0,0,0,,0,17,12,77,6.42,0,0,0,0,,,8,20.3,20.3,14.3,,81,
415,Mark Walton,418,CIN,RB,21,14,0,0,0,0,0,0,14,34,2.43,0,8,5,41,8.20,0,0,0,0,,,8,12.5,12.5,10.0,,112,
416,Derek Anderson,218,BUF,QB,35,2,2,42,70,465,0,4,1,-1,-1.00,0,0,0,0,,0,3,2,0,,,7,6.5,15.5,10.5,,55,
417,Kenjon Barner,538,2TM,RB,29,9,0,0,0,0,0,0,19,71,3.74,0,1,1,3,3.00,0,1,0,0,,,7,8.4,8.4,7.9,,113,
418,Blake Bell,0,JAX,TE,27,10,4,0,0,0,0,0,0,0,,0,11,8,67,8.38,0,0,0,0,,,7,14.7,14.7,10.7,,86,
419,Teddy Bridgewater,176,NOR,QB,26,5,1,14,23,118,1,1,11,5,0.45,0,0,0,0,,0,0,0,0,,,7,7.2,8.2,8.2,,54,
420,Patrick DiMarco,0,BUF,FB,29,16,5,0,0,0,0,0,1,9,9.00,0,4,3,62,20.67,0,0,0,0,,,7,10.1,10.1,8.6,,114,
421,Jermaine Gresham,0,ARI,TE,30,13,11,0,0,0,0,0,0,0,,0,12,9,94,10.44,0,1,1,0,,,7,16.4,17.4,11.9,,84,
422,Xavier Grimble,382,PIT,TE,26,16,2,0,0,0,0,0,0,0,,0,8,6,86,14.33,0,1,1,0,,,7,12.6,13.6,9.6,,88,
423,Detrez Newsome,440,LAC,RB,24,9,0,0,0,0,0,0,11,49,4.45,0,2,2,19,9.50,0,0,0,0,,,7,8.8,8.8,7.8,,115,
424,Joshua Perkins,295,PHI,TE,25,9,1,0,0,0,0,0,0,0,,0,11,5,67,13.40,0,0,0,0,,,7,11.7,11.7,9.2,,87,
425,Eric Tomlinson,202,NYJ,TE,26,15,12,0,0,0,0,0,0,0,,0,14,8,72,9.00,0,0,0,0,,,7,15.2,15.2,11.2,,85,
426,Russell Gage,367,ATL,WR,22,15,0,0,0,0,0,0,0,0,,0,10,6,63,10.50,0,0,0,0,,,6,12.3,12.3,9.3,,169,
427,David Grinnage,346,JAX,TE,24,4,2,0,0,0,0,0,0,0,,0,8,6,61,10.17,0,0,0,0,,,6,12.1,12.1,9.1,,89,
428,Ryan Hewitt,411,IND,RB,27,12,2,0,0,0,0,0,0,0,,0,2,1,1,1.00,1,0,0,1,,,6,7.1,7.1,6.6,,116,
429,JJ Nelson,0,ARI,WR,26,14,2,0,0,0,0,0,4,0,0.00,0,19,7,64,9.14,0,0,0,0,,,6,13.4,13.4,9.9,,168,
430,Derrick Willies,0,CLE,WR,24,5,0,0,0,0,0,0,0,0,,0,5,3,61,20.33,0,1,0,0,,,6,9.1,9.1,7.6,,170,
431,Kamar Aiken,571,PHI,WR,29,5,1,0,0,0,0,0,0,0,,0,7,6,53,8.83,0,0,0,0,,,5,11.3,11.3,8.3,,172,
432,Antony Auclair,345,TAM,TE,25,16,10,0,0,0,0,0,0,0,,0,8,7,48,6.86,0,0,0,0,,,5,11.8,11.8,8.3,,93,
433,Mike Boone,0,MIN,RB,23,8,0,0,0,0,0,0,11,47,4.27,0,3,2,1,0.50,0,0,0,0,,,5,6.8,6.8,5.8,,118,
434,Noah Brown,250,DAL,WR,22,8,2,0,0,0,0,0,0,0,,0,8,5,54,10.80,0,0,0,0,,,5,10.4,10.4,7.9,,171,
435,Rico Gathers,602,DAL,TE,24,15,4,0,0,0,0,0,0,0,,0,7,3,45,15.00,0,0,0,0,,,5,7.5,7.5,6.0,,95,
436,Shelton Gibson,608,PHI,WR,24,15,0,0,0,0,0,0,0,0,,0,3,1,48,48.00,0,0,0,0,,,5,5.8,5.8,5.3,,174,
437,Jacob Hollister,0,NWE,TE,25,8,1,0,0,0,0,0,0,0,,0,5,4,52,13.00,0,0,0,0,,,5,9.2,9.2,7.2,,90,
438,DeShone Kizer,370,GNB,QB,22,3,0,20,42,187,0,2,5,39,7.80,0,0,0,0,,0,1,1,0,,,5,5.4,8.4,7.4,,56,
439,Eric Saubert,115,ATL,TE,24,16,1,0,0,0,0,0,0,0,,0,9,5,48,9.60,0,0,0,0,,,5,9.8,9.8,7.3,,94,
440,Durham Smythe,420,MIA,TE,23,15,2,0,0,0,0,0,0,0,,0,11,6,50,8.33,0,0,0,0,,,5,11.0,11.0,8.0,,92,
441,Neal Sterling,0,NYJ,WR,26,5,4,0,0,0,0,0,0,0,,0,8,6,47,7.83,0,0,0,0,,,5,10.7,10.7,7.7,,175,
442,Nate Sudfeld,0,PHI,QB,25,2,0,1,2,22,1,0,2,-2,-1.00,0,0,0,0,,0,0,0,0,,,5,4.7,4.7,4.7,,57,
443,Roc Thomas,568,MIN,RB,23,5,0,0,0,0,0,0,8,30,3.75,0,4,2,21,10.50,0,0,0,0,,,5,7.1,7.1,6.1,,117,
444,Delanie Walker,328,TEN,TE,34,1,1,0,0,0,0,0,0,0,,0,7,4,52,13.00,0,0,0,0,,,5,9.2,9.2,7.2,,91,
445,Bobo Wilson,0,TAM,WR,23,5,0,0,0,0,0,0,0,0,,0,5,4,52,13.00,0,0,0,0,,,5,9.2,9.2,7.2,,173,
446,Chad Beebe,413,MIN,WR,24,3,0,0,0,0,0,0,0,0,,0,4,4,39,9.75,0,0,0,0,,,4,7.9,7.9,5.9,,178,
447,Tommy Bohanon,301,JAX,FB,28,16,6,0,0,0,0,0,1,0,0.00,0,9,6,41,6.83,0,0,0,0,,,4,10.1,10.1,7.1,,120,
448,Ben Braunecker,0,CHI,TE,24,15,2,0,0,0,0,0,0,0,,0,5,3,42,14.00,0,0,0,0,,,4,7.2,7.2,5.7,,96,
449,Jawill Davis,0,NYG,WR,23,7,0,0,0,0,0,0,0,0,,0,8,4,40,10.00,0,0,0,0,,,4,8.0,8.0,6.0,,176,
450,Tyler Ervin,0,HOU,RB,25,9,0,0,0,0,0,0,0,0,,0,3,3,35,11.67,0,1,0,0,,,4,6.5,6.5,5.0,,126,
451,Jordan Franks,609,CIN,TE,22,6,0,0,0,0,0,0,0,0,,0,3,2,37,18.50,0,0,0,0,,,4,5.7,5.7,4.7,,99,
452,Rashad Greene,193,JAX,WR,26,8,1,0,0,0,0,0,0,0,,0,8,6,60,10.00,0,2,1,0,,,4,10.0,11.0,7.0,,177,
453,Tyler Kroft,545,CIN,TE,26,5,2,0,0,0,0,0,0,0,,0,6,4,36,9.00,0,0,0,0,,,4,7.6,7.6,5.6,,100,
454,Marcedes Lewis,388,GNB,TE,34,16,4,0,0,0,0,0,0,0,,0,4,3,39,13.00,0,0,0,0,,,4,6.9,6.9,5.4,,97,
455,T.J. Logan,309,ARI,FB,24,10,0,0,0,0,0,0,2,2,1.00,0,7,7,37,5.29,0,0,0,0,,,4,10.9,10.9,7.4,,121,
456,Tre Madden,582,SEA,RB,25,14,3,0,0,0,0,0,3,3,1.00,0,3,2,35,17.50,0,0,0,0,,,4,5.8,5.8,4.8,,123,
457,Byron Marshall,0,WAS,RB,24,6,0,0,0,0,0,0,3,9,3.00,0,6,4,30,7.50,0,0,0,0,,,4,7.9,7.9,5.9,,122,
458,David Morgan,0,MIN,TE,25,11,6,0,0,0,0,0,0,0,,0,6,5,36,7.20,0,0,0,0,,,4,8.6,8.6,6.1,,101,
459,Roosevelt Nix,257,PIT,RB,26,16,0,0,0,0,0,0,1,4,4.00,0,6,4,38,9.50,0,0,0,0,,,4,8.2,8.2,6.2,,119,
460,Samaje Perine,298,WAS,RB,23,5,0,0,0,0,0,0,8,32,4.00,0,4,3,5,1.67,0,0,0,0,,,4,6.7,6.7,5.2,,124,
461,John Phillips,0,ARI,TE,31,8,4,0,0,0,0,0,0,0,,0,3,3,38,12.67,0,0,0,0,,,4,6.8,6.8,5.3,,98,
462,Auden Tate,0,CIN,WR,21,7,0,0,0,0,0,0,0,0,,0,12,4,35,8.75,0,0,0,0,,,4,7.5,7.5,5.5,,180,
463,Jalen Tolliver,323,ARI,WR,23,3,1,0,0,0,0,0,0,0,,0,6,3,37,12.33,0,0,0,0,,,4,6.7,6.7,5.2,,179,
464,David Williams,547,JAX,RB,24,6,0,0,0,0,0,0,8,36,4.50,0,0,0,0,,0,0,0,0,,,4,3.6,3.6,3.6,,125,
465,Dwayne Allen,155,NWE,TE,28,13,8,0,0,0,0,0,0,0,,0,4,3,27,9.00,0,0,0,0,,,3,5.7,5.7,4.2,,103,
466,Benny Cunningham,566,CHI,RB,28,15,0,0,0,0,0,0,11,20,1.82,0,2,1,9,9.00,0,0,0,0,,,3,3.9,3.9,3.4,,130,
467,Mike Gillislee,0,NOR,RB,28,4,0,0,0,0,0,0,16,43,2.69,0,1,1,9,9.00,0,1,1,0,,,3,4.2,5.2,3.7,,128,
468,Jeremy Hill,0,NWE,RB,26,1,0,0,0,0,0,0,4,25,6.25,0,1,1,6,6.00,0,0,0,0,,,3,4.1,4.1,3.6,,129,
469,Jeremy Langford,248,ATL,RB,27,1,0,0,0,0,0,0,9,25,2.78,0,0,0,0,,0,0,0,0,,,3,2.5,2.5,2.5,,131,
470,Brian Parker,0,DEN,TE,26,13,1,0,0,0,0,0,0,0,,0,10,5,33,6.60,0,0,0,0,,,3,8.3,8.3,5.8,,102,
471,Charone Peake,524,NYJ,WR,26,13,0,0,0,0,0,0,0,0,,0,3,2,25,12.50,0,0,0,0,,,3,4.5,4.5,3.5,,182,
472,Shaun Wilson,0,TAM,RB,23,5,0,0,0,0,0,0,6,29,4.83,0,5,3,5,1.67,0,0,0,0,,,3,6.4,6.4,4.9,,127,
473,Javon Wims,0,CHI,WR,24,4,0,0,0,0,0,0,0,0,,0,5,4,32,8.00,0,0,0,0,,,3,7.2,7.2,5.2,,181,
474,Nick Bellore,594,DET,FB,29,14,4,0,0,0,0,0,1,0,0.00,0,4,4,15,3.75,0,0,0,0,,,2,5.5,5.5,3.5,,141,
475,Travaris Cadet,292,CAR,RB,29,1,0,0,0,0,0,0,11,17,1.55,0,1,1,5,5.00,0,0,0,0,,,2,3.2,3.2,2.7,,133,
476,Matt Cassel,356,DET,QB,36,2,0,7,17,59,0,1,2,13,6.50,0,0,0,0,,0,0,0,0,,,2,1.7,2.7,2.7,,58,
477,Orson Charles,595,CLE,TE,27,13,2,0,0,0,0,0,0,0,,0,5,3,23,7.67,0,0,0,0,,,2,5.3,5.3,3.8,,105,
478,Derrick Coleman,280,ARI,RB,28,16,4,0,0,0,0,0,2,3,1.50,0,3,2,17,8.50,0,0,0,0,,,2,4.0,4.0,3.0,,135,
479,River Cracraft,0,DEN,WR,24,8,0,0,0,0,0,0,0,0,,0,2,1,44,44.00,0,1,1,0,,,2,3.4,4.4,2.9,,183,
480,Sean Culkin,339,LAC,TE,25,13,10,0,0,0,0,0,0,0,,0,1,1,24,24.00,0,0,0,0,,,2,3.4,3.4,2.9,,104,
481,Justin Davis,0,LAR,RB,23,11,0,0,0,0,0,0,2,19,9.50,0,0,0,0,,0,0,0,0,,,2,1.9,1.9,1.9,,136,
482,Gehrig Dieter,154,KAN,WR,25,4,0,0,0,0,0,0,0,0,,0,3,1,22,22.00,0,0,0,0,,,2,3.2,3.2,2.7,,186,
483,David Fluellen,0,TEN,RB,26,7,0,0,0,0,0,0,4,16,4.00,0,0,0,0,,0,0,0,0,,,2,1.6,1.6,1.6,,139,
484,Garrett Gilbert,0,CAR,QB,27,1,0,2,3,40,0,0,0,0,,0,0,0,0,,0,0,0,0,,,2,1.6,1.6,1.6,,59,
485,KhaDarel Hodge,0,LAR,WR,23,14,0,0,0,0,0,0,0,0,,0,3,2,17,8.50,0,0,0,0,,,2,3.7,3.7,2.7,,192,
486,Justin Hunter,450,PIT,WR,27,5,0,0,0,0,0,0,0,0,,0,13,3,21,7.00,0,0,0,0,,,2,5.1,5.1,3.6,,187,
487,Darius Jackson,349,2TM,RB,25,4,0,0,0,0,0,0,6,16,2.67,0,1,0,0,,0,0,0,0,,,2,1.6,1.6,1.6,,140,
488,Rishard Matthews,0,2TM,WR,29,8,0,0,0,0,0,0,0,0,,0,9,5,24,4.80,0,0,0,0,,,2,7.4,7.4,4.9,,184,
489,Ray-Ray McCloud,455,BUF,WR,22,10,1,0,0,0,0,0,2,4,2.00,0,6,5,36,7.20,0,2,1,0,,,2,7.0,8.0,4.5,,188,
490,C.J. Prosise,150,SEA,RB,24,5,0,0,0,0,0,0,1,-3,-3.00,0,3,3,22,7.33,0,0,0,0,,,2,4.9,4.9,3.4,,137,
491,Brian Quick,310,WAS,WR,29,6,3,0,0,0,0,0,0,0,,0,3,3,18,6.00,0,0,0,0,,,2,4.8,4.8,3.3,,190,
492,Keith Smith,0,OAK,FB,26,16,3,0,0,0,0,0,1,0,0.00,0,6,5,23,4.60,0,0,0,0,,,2,7.3,7.3,4.8,,132,
493,Jonathan Stewart,0,NYG,RB,31,3,0,0,0,0,0,0,6,17,2.83,0,0,0,0,,0,0,0,0,,,2,1.7,1.7,1.7,,138,
494,Tyrone Swoopes,460,SEA,TE,24,1,1,0,0,0,0,0,0,0,,0,1,1,23,23.00,0,0,0,0,,,2,3.3,3.3,2.8,,106,
495,De'Lance Turner,439,BAL,RB,23,4,0,0,0,0,0,0,1,4,4.00,0,2,2,17,8.50,0,0,0,0,,,2,4.1,4.1,3.1,,134,
496,Malik Turner,492,SEA,WR,22,6,0,0,0,0,0,0,0,0,,0,3,2,20,10.00,0,0,0,0,,,2,4.0,4.0,3.0,,189,
497,Brandon Wilds,0,JAX,RB,25,3,0,0,0,0,0,0,6,15,2.50,0,0,0,0,,0,0,0,0,,,2,1.5,1.5,1.5,,142,
498,Nick Williams,445,2TM,WR,28,4,0,0,0,0,0,0,0,0,,0,5,2,17,8.50,0,0,0,0,,,2,3.7,3.7,2.7,,193,
499,Terrance Williams,221,DAL,WR,29,3,2,0,0,0,0,0,0,0,,0,3,2,18,9.00,0,0,0,0,,,2,3.8,3.8,2.8,,191,
500,Brandon Zylstra,163,MIN,WR,25,16,0,0,0,0,0,0,0,0,,0,2,1,23,23.00,0,0,0,0,,,2,3.3,3.3,2.8,,185,
501,Ameer Abdullah,432,2TM,RB,25,10,0,0,0,0,0,0,1,1,1.00,0,4,3,28,9.33,0,1,1,0,,,1,3.9,4.9,2.4,,147,
502,Victor Bolden,0,2TM,WR,23,6,0,0,0,0,0,0,0,0,,0,4,1,10,10.00,0,0,0,0,,,1,2.0,2.0,1.5,,197,
503,Michael Burton,329,CHI,RB,26,8,1,0,0,0,0,0,0,0,,0,1,1,6,6.00,0,0,0,0,,,1,1.6,1.6,1.1,,150,
504,Damiere Byrd,480,CAR,WR,25,8,0,0,0,0,0,0,0,0,,0,2,1,8,8.00,0,0,0,0,,,1,1.8,1.8,1.3,,200,
505,Jamaal Charles,0,JAX,RB,32,2,0,0,0,0,0,0,6,7,1.17,0,3,2,7,3.50,0,0,0,0,,,1,3.4,3.4,2.4,,143,
506,Sammie Coates,254,HOU,WR,25,12,0,0,0,0,0,0,0,0,,0,2,1,12,12.00,0,0,0,0,,,1,2.2,2.2,1.7,,195,
507,Alan Cross,0,TAM,TE,25,14,3,0,0,0,0,0,0,0,,0,5,2,9,4.50,0,0,0,0,,,1,2.9,2.9,1.9,,110,
508,Joshua Dobbs,287,PIT,QB,23,5,0,6,12,43,0,1,4,11,2.75,0,0,0,0,,0,0,0,0,,,1,0.8,1.8,1.8,,63,
509,Ross Dwelley,0,SFO,TE,23,11,0,0,0,0,0,0,0,0,,0,2,2,14,7.00,0,0,0,0,,,1,3.4,3.4,2.4,,107,
510,Matt Flanagan,390,WAS,TE,23,3,1,0,0,0,0,0,0,0,,0,1,1,14,14.00,0,0,0,0,,,1,2.4,2.4,1.9,,108,
511,Robert Griffin III,169,BAL,QB,28,3,0,2,6,21,0,0,0,0,,0,0,0,0,,0,0,0,0,,,1,0.8,0.8,0.8,,62,
512,Justin Hardee,0,NOR,WR,24,16,0,0,0,0,0,0,0,0,,0,1,1,10,10.00,0,0,0,0,,,1,2.0,2.0,1.5,,198,
513,Keon Hatcher,567,OAK,WR,24,3,0,0,0,0,0,0,0,0,,0,2,1,8,8.00,0,0,0,0,,,1,1.8,1.8,1.3,,201,
514,Chad Henne,0,KAN,QB,33,1,0,2,3,29,0,0,1,3,3.00,0,0,0,0,,0,0,0,0,,,1,1.5,1.5,1.5,,60,
515,Robert Kelley,0,WAS,RB,26,2,0,0,0,0,0,0,4,8,2.00,0,0,0,0,,0,0,0,0,,,1,0.8,0.8,0.8,,149,
516,Marcus Kemp,394,KAN,WR,23,16,0,0,0,0,0,0,0,0,,0,2,1,7,7.00,0,0,0,0,,,1,1.7,1.7,1.2,,204,
517,Jeremy Kerley,570,BUF,WR,30,1,1,0,0,0,0,0,0,0,,0,4,2,7,3.50,0,0,0,0,,,1,2.7,2.7,1.7,,205,
518,Darvin Kidsy,392,WAS,WR,23,2,0,0,0,0,0,0,0,0,,0,2,1,8,8.00,0,0,0,0,,,1,1.8,1.8,1.3,,202,
519,Allen Lazard,336,GNB,WR,23,1,0,0,0,0,0,0,0,0,,0,1,1,7,7.00,0,0,0,0,,,1,1.7,1.7,1.2,,206,
520,Khari Lee,0,BUF,TE,26,2,0,0,0,0,0,0,0,0,,0,1,1,5,5.00,0,0,0,0,,,1,1.5,1.5,1.0,,113,
521,Josh Malone,0,CIN,WR,22,9,0,0,0,0,0,0,0,0,,0,5,1,12,12.00,0,0,0,0,,,1,2.2,2.2,1.7,,196,
522,J.D. McKissic,0,SEA,WR,25,5,0,0,0,0,0,0,3,8,2.67,0,1,0,0,,0,0,0,0,,,1,0.8,0.8,0.8,,203,
523,Christine Michael,526,IND,RB,28,1,0,0,0,0,0,0,2,9,4.50,0,0,0,0,,0,0,0,0,,,1,0.9,0.9,0.9,,148,
524,Johnny Mundt,0,LAR,TE,24,10,0,0,0,0,0,0,0,0,,0,1,1,5,5.00,0,0,0,0,,,1,1.5,1.5,1.0,,114,
525,Jamize Olawale,386,DAL,FB,29,16,4,0,0,0,0,0,0,0,,0,4,2,13,6.50,0,0,0,0,,,1,3.3,3.3,2.3,,144,
526,Ricky Ortiz,0,ATL,FB,24,12,9,0,0,0,0,0,0,0,,0,4,3,11,3.67,0,0,0,0,,,1,4.1,4.1,2.6,,146,
527,Cam Phillips,365,BUF,WR,23,2,0,0,0,0,0,0,0,0,,0,1,1,9,9.00,0,0,0,0,,,1,1.9,1.9,1.4,,199,
528,Richard Rodgers,0,PHI,TE,26,7,0,0,0,0,0,0,0,0,,0,1,1,7,7.00,0,0,0,0,,,1,1.7,1.7,1.2,,112,
529,Dion Sims,494,CHI,TE,27,8,4,0,0,0,0,0,0,0,,0,4,2,9,4.50,0,0,0,0,,,1,2.9,2.9,1.9,,111,
530,Hakeem Valles,398,DET,TE,26,3,0,0,0,0,0,0,0,0,,0,3,2,11,5.50,0,0,0,0,,,1,3.1,3.1,2.1,,109,
531,Justin Watson,236,TAM,WR,22,12,0,0,0,0,0,0,0,0,,0,3,1,5,5.00,0,0,0,0,,,1,1.5,1.5,1.0,,207,
532,Derek Watt,600,LAC,FB,26,16,5,0,0,0,0,0,4,11,2.75,0,1,1,2,2.00,0,0,0,0,,,1,2.3,2.3,1.8,,145,
533,Joe Webb,283,HOU,QB,32,16,0,0,0,0,0,0,0,0,,0,3,2,13,6.50,0,0,0,0,,,1,3.3,3.3,2.3,,61,
534,Tim White,495,BAL,WR,24,3,0,0,0,0,0,0,0,0,,0,1,1,14,14.00,0,1,0,0,,,1,2.4,2.4,1.9,,194,
535,Saeed Blacknall,0,OAK,WR,22,1,0,0,0,0,0,0,0,0,,0,0,0,0,,0,,0,0,,,,,,,,210,
536,Daniel Brown,0,CHI,WR,26,14,0,0,0,0,0,0,0,0,,0,0,0,0,,0,,0,0,,,,,,,,211,
537,Deante Burton,0,2TM,WR,24,3,0,0,0,0,0,0,0,0,,0,0,0,0,,0,,0,0,,,,,,,,212,
538,Tra Carson,0,2TM,RB,26,6,0,0,0,0,0,0,0,0,,0,0,0,0,,0,,0,0,,,,,,,,154,
539,Jehu Chesson,0,WAS,WR,25,12,0,0,0,0,0,0,1,-4,-4.00,0,2,1,7,7.00,0,0,0,0,,,,1.3,1.3,0.8,,208,
540,Lavon Coleman,0,GNB,RB,24,1,0,0,0,0,0,0,0,0,,0,0,0,0,,0,,0,0,,,,,,,,155,
541,Stacy Coley,0,2TM,WR,24,3,0,0,0,0,0,0,0,0,,0,1,0,0,,0,1,0,0,,,,,,,,213,
542,Pharoh Cooper,537,2TM,WR,23,7,0,0,0,0,0,0,0,0,,0,1,0,0,,0,1,0,0,,,,,,,,214,
543,Jerome Cunningham,503,DET,TE,27,3,0,0,0,0,0,0,0,0,,0,1,0,0,,0,0,0,0,,,,,,,,115,
544,Darrell Daniels,282,2TM,TE,24,11,3,0,0,0,0,0,0,0,,0,2,0,0,,0,,0,0,,,,,,,,116,
545,Geremy Davis,334,LAC,WR,26,14,0,0,0,0,0,0,0,0,,0,1,0,0,,0,,0,0,,,,,,,,215,
546,Trevor Davis,0,GNB,WR,25,2,0,0,0,0,0,0,0,0,,0,0,0,0,,0,0,0,0,,,,,,,,216,
547,Dalyn Dawkins,0,TEN,RB,24,2,0,0,0,0,0,0,0,0,,0,0,0,0,,0,,0,0,,,,,,,,156,
548,Matthew Dayes,479,SFO,RB,24,7,0,0,0,0,0,0,0,0,,0,0,0,0,,0,0,0,0,,,,,,,,157,
549,Garrett Dickerson,543,NYG,TE,23,4,0,0,0,0,0,0,0,0,,0,0,0,0,,0,,0,0,,,,,,,,117,
550,Steven Dunbar,544,SFO,WR,23,1,0,0,0,0,0,0,0,0,,0,0,0,0,,0,,0,0,,,,,,,,217,
551,Malachi Dupre,0,ARI,WR,23,1,0,0,0,0,0,0,0,0,,0,0,0,0,,0,,0,0,,,,,,,,218,
552,Trey Edmunds,285,PIT,RB,24,4,0,0,0,0,0,0,0,0,,0,0,0,0,,0,,0,0,,,,,,,,158,
553,Alex Ellis,549,KAN,TE,25,2,0,0,0,0,0,0,0,0,,0,0,0,0,,0,,0,0,,,,,,,,118,
554,Donnie Ernsberger,482,TAM,RB,22,2,0,0,0,0,0,0,0,0,,0,0,0,0,,0,,0,0,,,,,,,,159,
555,Isaiah Ford,0,MIA,WR,22,1,0,0,0,0,0,0,0,0,,0,1,0,0,,0,,0,0,,,,,,,,219,
556,Daurice Fountain,184,IND,WR,23,1,0,0,0,0,0,0,0,0,,0,0,0,0,,0,,0,0,,,,,,,,220,
557,Mose Frazier,553,CAR,WR,25,1,0,0,0,0,0,0,0,0,,0,0,0,0,,0,,0,0,,,,,,,,221,
558,Janarion Grant,0,BAL,WR,25,2,0,0,0,0,0,0,0,0,,0,0,0,0,,0,2,0,0,,,,,,,,222,
559,Garrett Griffin,483,NOR,TE,24,0,0,0,0,0,0,0,0,0,,0,0,0,0,,0,0,0,0,,,,,,,,119,
560,Temarrick Hemingway,0,DEN,TE,25,5,0,0,0,0,0,0,0,0,,0,0,0,0,,0,,0,0,,,,,,,,120,
561,De'Angelo Henderson,0,NYJ,RB,26,3,0,0,0,0,0,0,2,19,9.50,0,0,0,0,,0,1,1,0,,,,-0.1,0.9,-0.1,,170,
562,Quadree Henderson,0,NYG,WR,22,5,0,0,0,0,0,0,0,0,,0,0,0,0,,0,0,0,0,,,,,,,,223,
563,Hunter Henry,484,LAC,TE,24,0,0,0,0,0,0,0,0,0,,0,0,0,0,,0,0,0,0,,,,,,,,121,
564,Darrius Heyward-Bey,0,PIT,WR,31,14,2,0,0,0,0,0,1,-7,-7.00,0,2,1,9,9.00,0,0,0,0,,,,1.2,1.2,0.7,,209,
565,Gabe Holmes,0,ARI,TE,27,8,4,0,0,0,0,0,0,0,,0,0,0,0,,0,,0,0,,,,,,,,122,
566,Johnny Holton,422,OAK,WR,28,1,0,0,0,0,0,0,0,0,,0,1,0,0,,0,,0,0,,,,,,,,224,
567,Buddy Howell,0,HOU,RB,22,15,0,0,0,0,0,0,0,0,,0,0,0,0,,0,0,0,0,,,,,,,,160,
568,Taiwan Jones,512,BUF,RB,30,6,0,0,0,0,0,0,0,0,,0,2,0,0,,0,0,0,0,,,,,,,,161,
569,Chad Kelly,0,DEN,QB,24,1,0,0,0,0,0,0,1,-1,-1.00,0,0,0,0,,0,0,0,0,,,,-0.1,-0.1,-0.1,,70,
570,Ben Koyack,0,JAX,TE,25,7,2,0,0,0,0,0,0,0,,0,0,0,0,,0,,0,0,,,,,,,,123,
571,Chris Lacy,0,DET,WR,22,1,0,0,0,0,0,0,0,0,,0,1,0,0,,0,,0,0,,,,,,,,225,
572,Lance Lenoir,0,DAL,WR,23,7,0,0,0,0,0,0,0,0,,0,0,0,0,,0,,0,0,,,,,,,,226,
573,Tony Lippett,0,NYG,WR,26,3,0,0,0,0,0,0,0,0,,0,0,0,0,,0,,0,0,,,,,,,,227,
574,Sean Mannion,518,LAR,QB,26,3,0,2,3,23,0,0,7,-9,-1.29,0,0,0,0,,0,0,0,0,,,,,,,,67,
575,Bradley Marquez,276,DET,WR,26,1,0,0,0,0,0,0,0,0,,0,0,0,0,,0,,0,0,,,,,,,,228,
576,Freddie Martino,412,TAM,WR,27,4,0,0,0,0,0,0,0,0,,0,1,0,0,,0,,0,0,,,,,,,,229,
577,A.J. McCarron,521,OAK,QB,28,2,0,1,3,8,0,0,3,-2,-0.67,0,0,0,0,,0,1,0,0,,,,0.1,0.1,0.1,,65,
578,Max McCaffrey,580,SFO,WR,24,1,0,0,0,0,0,0,0,0,,0,0,0,0,,0,,0,0,,,,,,,,230,
579,Tanner McEvoy,0,MIA,TE,25,2,0,0,0,0,0,0,0,0,,0,0,0,0,,0,,0,0,,,,,,,,124,
580,Jeremy McNichols,0,IND,RB,23,1,0,0,0,0,0,0,2,4,2.00,0,0,0,0,,0,0,0,0,,,,0.4,0.4,0.4,,151,
581,Jaydon Mickens,581,JAX,WR,24,6,0,0,0,0,0,0,0,0,,0,0,0,0,,0,1,0,0,,,,,,,,231,
582,Steven Mitchell,198,HOU,WR,24,1,0,0,0,0,0,0,0,0,,0,0,0,0,,0,,0,0,,,,,,,,232,
583,Dare Ogunbowale,98,TAM,RB,24,2,0,0,0,0,0,0,0,0,,0,0,0,0,,0,0,0,0,,,,,,,,162,
584,Senorise Perry,620,MIA,RB,27,16,0,0,0,0,0,0,0,0,,0,0,0,0,,0,0,0,0,,,,,,,,163,
585,Thomas Rawls,459,CIN,RB,25,1,0,0,0,0,0,0,0,0,,0,0,0,0,,0,,0,0,,,,,,,,164,
586,Keenan Reynolds,525,SEA,RB,25,2,0,0,0,0,0,0,0,0,,0,0,0,0,,0,,0,0,,,,,,,,165,
587,Patrick Ricard,0,BAL,FB,24,10,2,0,0,0,0,0,0,0,,0,0,0,0,,0,,0,0,,,,,,,,166,
588,Cooper Rush,584,DAL,QB,25,1,0,0,0,0,0,0,0,0,,0,0,0,0,,0,,0,0,,,,,,,,68,
589,Alonzo Russell,0,NYG,WR,26,1,0,0,0,0,0,0,0,0,,0,0,0,0,,0,,0,0,,,,,,,,233,
590,Mark Sanchez,528,WAS,QB,32,2,1,19,35,138,0,3,1,8,8.00,0,0,0,0,,0,1,0,0,,,,0.3,3.3,3.3,,64,
591,Matt Schaub,588,ATL,QB,37,3,0,5,7,20,0,0,1,0,0.00,0,1,1,-7,-7.00,0,1,0,0,,,,1.1,1.1,0.6,,66,
592,Mason Schreck,0,CIN,TE,25,6,0,0,0,0,0,0,0,0,,0,0,0,0,,0,,0,0,,,,,,,,125,
593,Boston Scott,592,PHI,RB,23,2,0,0,0,0,0,0,0,0,,0,0,0,0,,0,0,0,0,,,,,,,,167,
594,Da'Mari Scott,0,BUF,WR,23,3,0,0,0,0,0,0,0,0,,0,0,0,0,,0,,0,0,,,,,,,,234,
595,Cam Sims,0,WAS,WR,22,1,0,0,0,0,0,0,0,0,,0,0,0,0,,0,,0,0,,,,,,,,235,
596,Jeremiah Sirles,322,BUF,TE,27,12,5,0,0,0,0,0,0,0,,0,0,0,0,,0,,0,0,,,,,,,,126,
597,Matthew Slater,0,NWE,WR,33,16,0,0,0,0,0,0,0,0,,0,0,0,0,,0,0,0,0,,,,,,,,236,
598,Shane Smith,0,NYG,FB,25,2,0,0,0,0,0,0,0,0,,0,0,0,0,,0,,0,0,,,,,,,,168,
599,Brandon Tate,216,NOR,WR,31,1,0,0,0,0,0,0,0,0,,0,0,0,0,,0,1,0,0,,,,,,,,237,
600,Mike Thomas,425,LAR,WR,24,1,0,0,0,0,0,0,0,0,,0,0,0,0,,0,,0,0,,,,,,,,238,
601,Danny Vitale,615,GNB,RB,25,5,0,0,0,0,0,0,0,0,,0,2,1,2,2.00,0,0,0,0,,,,1.2,1.2,0.7,,152,
602,Clive Walford,0,NYJ,TE,27,1,1,0,0,0,0,0,0,0,,0,0,0,0,,0,0,0,0,,,,,,,,127,
603,Mike Wallace,0,PHI,WR,32,2,2,0,0,0,0,0,0,0,,0,3,0,0,,0,,0,0,,,,,,,,239,
604,Brandon Weeden,0,HOU,QB,35,1,0,0,0,0,0,0,1,-1,-1.00,0,0,0,0,,0,0,0,0,,,,-0.1,-0.1,-0.1,,69,
605,Markus Wheaton,0,PHI,WR,27,1,0,0,0,0,0,0,0,0,,0,0,0,0,,0,,0,0,,,,,,,,240,
606,Cole Wick,325,SFO,TE,25,5,0,0,0,0,0,0,0,0,,0,1,0,0,,0,,0,0,,,,,,,,128,
607,Jonathan Williams,0,NOR,RB,24,3,0,0,0,0,0,0,3,0,0.00,0,1,1,1,1.00,0,0,0,0,,,,1.1,1.1,0.6,,153,
608,Brandon Wilson,0,CIN,RB,24,16,0,0,0,0,0,0,0,0,,0,0,0,0,,0,0,0,0,,,,,,,,169,
609,Deon Yelder,88,KAN,TE,23,3,0,0,0,0,0,0,0,0,,0,0,0,0,,0,,0,0,,,,,,,,129,
610,Jacoby Brissett,574,IND,QB,26,4,0,2,4,2,0,0,7,-7,-1.00,0,0,0,0,,0,0,0,0,,,-1,-0.6,-0.6,-0.6,,72,
611,Brian Hoyer,0,NWE,QB,33,5,0,1,2,7,0,0,11,-8,-0.73,0,0,0,0,,0,0,0,0,,,-1,-0.5,-0.5,-0.5,,71,
612,J'Mon Moore,222,GNB,WR,23,12,0,0,0,0,0,0,0,0,,0,3,2,15,7.50,0,1,1,0,,,-1,1.5,2.5,0.5,,241,
613,Geno Smith,489,LAC,QB,28,5,0,1,4,8,0,0,8,2,0.25,0,0,0,0,,0,1,1,0,,,-1,-1.5,-0.5,-1.5,,73,
614,Rod Streater,0,CLE,WR,30,3,0,0,0,0,0,0,1,-11,-11.00,0,0,0,0,,0,0,0,0,,,-1,-1.1,-1.1,-1.1,,242,
615,Robert Turbin,0,IND,RB,29,2,0,0,0,0,0,0,4,10,2.50,0,2,1,3,3.00,0,1,1,0,,,-1,0.3,1.3,-0.2,,171,
616,Kaelin Clay,0,NYG,WR,26,2,0,0,0,0,0,0,0,0,,0,0,0,0,,0,1,1,0,,,-2,-2.0,-1.0,-2.0,,244,
617,JJ Jones,200,2TM,WR,26,4,0,0,0,0,0,0,1,0,0.00,0,1,1,3,3.00,0,2,1,0,,,-2,-0.7,0.3,-1.2,,243,
618,Kyle Lauletta,,NYG,QB,23,2,0,0,5,0,0,1,1,-2,-2.00,0,0,0,0,,0,0,0,0,,,-2,-2.2,-1.2,-1.2,,74,
619,Riley McCarron,,NWE,WR,25,1,0,0,0,0,0,0,0,0,,0,1,0,0,,0,1,1,0,,,-2,-2.0,-1.0,-2.0,,245,
620,Jojo Natson,,LAR,WR,24,13,0,0,0,0,0,0,0,0,,0,0,0,0,,0,2,1,0,,,-2,-2.0,-1.0,-2.0,,246,
