Age,Previous Rank,FantPos,Games Played,Games Started,Cmp,Att,Yds,TD,Int,Rush Att,Rush Yds,Rush TD,Tgt,Rec,Rec Yds,Rec TD,Total TD,PPR
27,43,0,16,16,0,0,0,0,0,345,2005,13,43,33,278,2,15,355.3
30,16,0,17,17,0,0,0,0,0,325,1921,16,22,19,193,2,18,336.4
22,35,0,17,4,0,0,0,0,0,250,1412,16,63,52,517,4,20,362.9
27,10,2,17,17,316,474,4172,41,4,139,915,4,0,0,0,0,4,430.4
24,33,1,17,16,0,0,0,0,0,3,32,0,175,127,1708,17,17,403
22,38,0,17,17,0,0,0,0,0,304,1456,14,72,61,431,1,15,341.7
26,93,0,17,17,0,0,0,0,0,301,1329,15,43,36,342,1,16,293.1
28,3,2,17,17,307,483,3731,28,6,102,531,12,0,0,7,1,13,379
28,90,2,17,17,460,652,4918,43,9,42,201,2,0,0,0,0,2,372.8
24,13,0,16,16,0,0,0,0,0,316,1299,14,40,34,182,2,16,272.1
25,37,0,16,16,0,0,0,0,0,207,1009,16,38,32,258,2,18,266.7
25,70,1,17,17,1,1,22,0,0,1,3,0,154,103,1533,10,10,317.5
29,60,2,17,17,407,570,4500,41,16,60,378,3,0,0,0,0,3,365.8
25,97,0,14,13,0,0,0,0,0,303,1431,11,31,18,136,1,12,244.7
31,22,3,15,15,0,0,0,0,0,0,0,0,94,78,1106,8,8,236.6
24,0,2,17,17,331,480,3568,25,9,148,891,6,0,0,0,0,6,355.8
23,69,0,17,16,0,0,0,0,0,203,907,6,87,78,592,6,12,299.9
25,7,1,17,17,1,1,7,1,0,2,6,0,141,115,1263,12,12,316.2
22,0,1,17,16,0,0,0,0,0,6,48,0,133,87,1282,10,10,284
22,0,3,17,16,0,0,0,0,0,5,13,0,153,112,1194,5,5,262.7
29,52,0,16,16,0,0,0,0,0,236,1094,8,55,47,414,1,9,253.8
28,17,0,14,14,0,1,0,0,0,245,1016,11,52,36,309,1,12,240.5
29,75,1,17,17,0,0,0,0,0,2,2,0,117,82,1096,13,13,267.8
25,56,3,16,16,0,0,0,0,0,1,2,1,147,111,1146,2,4,249.8
24,239,0,16,10,0,0,0,0,0,229,990,7,65,54,360,4,11,255
23,121,1,17,17,0,0,0,0,0,1,-3,0,158,100,1271,9,9,280.8
25,92,0,15,15,0,0,0,0,0,250,1195,10,54,43,171,1,11,241.6
29,159,3,17,6,0,0,0,0,0,2,-1,0,111,88,884,8,8,222.3
29,68,3,17,13,0,0,0,0,0,4,5,0,69,55,673,11,11,188.8
22,0,0,17,3,0,0,0,0,0,207,1122,8,52,47,392,0,8,244.4
29,87,0,14,14,0,0,0,0,0,228,950,6,89,68,543,2,8,265.3
30,119,0,17,17,0,0,0,0,0,255,1138,5,62,51,408,2,7,241.6
30,40,2,17,17,390,539,4629,37,12,35,56,0,1,1,7,1,1,324.5
27,32,0,14,14,1,1,3,1,0,185,775,12,38,36,341,0,12,221.7
31,9,1,14,14,0,0,0,0,0,0,0,0,110,74,1004,11,11,240.4
23,19,0,16,16,0,0,0,0,0,209,876,5,76,57,483,3,8,240.9
21,0,1,15,13,0,1,0,0,0,5,2,0,170,109,1204,7,7,273.6
24,0,2,17,17,376,567,3775,29,12,92,430,4,1,1,2,1,5,317.2
26,5,2,15,15,248,361,2903,18,5,150,630,14,0,0,0,0,14,315.1
25,2,1,15,15,0,0,0,0,0,14,70,0,152,101,1194,6,6,263.4
23,11,3,16,16,0,0,0,0,0,0,0,0,83,60,726,7,7,174.6
29,74,1,17,13,2,2,30,1,0,0,0,0,135,81,1081,8,8,240.3
23,0,1,16,14,0,0,0,0,0,0,0,0,112,82,1149,7,7,240.9
24,219,3,17,17,0,0,0,0,0,3,6,0,70,50,707,7,7,163.3
34,301,3,17,17,0,0,0,0,0,0,0,0,91,66,654,7,7,177.4
32,34,1,14,14,0,0,0,0,0,0,0,0,141,85,1063,8,8,241.3
27,318,2,17,17,361,545,4319,35,12,67,212,1,0,0,0,0,1,308
23,205,1,15,11,0,0,0,0,0,11,61,1,91,58,1001,7,8,212.2
25,73,0,17,17,0,0,0,0,0,253,959,6,52,42,386,0,6,214.5
22,138,1,17,16,1,1,35,0,0,5,26,0,137,100,1130,6,6,253
25,137,1,17,16,0,0,0,0,0,0,0,0,145,90,1229,4,4,240.9
24,112,1,17,17,0,0,0,0,0,2,5,0,154,101,1104,7,7,251.9
26,65,0,17,17,0,0,0,0,0,263,1043,6,48,36,283,0,6,204.6
22,47,1,15,15,0,0,0,0,0,3,20,1,99,63,875,9,10,212.5
27,20,1,13,13,0,0,0,0,0,0,0,0,97,67,1079,7,7,216.9
25,130,1,12,9,0,0,0,0,0,0,0,0,109,73,911,10,10,222.1
26,226,3,17,11,0,0,0,0,0,0,0,0,78,65,653,7,7,168.3
27,91,2,17,17,372,541,3851,21,11,78,572,5,0,0,0,0,5,297.2
35,26,3,16,16,0,0,0,0,0,1,1,0,133,97,823,3,3,195.4
25,23,1,12,12,0,0,0,0,0,0,0,0,99,68,1006,7,7,210.6
24,45,1,17,10,0,0,0,0,0,20,163,1,75,55,857,6,7,197
26,405,0,13,11,0,0,0,0,0,195,905,9,38,32,153,0,9,191.8
27,63,0,16,16,0,0,0,0,0,260,1079,5,57,41,238,0,5,200.7
26,156,0,16,15,0,0,0,0,0,235,1079,2,49,39,249,3,5,197.8
27,15,1,17,17,0,1,0,0,0,14,75,0,140,98,966,6,6,238.1
30,4,1,17,17,0,0,0,0,0,8,53,0,123,81,959,6,6,218.2
24,101,1,17,15,0,0,0,0,0,9,56,0,116,74,1059,4,4,209.5
22,0,1,17,16,0,0,0,0,0,0,0,0,116,62,885,8,8,196.5
30,44,1,17,14,0,0,0,0,0,8,55,1,120,64,1017,4,5,199.2
27,267,1,15,10,0,0,0,0,0,0,0,0,113,77,975,6,6,210.5
26,81,2,17,17,332,504,3870,23,3,69,306,2,0,0,0,0,2,285.4
26,54,1,13,13,0,0,0,0,0,1,1,0,89,68,833,8,8,199.4
28,51,1,15,15,0,0,0,0,0,2,23,0,129,87,1027,4,4,218
29,50,2,16,16,392,581,3928,26,11,58,307,2,1,1,2,0,2,283
25,31,2,15,15,300,455,3864,20,12,66,323,5,0,0,0,0,5,266.9
34,83,2,17,17,407,578,4320,21,15,53,272,2,0,0,0,0,2,266
41,601,2,17,17,368,584,3897,28,11,22,107,0,0,0,0,0,0,256.6
23,0,2,17,17,351,562,3541,20,6,81,489,0,0,0,0,0,0,254.5
26,18,2,15,15,268,425,3389,25,11,25,83,1,0,0,0,0,1,233.9
23,58,2,17,17,336,532,3727,20,12,52,233,0,1,0,0,0,0,220.4
36,79,2,16,16,340,517,3762,20,8,30,41,0,0,0,0,0,0,214.6
23,88,2,14,12,234,384,2403,15,9,43,249,6,0,0,0,0,6,195
26,66,2,11,11,291,399,2867,19,7,17,49,0,0,0,0,0,0,181.6
22,0,2,13,12,225,338,2276,15,10,54,421,2,0,0,0,0,2,177.1
36,89,2,14,14,303,453,3508,18,16,23,0,0,0,0,0,0,0,176.3
36,78,2,11,11,214,336,2482,16,5,43,155,2,0,0,0,0,2,172.8
22,164,2,11,11,126,264,1814,8,12,86,499,6,1,1,-1,0,6,163.4
33,80,2,10,10,189,279,2145,15,5,17,71,1,0,0,0,0,1,150.9
25,24,0,16,15,0,0,0,0,0,144,613,3,57,51,393,6,9,199.6
23,162,0,17,6,0,0,0,0,0,135,569,8,52,42,340,1,9,186.9
25,76,2,10,10,172,284,2045,11,7,26,119,3,0,0,-5,0,3,145.2
25,0,0,17,12,0,0,0,0,0,192,839,5,53,38,284,1,6,182.3
26,117,0,15,14,0,0,0,0,0,207,801,7,41,33,168,1,8,175.9
25,71,0,14,13,0,0,0,0,0,187,799,8,25,20,159,0,8,159.8
27,201,2,10,10,216,341,2070,8,7,67,265,2,0,0,0,0,2,135.3
24,59,0,11,11,0,0,0,0,0,153,573,7,53,46,299,1,8,181.2
29,122,0,13,8,0,0,0,0,0,200,728,7,32,23,176,0,7,155.4
30,393,2,12,7,181,296,2121,13,12,25,83,1,0,0,0,0,1,131.1
25,224,1,17,14,0,0,0,0,0,0,0,0,72,45,756,9,9,174.6
27,220,1,16,16,0,1,0,0,0,0,0,0,106,64,992,5,5,193.2
23,14,1,11,11,0,0,0,0,0,11,46,1,106,79,990,3,4,206.6
21,0,1,17,13,0,0,0,0,0,20,104,3,98,59,638,6,9,187.2
27,39,1,15,12,0,0,0,0,0,0,0,0,108,66,992,5,5,191.2
24,185,1,16,13,0,0,0,0,0,0,0,0,69,37,824,7,7,161.4
23,327,0,16,1,0,0,0,0,0,168,766,7,12,7,54,0,7,129
23,204,1,15,11,0,0,0,0,0,3,6,0,91,55,711,8,8,174.7
25,125,2,12,12,190,301,2091,13,12,45,183,0,0,0,0,0,0,119.9
25,82,2,10,6,106,161,1106,5,1,62,289,5,0,0,0,0,5,119.1
31,8,2,8,8,185,286,1978,11,8,13,54,1,0,0,0,0,1,116.5
32,27,1,15,15,0,1,0,0,1,0,0,0,121,70,744,7,7,184.4
23,135,1,14,8,0,0,0,0,0,1,12,0,107,72,803,5,5,183.5
31,473,2,12,8,187,308,1844,12,5,26,18,0,0,0,0,0,0,109.6
31,120,1,12,11,0,0,0,0,0,2,10,0,100,67,710,6,6,175
24,158,1,15,9,0,0,0,0,0,2,4,0,100,76,821,4,4,182.5
24,100,0,17,11,0,0,0,0,0,139,513,4,70,52,346,0,4,157.9
23,55,1,14,12,0,0,0,0,0,2,-6,0,103,59,900,3,3,164.4
25,232,0,12,6,0,0,0,0,0,153,789,3,14,11,91,0,3,115
27,203,1,17,9,0,0,0,0,0,0,0,0,60,32,497,9,9,135.7
28,21,1,15,15,0,0,0,0,0,42,136,1,81,51,670,3,4,153.6
25,253,1,17,15,0,0,0,0,0,0,0,0,79,49,610,7,7,152
26,123,0,14,7,0,0,0,0,0,132,420,4,48,36,294,1,5,137.4
25,0,0,17,0,0,0,0,0,0,113,442,3,19,17,189,3,6,116.1
39,127,2,8,6,162,248,1761,12,7,9,26,0,0,0,0,0,0,99
23,0,1,13,12,0,0,0,0,0,4,43,0,58,37,461,8,8,135.4
29,99,0,12,6,0,0,0,0,0,77,367,4,41,35,366,0,4,132.3
25,64,0,14,6,0,0,0,0,0,104,565,3,43,37,225,0,3,134
27,62,1,16,14,0,0,0,0,0,0,0,0,111,69,808,3,3,165.8
26,118,2,10,7,171,262,1672,8,8,28,92,1,0,0,0,0,1,96.1
28,85,2,10,9,203,306,2013,9,10,19,58,0,0,0,0,0,0,96.3
29,240,2,8,5,146,228,1530,9,9,25,106,1,0,0,0,0,1,95.8
24,108,0,17,0,0,0,0,0,0,137,644,3,13,13,88,0,3,106.2
26,105,2,9,7,154,243,1612,8,4,21,30,1,0,0,0,0,1,93.5
30,193,1,17,17,0,0,0,0,0,0,0,0,64,31,505,7,7,123.5
34,102,1,10,10,0,0,0,0,0,0,0,0,62,48,615,5,5,139.5
26,103,1,15,15,0,0,0,0,0,4,12,0,83,58,744,2,2,149.6
25,12,0,15,15,0,0,0,0,0,150,558,2,52,39,254,0,2,130.2
32,49,1,16,8,0,0,0,0,0,0,0,0,80,56,610,5,5,147
22,0,1,17,2,0,0,0,0,0,13,42,0,52,39,503,6,6,129.5
22,0,1,17,12,0,0,0,0,0,3,15,0,101,54,734,3,3,144.9
23,165,1,17,7,0,0,0,0,0,3,18,0,140,93,699,3,3,182.7
25,111,1,14,10,0,0,0,0,0,9,43,0,81,51,667,3,3,140
29,250,1,12,10,0,1,0,0,0,0,0,0,60,37,530,6,6,126
28,104,1,7,7,0,0,0,0,0,1,2,0,62,50,576,5,5,137.8
24,114,1,13,12,0,0,0,0,0,0,0,0,72,46,601,4,4,132.1
26,98,0,15,0,0,0,0,0,0,120,511,1,47,38,310,0,1,124.1
31,326,0,16,3,0,0,0,0,0,66,311,2,47,40,261,3,5,125.2
27,144,0,15,0,0,0,0,0,0,47,228,1,51,42,383,3,4,127.1
28,30,3,11,11,0,0,0,0,0,0,0,0,97,64,505,5,5,148.5
25,402,0,17,0,0,0,0,0,0,103,502,4,14,11,48,1,5,96
25,259,1,17,8,0,0,0,0,0,0,0,0,61,36,479,6,6,119.9
24,142,3,17,15,0,0,0,0,0,0,0,0,74,47,602,4,4,131.2
23,126,0,12,1,0,0,0,0,0,84,312,4,35,30,224,1,5,113.6
25,257,1,17,8,0,0,0,0,0,0,0,0,58,36,548,4,5,118.8
21,0,1,13,12,0,0,0,0,0,1,9,0,57,29,556,4,4,111.5
24,200,1,17,7,0,0,0,0,0,3,16,0,87,66,621,3,3,147.7
24,169,3,16,9,0,0,0,0,0,0,0,0,58,42,477,6,6,123.7
25,171,3,14,14,0,0,0,0,0,1,-4,0,87,59,600,4,4,140.6
23,212,1,17,14,0,0,0,0,0,9,44,1,81,47,539,3,4,129.3
26,149,0,17,3,0,0,0,0,0,120,538,1,29,23,206,0,1,103.4
28,278,2,8,5,107,181,1071,6,5,18,133,2,0,0,0,0,2,80.1
25,255,0,17,2,0,0,0,0,0,104,444,2,18,14,68,3,5,93.2
22,481,1,15,13,0,0,0,0,0,0,0,0,68,43,589,3,3,121.9
30,42,1,14,10,0,0,0,0,0,0,0,0,85,44,547,4,4,122.7
24,0,0,16,3,0,0,0,0,0,84,420,4,16,15,152,0,4,94.2
30,151,3,16,16,0,0,0,0,0,0,0,0,97,66,674,2,2,145.4
34,41,3,8,8,2,4,21,0,1,39,278,6,31,23,187,0,6,102.3
28,352,1,17,13,0,0,0,0,0,10,79,0,87,62,686,1,1,140.5
24,154,1,16,13,0,0,0,0,0,1,7,0,71,47,548,4,4,124.5
29,258,3,17,3,0,0,0,0,0,0,0,0,83,65,665,2,2,141.5
29,140,2,7,7,137,216,1148,5,3,31,148,1,0,0,0,0,1,76.7
23,0,1,16,13,0,0,0,0,0,6,24,0,84,49,497,4,4,125.1
27,96,0,15,5,0,0,0,0,0,113,437,4,24,21,119,0,4,96.6
25,166,1,15,15,0,0,0,0,0,4,23,0,53,29,620,2,2,105.3
31,29,1,8,8,1,1,13,0,0,3,8,1,64,47,496,3,4,121.9
25,471,1,17,7,0,0,0,0,0,3,-4,0,42,28,414,6,6,103
27,305,0,17,1,0,0,0,0,0,41,213,1,25,18,284,3,4,91.7
25,230,3,17,10,0,0,0,0,0,1,-4,0,49,40,437,5,5,113.3
28,191,3,17,5,0,0,0,0,0,0,0,0,66,50,548,3,3,122.8
25,46,3,17,16,0,0,0,0,0,0,0,0,55,47,474,4,4,120.4
24,157,0,16,5,0,0,0,0,0,113,496,1,27,24,76,2,3,97.2
28,221,1,17,2,0,0,0,0,0,16,92,0,52,31,420,2,4,104.2
32,107,1,17,14,0,0,0,0,0,0,0,0,74,49,600,2,2,121
23,145,1,17,5,0,0,0,0,0,0,0,0,76,39,415,5,5,110.5
29,187,3,16,15,0,0,0,0,0,1,0,0,72,51,449,4,4,121.9
27,309,3,17,17,0,0,0,0,0,0,0,0,43,32,413,5,5,103.3
27,128,1,16,13,0,0,0,0,0,2,17,0,71,39,573,2,2,110
31,303,1,17,13,0,0,0,0,0,0,0,0,50,31,378,5,5,98.8
25,174,1,15,7,0,0,0,0,0,0,0,0,65,39,584,1,1,107.4
24,0,2,7,6,130,228,1317,4,5,18,146,0,0,0,0,0,0,67.3
27,285,1,17,6,0,0,0,0,0,1,8,0,64,45,506,3,3,112.4
20,0,0,17,2,0,0,0,0,0,92,334,2,27,19,148,1,3,85.2
30,261,1,14,8,0,0,0,0,0,1,4,0,44,19,411,4,4,84.5
27,0,1,13,7,0,0,0,0,0,0,0,0,55,41,475,3,3,106.5
28,67,3,17,13,0,0,0,0,0,0,0,0,85,53,532,2,2,118.2
22,325,1,17,7,0,0,0,0,0,0,0,0,51,32,390,3,4,97
30,322,3,17,8,0,0,0,0,0,0,0,0,59,45,476,3,3,108.6
24,0,1,11,4,0,1,0,0,0,3,45,0,46,31,400,3,3,93.5
29,152,3,10,10,0,0,0,0,0,0,0,0,52,42,496,2,2,103.6
25,198,3,17,11,0,0,0,0,0,1,17,0,70,52,479,2,2,113.6
23,0,1,11,4,1,1,19,0,0,0,0,0,46,32,478,2,2,92.6
29,53,0,11,6,0,0,0,0,0,101,365,4,5,3,6,0,4,64.1
26,294,2,5,5,86,133,829,3,3,26,135,2,0,0,0,0,2,60.7
23,176,0,14,0,0,0,0,0,0,55,150,6,20,16,104,0,6,77.4
28,319,3,15,8,0,0,0,0,0,0,0,0,64,50,481,2,2,110.1
24,163,1,17,13,0,0,0,0,0,1,1,0,102,61,538,1,1,120.9
26,116,1,6,5,0,0,0,0,0,6,29,0,41,20,349,3,4,79.8
23,476,0,17,0,0,0,0,0,0,50,308,2,12,9,109,1,3,68.7
37,313,2,6,5,106,160,989,7,6,11,34,0,0,0,0,0,0,59
27,95,0,8,6,0,0,0,0,0,74,242,2,27,23,187,1,3,81.9
31,0,1,16,9,0,0,0,0,0,0,0,0,44,33,394,3,3,92.4
29,340,0,8,8,0,0,0,0,0,102,332,3,11,5,31,1,4,63.3
25,160,1,17,5,0,1,0,0,0,2,7,0,62,42,562,0,0,98.9
25,153,3,13,9,0,0,0,0,0,0,0,0,75,44,448,2,2,100.8
27,236,3,14,9,0,0,0,0,0,0,0,0,64,48,500,1,1,104
28,124,1,12,8,0,0,0,0,0,2,6,0,67,33,375,3,3,89.1
29,587,0,17,1,0,0,0,0,0,55,261,4,12,9,27,0,4,63.8
26,235,1,17,4,0,0,0,0,0,5,31,0,50,37,342,3,3,90.3
29,365,1,17,5,0,0,0,0,0,1,0,0,57,32,351,3,3,85.1
29,170,0,17,0,0,0,0,0,0,20,92,1,35,28,322,1,2,81.4
27,194,0,11,2,0,0,0,0,0,55,205,2,30,24,148,1,3,77.3
32,6,0,13,1,0,0,0,0,0,85,278,2,23,19,161,0,2,70.9
25,477,2,7,2,40,54,550,3,0,20,138,1,0,0,0,0,1,51.8
32,379,3,17,6,0,0,0,0,0,0,0,0,58,40,390,2,2,91
28,173,1,11,9,0,0,0,0,0,0,0,0,56,35,453,1,1,86.3
24,412,3,17,10,0,0,0,0,0,0,0,0,53,40,411,2,2,91.1
24,324,1,11,6,0,0,0,0,0,1,-5,0,49,29,339,3,3,80.4
22,0,3,17,6,0,0,0,0,0,0,0,0,38,30,245,4,4,78.5
31,411,1,14,5,0,0,0,0,0,8,69,0,51,32,334,1,1,80.3
25,178,0,17,1,0,0,0,0,0,75,290,1,22,16,116,0,1,62.6
29,106,0,15,2,0,0,0,0,0,74,226,3,15,12,69,0,3,57.5
27,28,3,10,9,0,0,0,0,0,0,0,0,62,41,455,0,0,86.5
31,387,2,3,0,34,44,364,4,0,18,92,1,0,0,0,0,1,45.8
32,316,2,8,5,95,161,826,2,1,15,62,0,0,0,0,0,0,45.2
25,48,3,14,14,0,0,0,0,0,0,0,0,86,59,494,0,0,104.4
24,57,1,8,8,0,0,0,0,0,1,7,0,44,32,400,1,1,76.7
25,61,0,7,6,0,0,0,0,0,83,310,1,16,12,79,0,1,56.9
31,110,1,10,9,0,0,0,0,0,3,-3,0,54,26,259,3,3,69.6
21,0,0,13,1,0,0,0,0,0,76,310,2,5,5,27,0,2,48.7
28,134,1,8,7,0,0,0,0,0,0,0,0,47,27,379,1,1,70.9
27,273,3,15,12,0,0,0,0,0,0,0,0,28,22,258,3,3,65.8
24,0,2,5,3,61,105,775,3,3,7,11,1,0,0,0,0,1,44.1
30,36,3,9,9,0,0,0,0,0,0,0,0,64,47,365,1,1,89.5
24,172,0,11,0,0,0,0,0,0,40,293,2,4,2,2,0,2,43.5
21,0,0,13,1,0,0,0,0,0,63,291,1,6,6,59,0,1,47
24,72,1,4,4,0,0,0,0,0,1,1,0,29,24,288,2,2,64.9
28,190,1,17,7,0,0,0,0,0,0,0,0,32,22,289,2,2,62.9
28,334,1,17,12,0,0,0,0,0,0,0,0,40,24,276,2,2,63.6
30,189,1,12,2,0,0,0,0,0,2,0,0,22,17,215,2,3,56.5
21,0,3,16,8,0,0,0,0,0,0,0,0,43,33,342,1,1,73.2
30,150,1,16,8,0,1,0,0,0,1,3,0,57,39,390,0,0,78.3
25,213,0,13,0,0,0,0,0,0,24,223,1,20,16,104,0,1,54.7
21,0,1,16,6,0,0,0,0,0,2,8,0,53,28,263,2,2,67.1
23,0,3,12,11,0,0,0,0,0,0,0,0,43,29,331,1,1,68.1
33,0,4,17,15,0,0,0,0,0,5,26,1,31,19,200,2,3,57.6
25,354,0,17,3,0,0,0,0,0,56,159,2,19,16,99,0,2,53.8
26,25,1,7,7,0,0,0,0,0,0,0,0,47,25,374,0,0,62.4
29,184,1,12,9,0,1,0,0,0,1,6,0,38,28,305,1,1,65.1
25,317,1,16,3,0,1,0,0,0,3,26,0,40,30,308,1,1,67.4
22,0,0,17,0,0,0,0,0,0,30,174,1,12,9,75,1,2,45.9
28,268,3,16,13,0,0,0,0,0,0,0,0,33,22,311,1,1,59.1
30,421,0,17,1,0,0,0,0,0,30,112,0,28,19,198,1,1,56
26,454,3,17,13,0,0,0,0,0,0,0,0,30,24,298,1,1,59.8
30,274,1,18,5,0,0,0,0,0,0,0,0,34,21,298,1,1,56.8
31,186,1,14,7,0,0,0,0,0,0,0,0,29,14,231,2,2,49.1
26,432,1,15,2,0,0,0,0,0,0,0,0,41,26,291,1,1,61.1
25,251,3,17,9,0,0,0,0,0,0,0,0,49,30,294,1,1,65.4
28,271,1,14,8,0,0,0,0,0,0,0,0,26,18,231,2,2,53.1
25,113,1,10,9,0,0,0,0,0,0,0,0,42,20,239,2,2,53.9
24,385,0,16,0,0,0,0,0,0,32,153,1,15,11,61,1,2,44.4
26,265,1,17,7,0,0,0,0,0,0,0,0,45,31,293,1,1,64.3
28,1,0,4,4,0,0,0,0,0,50,202,0,19,15,146,0,0,47.8
28,131,1,14,2,0,0,0,0,0,5,14,0,46,31,253,1,1,63.7
24,254,3,12,11,0,0,0,0,0,0,0,0,32,23,234,2,2,56.4
25,369,3,17,4,0,0,0,0,0,0,0,0,37,28,248,1,1,60.8
31,614,3,17,10,0,0,0,0,0,0,0,0,20,17,135,3,3,48.5
24,397,0,15,0,0,0,0,0,0,36,183,1,13,11,69,0,1,42.2
29,84,2,2,1,32,47,361,2,2,9,24,2,0,0,0,0,2,30.8
24,358,1,13,3,0,0,0,0,0,0,0,0,37,24,254,1,1,55.4
22,0,1,17,7,1,1,24,0,0,4,6,0,55,23,312,0,0,53.8
24,260,0,9,0,0,0,0,0,0,35,173,2,1,1,12,0,2,31.5
27,248,3,17,14,0,0,0,0,0,0,0,0,22,13,188,2,2,43.8
27,612,1,12,6,0,0,0,0,0,5,33,1,29,16,158,1,2,47.1
24,0,1,15,3,0,0,0,0,0,2,12,0,28,22,293,0,0,52.5
25,480,3,17,10,0,0,0,0,0,0,0,0,15,14,115,3,3,43.5
25,0,0,17,0,0,0,0,0,0,34,89,2,3,3,49,1,3,32.8
26,342,3,17,6,0,0,0,0,0,0,0,0,36,27,241,1,1,57.1
29,222,1,15,4,1,1,21,1,0,0,0,0,27,20,211,1,1,49.9
24,328,3,17,6,0,0,0,0,0,0,0,0,24,20,172,2,2,49.2
24,0,2,2,1,30,45,323,4,0,5,-1,0,0,0,0,0,0,28.8
23,0,1,14,3,0,0,0,0,0,5,25,1,36,26,223,0,1,54.8
23,0,0,10,0,0,0,0,0,0,43,155,0,9,5,62,1,1,32.7
29,231,0,14,1,0,0,0,0,0,48,164,1,11,9,57,0,1,37.1
24,0,0,17,1,0,0,0,0,0,58,207,0,8,7,58,0,0,33.5
24,333,1,15,2,0,0,0,0,0,12,39,0,17,13,112,2,2,40.1
28,147,0,11,3,0,0,0,0,0,71,232,0,8,6,54,0,0,32.6
26,344,0,13,1,0,0,0,0,0,39,183,1,11,3,25,0,1,29.8
30,323,3,17,3,0,0,0,0,0,0,0,0,27,19,142,2,2,45.2
33,282,0,13,1,0,0,0,0,0,32,135,0,14,12,80,1,1,37.5
23,445,3,17,9,0,0,0,0,0,0,0,0,25,19,200,1,1,45
25,263,0,3,1,0,0,0,0,0,35,131,1,11,11,57,0,1,35.8
29,321,1,17,2,0,0,0,0,0,0,0,0,12,7,131,1,2,32.1
24,589,1,11,3,0,0,0,0,0,0,0,0,20,12,128,2,2,36.8
26,115,2,5,1,25,42,291,2,1,9,15,1,0,0,0,0,1,25.1
29,136,1,9,2,0,0,0,0,0,0,0,0,24,13,194,1,1,38.4
25,435,1,17,0,0,0,0,0,0,0,0,0,12,11,193,1,1,36.3
24,436,1,14,1,0,0,0,0,0,0,0,0,30,12,177,1,1,35.7
24,438,3,16,6,0,0,0,0,0,0,0,0,14,11,115,2,2,34.5
28,304,0,14,1,0,0,0,0,0,32,143,0,19,12,96,0,0,35.9
22,269,0,6,2,0,0,0,0,0,39,148,1,8,5,33,0,1,29.1
21,0,0,15,1,0,0,0,0,0,68,249,0,6,3,8,0,0,26.7
24,155,1,17,6,0,0,0,0,0,1,13,0,33,19,216,0,0,41.9
23,202,1,15,3,0,0,0,0,0,0,0,0,22,12,172,1,1,35.2
25,199,0,8,5,0,0,0,0,0,65,183,1,8,6,30,0,1,29.3
26,146,0,17,0,0,0,0,0,0,56,182,0,6,6,42,0,0,28.4
24,341,1,13,1,0,0,0,0,0,0,0,0,13,10,97,2,2,31.7
26,133,0,14,1,0,0,0,0,0,36,130,1,11,10,25,0,1,31.5
25,86,2,6,1,52,85,458,2,2,9,36,0,0,0,0,0,0,21.9
26,370,3,17,8,0,0,0,0,0,0,0,0,16,13,100,2,2,35
31,256,3,17,13,0,0,0,0,0,0,0,0,22,12,147,1,1,32.7
26,398,1,12,0,0,0,0,0,0,5,62,1,14,12,90,0,1,33.2
24,0,0,5,2,0,0,0,0,0,39,183,0,7,6,29,0,0,27.2
22,0,1,15,7,0,0,0,0,0,1,0,0,33,12,87,2,2,32.7
26,247,0,14,0,0,0,0,0,0,26,108,0,22,14,104,0,0,35.2
33,183,2,1,1,27,41,334,2,1,2,5,0,0,0,0,0,0,19.9
30,237,3,11,0,0,0,0,0,0,1,1,0,23,19,154,1,1,38.5
29,0,1,8,0,0,0,0,0,0,0,0,0,28,12,120,1,1,32
35,139,2,2,0,17,22,119,3,0,3,13,0,0,0,0,0,0,20.1
32,453,4,17,2,0,0,0,0,0,7,8,1,10,10,65,1,2,29.3
28,562,0,15,0,0,0,0,0,0,20,69,0,12,10,59,1,1,28.8
31,188,3,3,3,0,0,0,0,0,0,0,0,12,8,66,2,2,26.6
25,364,3,13,3,0,0,0,0,0,1,2,0,11,9,131,1,1,28.3
24,584,0,17,0,0,0,0,0,0,31,172,0,4,3,22,0,0,22.4
24,0,2,1,0,22,29,241,1,0,10,16,1,0,0,0,0,1,19.2
26,330,3,15,2,0,0,0,0,0,0,0,0,19,16,208,0,0,34.8
24,0,3,15,9,0,0,0,0,0,0,0,0,22,15,133,1,1,34.3
26,483,0,17,0,0,0,0,0,0,9,49,0,3,3,11,1,2,21
26,229,3,17,6,0,0,0,0,0,0,0,0,31,14,182,0,0,32.2
23,0,1,7,1,0,0,0,0,0,0,0,0,15,9,118,1,1,26.8
28,310,0,17,0,0,0,0,0,0,31,139,0,5,3,40,0,0,20.9
32,218,1,15,4,0,0,0,0,0,0,0,0,30,20,203,0,0,38.3
26,243,1,17,3,0,0,0,0,0,0,0,0,17,13,107,1,1,29.7
31,336,1,6,1,0,0,0,0,0,0,0,0,13,9,72,2,2,26.2
27,0,1,15,2,0,0,0,0,0,5,45,0,8,2,67,1,1,19.2
23,0,1,17,4,0,0,0,0,0,0,0,0,24,18,168,0,0,34.8
26,287,3,17,6,0,0,0,0,0,0,0,0,14,9,109,1,1,25.9
28,284,3,17,15,0,0,0,0,0,1,-4,0,22,20,109,1,1,36.5
22,0,0,17,3,0,0,0,0,0,56,183,0,11,7,26,0,0,23.9
24,0,3,9,6,0,0,0,0,0,0,0,0,22,20,158,0,0,35.8
24,0,1,8,2,0,0,0,0,0,1,9,0,22,11,151,0,0,27
23,228,3,11,8,0,0,0,0,0,0,0,0,32,21,156,0,0,36.6
30,518,3,17,3,0,0,0,0,0,0,0,0,14,11,97,1,1,26.7
25,331,2,7,2,61,118,440,0,6,21,122,0,0,0,0,0,0,15.8
28,0,4,15,10,0,0,0,0,0,10,17,1,12,11,96,0,1,26.3
26,357,3,13,2,0,0,0,0,0,0,0,0,23,19,152,0,0,34.2
24,410,0,16,4,0,0,0,0,0,12,38,0,16,12,111,0,0,26.9
25,276,1,17,0,0,0,0,0,0,8,54,0,17,8,91,0,0,22.5
23,233,1,17,6,0,0,0,0,0,2,5,0,42,17,167,0,0,32.2
30,217,2,9,0,19,26,179,2,0,17,1,0,0,0,0,0,0,15.3
30,396,2,3,0,27,50,276,1,1,3,9,0,0,0,0,0,0,13.9
25,590,0,11,0,0,0,0,0,0,20,70,0,18,12,71,0,0,26.1
30,400,4,17,6,0,0,0,0,0,0,0,0,5,3,22,1,2,17.2
28,368,1,17,1,0,0,0,0,0,0,0,0,9,8,83,1,1,22.3
24,292,3,17,8,0,0,0,0,0,0,0,0,17,14,125,0,0,26.5
26,132,2,3,2,31,44,257,0,0,8,32,0,0,0,0,0,0,13.5
25,0,2,8,1,18,39,226,1,1,11,22,0,0,0,0,0,0,13.2
24,0,2,4,1,25,41,266,0,1,11,41,0,0,0,0,0,0,12.7
25,366,0,17,0,0,0,0,0,0,22,99,0,6,5,34,0,0,18.3
25,0,1,3,0,0,0,0,0,0,0,0,0,1,1,69,1,1,13.9
24,373,1,16,3,0,0,0,0,0,0,0,0,26,12,117,0,0,23.7
23,440,1,10,2,0,0,0,0,0,0,0,0,11,9,124,0,0,21.4
27,307,0,1,0,0,0,0,0,0,4,55,1,0,0,0,0,1,11.5
27,167,1,8,4,0,0,0,0,0,0,0,0,18,7,57,1,1,18.7
22,0,0,16,1,0,0,0,0,0,30,82,0,4,4,35,0,0,15.7
23,0,1,14,1,0,0,0,0,0,0,0,0,14,4,107,0,0,14.7
24,539,0,17,0,0,0,0,0,0,22,102,0,3,2,11,0,0,13.3
27,430,1,8,2,0,0,0,0,0,0,0,0,16,6,106,0,0,16.6
27,581,1,1,0,0,0,0,0,0,0,0,0,2,1,49,1,1,11.9
24,367,3,17,9,0,0,0,0,0,0,0,0,28,18,105,0,0,28.5
23,0,1,7,1,0,0,0,0,0,2,6,0,9,7,41,1,1,17.7
24,618,3,11,2,0,0,0,0,0,0,0,0,9,6,51,1,1,17.1
26,479,3,9,1,0,0,0,0,0,0,0,0,8,5,47,1,1,15.7
25,351,3,17,5,0,0,0,0,0,0,0,0,8,6,40,1,1,16
24,468,3,16,11,0,0,0,0,0,0,0,0,19,12,100,0,0,22
26,347,2,4,0,20,36,212,0,0,3,11,0,0,0,0,0,0,9.6
25,417,3,16,3,0,0,0,0,0,0,0,0,8,5,36,1,1,14.6
24,0,1,10,1,0,0,0,0,0,0,0,0,9,6,95,0,0,15.5
32,353,3,12,5,0,0,0,0,0,0,0,0,10,6,40,1,1,16
24,0,1,11,1,0,0,0,0,0,0,0,0,26,14,99,0,0,23.9
23,0,1,16,4,0,0,0,0,0,0,0,0,15,5,38,1,1,14.8
27,141,1,2,1,0,0,0,0,0,0,0,0,15,9,91,0,0,18.1
26,299,3,13,3,0,0,0,0,0,0,0,0,12,9,86,0,0,17.6
27,404,1,5,0,0,0,0,0,0,0,0,0,8,6,30,1,1,15
28,143,1,7,0,0,0,0,0,0,0,0,0,10,4,31,1,1,13.1
24,0,3,5,0,0,0,0,0,0,0,0,0,6,5,88,0,0,13.8
31,0,4,17,3,0,0,0,0,0,2,10,1,6,5,35,0,1,13.5
32,492,3,17,11,0,0,0,0,0,0,0,0,4,3,30,1,1,12
22,0,3,17,2,0,0,0,0,0,0,0,0,5,5,28,1,1,13.8
25,0,3,17,0,0,0,0,0,0,0,0,0,14,9,88,0,0,17.8
23,424,0,7,0,0,0,0,0,0,17,70,0,5,3,18,0,0,11.8
25,394,0,16,1,0,0,0,0,0,15,80,0,0,0,0,0,0,8
32,428,1,15,2,0,0,0,0,0,0,0,0,12,6,76,0,0,13.6
27,465,1,13,1,0,0,0,0,0,4,3,0,16,11,79,0,0,19.2
25,0,1,11,1,0,0,0,0,0,0,0,0,14,10,102,0,0,18.2
23,244,1,17,0,0,0,0,0,0,1,5,0,10,6,39,1,1,14.4
29,227,1,11,2,0,0,0,0,0,0,0,0,11,8,84,0,0,16.4
25,329,1,8,2,0,0,0,0,0,3,-3,0,12,7,100,0,0,14.7
27,0,2,3,1,21,33,187,0,0,1,4,0,0,0,0,0,0,7.9
23,0,1,9,0,0,0,0,0,0,0,0,0,3,1,21,1,1,9.1
27,619,1,3,0,0,0,0,0,0,0,0,0,3,2,18,1,1,9.8
29,290,0,9,0,0,0,0,0,0,16,57,0,3,3,19,0,0,10.6
23,0,1,15,0,0,0,0,0,0,1,7,0,6,4,80,0,0,10.7
30,345,1,8,0,0,0,0,0,0,0,0,0,9,7,66,0,0,13.6
25,210,0,2,0,0,0,0,0,0,13,46,0,5,3,24,0,0,10
27,356,3,17,8,0,0,0,0,0,0,0,0,17,12,67,0,0,18.7
25,431,0,17,0,0,0,0,0,0,14,31,0,11,10,82,0,0,17.3
31,314,3,9,2,0,0,0,0,0,0,0,0,13,8,73,0,0,15.3
26,0,3,8,0,0,0,0,0,0,0,0,0,2,1,7,1,1,7.7
27,281,1,13,1,0,0,0,0,0,0,0,0,9,5,69,0,0,11.9
29,246,1,17,1,0,0,0,0,0,0,0,0,10,7,71,0,0,14.1
27,377,1,10,1,0,0,0,0,0,0,0,0,5,5,69,0,0,11.9
24,0,1,5,2,0,0,0,0,0,0,0,0,17,7,65,0,0,13.5
25,175,2,1,1,16,31,170,1,2,2,2,0,0,0,0,0,0,7
32,0,2,3,1,17,30,199,1,2,3,4,0,0,0,0,0,0,6.4
24,0,0,3,0,0,0,0,0,0,11,86,0,3,3,-2,0,0,9.4
27,362,3,17,6,0,0,0,0,0,0,0,0,13,8,84,0,0,14.4
32,161,1,9,0,0,0,0,0,0,0,0,0,18,9,55,0,0,14.5
23,249,1,16,3,0,0,0,0,0,0,0,0,19,8,62,0,0,14.2
26,580,3,17,2,0,0,0,0,0,0,0,0,9,7,60,0,0,13
22,192,0,5,0,0,0,0,0,0,15,30,0,1,1,28,0,0,6.8
26,515,0,2,0,0,0,0,0,0,0,0,0,0,0,0,0,1,6
26,390,1,12,2,0,0,0,0,0,1,1,0,5,5,36,0,1,10.7
25,311,1,15,0,0,0,0,0,0,0,0,0,0,0,0,0,1,6
29,0,0,6,0,0,0,0,0,0,13,51,0,3,1,-2,0,0,5.9
21,0,0,3,1,0,0,0,0,0,9,22,0,3,3,23,0,0,7.5
30,298,3,15,7,0,0,0,0,0,0,0,0,12,8,65,0,0,12.5
31,437,1,13,0,0,0,0,0,0,0,0,0,14,9,72,0,0,14.2
25,458,3,7,1,0,0,0,0,0,0,0,0,5,5,51,0,0,10.1
26,374,1,8,0,0,0,0,0,0,0,0,0,1,1,5,0,1,5.5
24,238,3,7,3,0,0,0,0,0,0,0,0,10,7,45,0,0,11.5
25,0,1,5,1,0,0,0,0,0,0,0,0,6,2,48,0,0,6.8
29,252,3,17,4,0,0,0,0,0,0,0,0,17,9,53,0,0,14.3
24,378,1,6,1,0,0,0,0,0,0,0,0,8,4,47,0,0,8.7
23,0,0,16,0,0,0,0,0,0,6,14,0,3,3,37,0,0,8.1
32,296,2,3,1,12,19,118,0,0,3,0,0,0,0,0,0,0,4.7
27,478,3,16,5,0,0,0,0,0,0,0,0,12,7,46,0,0,11.6
23,355,3,15,5,0,0,0,0,0,0,0,0,13,6,39,0,0,9.9
24,312,1,5,2,0,0,0,0,0,2,1,0,8,4,34,0,0,7.5
27,540,1,6,0,0,0,0,0,0,0,0,0,4,3,37,0,0,6.7
27,504,1,6,0,0,0,0,0,0,0,0,0,3,3,44,0,0,7.4
30,196,3,17,4,0,0,0,0,0,0,0,0,13,8,36,0,0,11.6
25,506,3,9,5,0,0,0,0,0,0,0,0,8,7,39,0,0,10.9
26,420,1,17,0,0,0,0,0,0,0,0,0,5,3,41,0,0,7.1
26,0,0,1,0,0,0,0,0,0,5,24,0,3,1,15,0,0,4.9
24,375,1,7,1,0,0,0,0,0,0,0,0,6,3,41,0,0,7.1
23,0,3,17,9,0,0,0,0,0,0,0,0,7,6,37,0,0,9.7
24,422,3,17,5,0,0,0,0,0,0,0,0,5,4,42,0,0,8.2
27,0,1,15,0,0,0,0,0,0,4,36,0,2,2,6,0,0,6.2
26,0,0,5,0,0,0,0,0,0,10,44,0,3,2,0,0,0,6.4
26,0,1,4,0,0,0,0,0,0,0,0,0,3,2,44,0,0,6.4
23,0,0,6,0,0,0,0,0,0,10,31,0,2,0,0,0,0,3.1
28,0,1,6,1,0,0,0,0,0,0,0,0,3,3,31,0,0,6.1
24,262,1,1,0,0,0,0,0,0,0,0,0,3,3,27,0,0,5.7
29,300,0,2,0,0,0,0,0,0,8,20,0,1,1,10,0,0,4
27,456,1,5,1,0,0,0,0,0,0,0,0,8,7,34,0,0,10.4
24,464,3,9,3,0,0,0,0,0,0,0,0,12,5,28,0,0,7.8
24,0,3,8,6,0,0,0,0,0,0,0,0,5,5,28,0,0,7.8
31,180,2,4,0,3,5,28,0,0,2,20,0,0,0,0,0,0,3.1
26,565,0,10,0,0,0,0,0,0,6,23,0,3,3,11,0,0,6.4
26,0,2,3,0,6,9,62,0,0,5,2,0,0,0,0,0,0,2.7
24,0,0,2,0,0,0,0,0,0,6,22,0,1,1,10,0,0,4.2
23,0,0,3,0,0,0,0,0,0,13,33,0,1,0,0,0,0,3.3
25,335,3,10,0,0,0,0,0,0,0,0,0,8,4,29,0,0,6.9
22,0,0,2,0,0,0,0,0,0,13,32,0,0,0,0,0,0,3.2
31,283,1,12,0,0,0,0,0,0,0,0,0,7,3,30,0,0,6
25,348,1,7,0,0,0,0,0,0,2,7,0,4,4,20,0,0,6.7
23,0,3,15,0,0,0,0,0,0,0,0,0,3,2,20,0,0,4
24,297,1,9,0,0,0,0,0,0,0,0,0,6,2,22,0,0,4.2
27,530,1,4,0,0,0,0,0,0,0,0,0,2,1,17,0,0,2.7
26,542,3,8,1,0,0,0,0,0,0,0,0,4,3,16,0,0,4.6
22,0,1,9,1,0,0,0,0,0,2,26,0,6,3,16,0,0,5.2
23,0,1,8,0,0,0,0,0,0,0,0,0,1,1,23,0,0,3.3
24,0,3,12,2,0,0,0,0,0,0,0,0,4,3,21,0,0,5.1
29,245,1,7,2,0,0,0,0,0,0,0,0,10,3,15,0,0,4.5
26,512,1,6,0,0,0,0,0,0,0,0,0,2,2,17,0,0,3.7
23,0,0,1,0,0,0,0,0,0,6,15,0,1,1,3,0,0,2.8
30,0,1,2,0,0,0,0,0,0,0,0,0,1,1,16,0,0,2.6
25,0,0,3,0,0,0,0,0,0,6,17,0,0,0,0,0,0,1.7
24,0,1,9,0,0,0,0,0,0,0,0,0,7,3,22,0,0,5.2
26,522,1,1,0,0,0,0,0,0,0,0,0,3,2,40,0,0,4
27,523,0,4,0,0,0,0,0,0,5,22,0,0,0,0,0,0,2.2
25,0,0,2,0,0,0,0,0,0,4,10,0,2,1,13,0,0,3.3
28,0,3,12,1,0,0,0,0,0,0,0,0,1,1,22,0,0,3.2
28,628,2,1,0,1,1,19,0,0,0,0,0,0,0,0,0,0,0.8
31,339,1,2,0,0,0,0,0,0,0,0,0,4,1,5,0,0,1.5
22,0,1,11,1,0,0,0,0,0,0,0,0,4,1,12,0,0,2.2
24,0,0,8,0,0,0,0,0,0,5,12,0,2,1,-4,0,0,1.8
25,546,1,12,1,0,0,0,0,0,0,0,0,1,1,6,0,0,1.6
24,484,0,1,0,0,0,0,0,0,3,7,0,0,0,0,0,0,0.7
26,0,3,2,0,0,0,0,0,0,0,0,0,2,1,5,0,0,1.5
27,429,3,15,0,0,0,0,0,0,0,0,0,3,3,14,0,0,4.4
23,0,1,3,0,0,0,0,0,0,0,0,0,4,2,11,0,0,3.1
29,503,3,17,0,0,0,0,0,0,0,0,0,1,1,5,0,0,1.5
29,0,3,3,0,0,0,0,0,0,0,0,0,3,1,5,0,0,1.5
27,0,3,16,0,0,0,0,0,0,0,0,0,3,1,12,0,0,2.2
27,556,0,5,0,0,0,0,0,0,3,-1,0,1,1,11,0,0,2
27,558,4,15,0,0,0,0,0,0,3,7,0,0,0,0,0,0,0.7
26,241,1,3,0,0,0,0,0,0,0,0,0,2,2,12,0,0,3.2
25,0,0,5,0,0,0,0,0,0,3,10,0,1,1,-1,0,0,1.9
26,207,1,3,0,0,0,0,0,0,0,0,0,1,1,9,0,0,1.9
27,510,1,9,0,0,0,0,0,0,0,0,0,2,1,6,0,0,1.6
38,0,2,6,0,2,3,17,0,0,4,1,0,0,0,0,0,0,0.8
22,0,1,5,0,0,0,0,0,0,2,11,0,1,0,0,0,0,1.1
24,266,3,2,1,0,0,0,0,0,0,0,0,3,2,7,0,0,2.7
24,0,1,8,0,0,0,0,0,0,0,0,0,3,1,7,0,0,1.7
25,0,3,5,2,0,0,0,0,0,0,0,0,2,1,6,0,0,1.6
26,0,1,3,0,0,0,0,0,0,2,11,0,0,0,0,0,0,1.1
29,179,2,4,0,2,2,38,0,0,3,-2,0,0,0,0,0,0,1.3
27,0,2,1,0,0,0,0,0,0,1,5,0,0,0,0,0,0,0.5
26,0,1,1,0,0,0,0,0,0,0,0,0,1,1,9,0,0,1.9
29,0,1,1,0,0,0,0,0,0,0,0,0,2,1,6,0,0,1.6
25,0,0,1,0,0,0,0,0,0,1,3,0,1,1,6,0,0,1.9
23,343,1,11,0,0,0,0,0,0,0,0,0,1,1,5,0,0,1.5
26,0,3,8,0,0,0,0,0,0,0,0,0,1,1,7,0,0,1.7
28,289,2,3,0,0,0,0,0,0,4,5,0,0,0,0,0,0,0.5
26,460,3,11,2,0,0,0,0,0,0,0,0,3,2,10,0,0,3
31,418,3,8,2,0,0,0,0,0,0,0,0,1,1,7,0,0,1.7
30,632,1,2,0,0,0,0,0,0,0,0,0,1,1,11,0,0,2.1
28,444,3,5,2,0,0,0,0,0,0,0,0,6,3,7,0,0,3.7
32,0,3,9,1,0,0,0,0,0,0,0,0,4,2,9,0,0,2.9
23,0,1,8,0,0,0,0,0,0,0,0,0,2,1,14,0,0,2.4
29,498,2,1,0,3,11,28,0,0,0,0,0,0,0,0,0,0,1.1
24,0,3,7,2,0,0,0,0,0,0,0,0,1,1,7,0,0,1.7
23,0,1,8,0,0,0,0,0,0,0,0,0,3,2,6,0,0,2.6
27,0,1,3,0,0,0,0,0,0,0,0,0,0,0,0,0,0,
24,209,2,4,0,2,2,11,0,0,6,-7,0,0,0,0,0,0,-0.3
25,0,3,7,0,0,0,0,0,0,0,0,0,1,0,0,0,0,
28,279,3,4,0,0,0,0,0,0,0,0,0,2,0,0,0,0,
29,272,1,6,0,0,0,0,0,0,0,0,0,4,0,0,0,0,
28,462,0,5,0,0,0,0,0,0,0,0,0,0,0,0,0,0,
25,427,0,2,0,0,0,0,0,0,0,0,0,0,0,0,0,0,
25,0,0,5,0,0,0,0,0,0,1,2,0,0,0,0,0,0,0.2
28,94,2,3,0,0,0,0,0,0,2,-2,0,0,0,0,0,0,-0.2
26,536,1,2,0,0,0,0,0,0,0,0,0,0,0,0,0,0,
23,0,1,1,0,0,0,0,0,0,0,0,0,0,0,0,0,0,
27,538,1,13,0,0,0,0,0,0,0,0,0,1,0,0,0,0,
26,455,1,2,0,0,0,0,0,0,0,0,0,0,0,0,0,0,
24,0,3,1,0,0,0,0,0,0,0,0,0,1,0,0,0,0,
26,0,1,1,0,0,0,0,0,0,0,0,0,0,0,0,0,0,
31,372,2,1,0,0,0,0,0,0,0,0,0,0,0,0,0,0,
32,277,1,3,0,0,0,0,0,0,0,0,0,0,0,0,0,0,
26,320,0,5,0,0,0,0,0,0,3,3,0,0,0,0,0,0,0.3
24,487,1,2,0,0,0,0,0,0,0,0,0,2,0,0,0,0,
25,552,3,8,0,0,0,0,0,0,0,0,0,0,0,0,0,0,
29,554,3,7,0,0,0,0,0,0,0,0,0,0,0,0,0,0,
27,555,1,1,0,0,0,0,0,0,0,0,0,0,0,0,0,0,
24,507,3,9,0,0,0,0,0,0,0,0,0,1,1,2,0,0,1.2
24,0,1,14,0,0,0,0,0,0,0,0,0,0,0,0,0,0,
26,0,4,2,0,0,0,0,0,0,0,0,0,0,0,0,0,0,
27,302,1,5,0,0,0,0,0,0,0,0,0,0,0,0,0,0,
29,563,3,5,1,0,0,0,0,0,0,0,0,0,0,0,0,0,
24,509,0,1,0,0,0,0,0,0,0,0,0,0,0,0,0,0,
25,407,0,1,0,0,0,0,0,0,0,0,0,0,0,0,0,0,
24,0,1,4,0,0,0,0,0,0,1,-1,0,0,0,0,0,0,-0.1
26,469,1,2,0,0,0,0,0,0,0,0,0,0,0,0,0,0,
24,0,1,1,0,0,0,0,0,0,0,0,0,0,0,0,0,0,
30,511,4,3,1,0,0,0,0,0,0,0,0,0,0,0,0,0,
27,433,1,3,0,0,0,0,0,0,3,11,0,1,1,8,0,0,0.9
27,0,3,2,0,0,0,0,0,0,0,0,0,0,0,0,0,0,
28,0,0,2,0,0,0,0,0,0,0,0,0,0,0,0,0,0,
27,208,0,3,0,0,0,0,0,0,1,2,0,0,0,0,0,0,0.2
28,0,1,4,0,0,0,0,0,0,0,0,0,1,0,0,0,0,
26,441,3,17,1,0,0,0,0,0,0,0,0,0,0,0,0,0,
25,578,3,1,0,0,0,0,0,0,0,0,0,0,0,0,0,0,
40,416,3,17,4,0,0,0,0,0,0,0,0,2,1,2,0,0,1.2
28,0,3,2,0,0,0,0,0,0,0,0,0,0,0,0,0,0,
32,583,3,4,1,0,0,0,0,0,0,0,0,1,0,0,0,0,
25,0,3,2,0,0,0,0,0,0,0,0,0,0,0,0,0,0,
25,0,0,2,0,0,0,0,0,0,0,0,0,0,0,0,0,0,
22,0,0,2,0,0,0,0,0,0,0,0,0,0,0,0,0,0,
25,470,3,1,0,0,0,0,0,0,0,0,0,0,0,0,0,0,
31,223,1,5,0,0,0,0,0,0,0,0,0,0,0,0,0,0,
31,223,1,0,0,,,,,,,,,,,,,0,
24,270,1,6,0,0,0,0,0,0,0,0,0,3,0,0,0,0,
23,0,1,1,0,0,0,0,0,0,0,0,0,0,0,0,0,0,
26,493,3,4,0,0,0,0,0,0,0,0,0,0,0,0,0,0,
27,0,3,2,0,0,0,0,0,0,0,0,0,0,0,0,0,0,
30,495,1,17,0,0,0,0,0,0,0,0,0,0,0,0,0,0,
25,0,0,1,0,0,0,0,0,0,0,0,0,0,0,0,0,0,
27,597,4,17,7,0,0,0,0,0,0,0,0,4,0,0,0,0,
28,631,1,9,0,0,0,0,0,0,0,0,0,3,3,21,0,0,3.1
24,472,3,7,4,0,0,0,0,0,0,0,0,0,0,0,0,0,
22,0,1,3,0,0,0,0,0,0,0,0,0,0,0,0,0,0,
24,0,0,6,0,0,0,0,0,0,0,0,0,0,0,0,0,0,
25,450,1,2,0,0,0,0,0,0,0,0,0,1,0,0,0,0,
26,603,3,11,0,0,0,0,0,0,0,0,0,0,0,0,0,0,
24,0,3,10,0,0,0,0,0,0,0,0,0,0,0,0,0,0,
26,0,1,1,0,0,0,0,0,0,0,0,0,0,0,0,0,0,
26,361,3,5,1,0,0,0,0,0,0,0,0,0,0,0,0,0,
28,443,1,2,0,0,0,0,0,0,0,0,0,0,0,0,0,0,
28,381,3,1,0,0,0,0,0,0,0,0,0,1,0,0,0,0,
28,521,1,1,0,0,0,0,0,0,0,0,0,0,0,0,0,0,
25,0,3,16,0,0,0,0,0,0,0,0,0,0,0,0,0,0,
30,401,3,5,0,0,0,0,0,0,0,0,0,0,0,0,0,0,
26,611,2,4,0,1,1,5,0,0,5,-4,0,0,0,0,0,0,-0.2
29,496,1,2,0,0,0,0,0,0,0,0,0,0,0,0,0,0,
25,0,1,2,0,0,0,0,0,0,0,0,0,1,1,-2,0,0,0.8
31,392,3,7,3,0,0,0,0,0,0,0,0,0,0,0,0,0,
27,461,0,3,0,0,0,0,0,0,2,4,0,0,0,0,0,0,0.4
26,0,1,7,0,0,0,0,0,0,0,0,0,0,0,0,0,0,
26,615,3,1,0,0,0,0,0,0,0,0,0,0,0,0,0,0,
26,0,0,1,0,0,0,0,0,0,0,0,0,0,0,0,0,0,
25,617,1,1,0,0,0,0,0,0,0,0,0,0,0,0,0,0,
24,0,1,3,0,0,0,0,0,0,0,0,0,0,0,0,0,0,
24,0,1,2,0,0,0,0,0,0,0,0,0,2,0,0,0,0,
25,0,3,3,0,0,0,0,0,0,0,0,0,0,0,0,0,0,
28,446,3,2,0,0,0,0,0,0,0,0,0,0,0,0,0,0,
26,0,0,17,0,0,0,0,0,0,0,0,0,0,0,0,0,0,
25,620,3,10,0,0,0,0,0,0,0,0,0,2,0,0,0,0,
24,0,0,1,0,0,0,0,0,0,0,0,0,0,0,0,0,0,
26,622,3,6,0,0,0,0,0,0,0,0,0,0,0,0,0,0,
27,425,0,17,0,0,0,0,0,0,0,0,0,0,0,0,0,0,
23,0,1,1,0,0,0,0,0,0,0,0,0,0,0,0,0,0,
24,0,3,6,0,0,0,0,0,0,0,0,0,0,0,0,0,0,
25,627,1,14,0,0,0,0,0,0,0,0,0,1,0,0,0,0,
24,77,2,2,0,5,14,24,0,1,1,2,0,0,0,0,0,0,-0.8
25,0,0,10,0,0,0,0,0,0,1,0,0,0,0,0,0,0,-2
27,474,1,9,0,0,0,0,0,0,1,0,0,0,0,0,0,0,-2
25,295,1,3,0,0,0,0,0,0,2,-4,0,1,0,0,0,0,-2.4
25,434,2,6,0,2,2,8,0,0,7,-4,0,0,0,0,0,0,-2.1
24,0,1,12,0,0,0,0,0,0,1,-5,0,3,1,8,0,0,-2.7
