Rk,Previous Rank,Age,FantPos,G,GS,Cmp,Att,Yds,TD,Int,Att,Yds,Y/A,TD,Tgt,Rec,Yds,Y/R,TD,Fmb,FL,TD,PPR,PosRank
1,43,27,0,16,16,0,0,0,0,0,345,2005,5.81,13,43,33,278,8.42,2,2,1,15,355.3,1
2,16,30,0,17,17,0,0,0,0,0,325,1921,5.91,16,22,19,193,10.16,2,3,1,18,336.4,2
3,35,22,0,17,4,0,0,0,0,0,250,1412,5.65,16,63,52,517,9.94,4,1,1,20,362.9,3
4,10,27,1,17,17,316,474,4172,41,4,139,915,6.58,4,0,0,0,,0,10,5,4,430.4,1
5,33,24,1,17,16,0,0,0,0,0,3,32,10.67,0,175,127,1708,13.45,17,0,0,17,403,1
6,38,22,0,17,17,0,0,0,0,0,304,1456,4.79,14,72,61,431,7.07,1,1,0,15,341.7,4
7,93,26,0,17,17,0,0,0,0,0,301,1329,4.42,15,43,36,342,9.5,1,4,3,16,293.1,5
8,3,28,1,17,17,307,483,3731,28,6,102,531,5.21,12,0,0,7,,1,5,2,13,379,2
9,90,28,1,17,17,460,652,4918,43,9,42,201,4.79,2,0,0,0,,0,11,5,2,372.8,3
10,13,24,0,16,16,0,0,0,0,0,316,1299,4.11,14,40,34,182,5.35,2,5,3,16,272.1,6
11,37,25,0,16,16,0,0,0,0,0,207,1009,4.87,16,38,32,258,8.06,2,1,0,18,266.7,7
12,70,25,1,17,17,1,1,22,0,0,1,3,3,0,154,103,1533,14.88,10,1,0,10,317.5,2
13,60,29,1,17,17,407,570,4500,41,16,60,378,6.3,3,0,0,0,,0,13,2,3,365.8,4
14,97,25,0,14,13,0,0,0,0,0,303,1431,4.72,11,31,18,136,7.56,1,4,1,12,244.7,8
15,22,31,1,15,15,0,0,0,0,0,0,0,,0,94,78,1106,14.18,8,0,0,8,236.6,1
16,0,24,1,17,17,331,480,3568,25,9,148,891,6.02,6,0,0,0,,0,5,0,6,355.8,5
17,69,23,0,17,16,0,0,0,0,0,203,907,4.47,6,87,78,592,7.59,6,1,0,12,299.9,9
18,7,25,1,17,17,1,1,7,1,0,2,6,3,0,141,115,1263,10.98,12,1,1,12,316.2,3
19,0,22,1,17,16,0,0,0,0,0,6,48,8,0,133,87,1282,14.74,10,0,0,10,284,4
20,0,22,1,17,16,0,0,0,0,0,5,13,2.6,0,153,112,1194,10.66,5,0,0,5,262.7,2
21,52,29,0,16,16,0,0,0,0,0,236,1094,4.64,8,55,47,414,8.81,1,4,1,9,253.8,10
22,17,28,0,14,14,0,1,0,0,0,245,1016,4.15,11,52,36,309,8.58,1,0,0,12,240.5,11
23,75,29,1,17,17,0,0,0,0,0,2,2,1,0,117,82,1096,13.37,13,1,1,13,267.8,5
24,56,25,1,16,16,0,0,0,0,0,1,2,2,1,147,111,1146,10.32,2,0,0,4,249.8,3
25,239,24,0,16,10,0,0,0,0,0,229,990,4.32,7,65,54,360,6.67,4,2,1,11,255,12
26,121,23,1,17,17,0,0,0,0,0,1,-3,-3,0,158,100,1271,12.71,9,0,0,9,280.8,6
27,92,25,0,15,15,0,0,0,0,0,250,1195,4.78,10,54,43,171,3.98,1,4,3,11,241.6,13
28,159,29,1,17,6,0,0,0,0,0,2,-1,-0.5,0,111,88,884,10.05,8,2,1,8,222.3,4
29,68,29,1,17,13,0,0,0,0,0,4,5,1.25,0,69,55,673,12.24,11,0,0,11,188.8,5
30,0,22,0,17,3,0,0,0,0,0,207,1122,5.42,8,52,47,392,8.34,0,2,1,8,244.4,14
31,87,29,0,14,14,0,0,0,0,0,228,950,4.17,6,89,68,543,7.99,2,1,0,8,265.3,15
32,119,30,0,17,17,0,0,0,0,0,255,1138,4.46,5,62,51,408,8,2,5,3,7,241.6,16
33,40,30,1,17,17,390,539,4629,37,12,35,56,1.6,0,1,1,7,7,1,6,0,1,324.5,6
34,32,27,0,14,14,1,1,3,1,0,185,775,4.19,12,38,36,341,9.47,0,2,1,12,221.7,17
35,9,31,1,14,14,0,0,0,0,0,0,0,,0,110,74,1004,13.57,11,0,0,11,240.4,7
36,19,23,0,16,16,0,0,0,0,0,209,876,4.19,5,76,57,483,8.47,3,6,2,8,240.9,18
37,0,21,1,15,13,0,1,0,0,0,5,2,0.4,0,170,109,1204,11.05,7,1,0,7,273.6,8
38,0,24,1,17,17,376,567,3775,29,12,92,430,4.67,4,1,1,2,2,1,3,0,5,317.2,7
39,5,26,1,15,15,248,361,2903,18,5,150,630,4.2,14,0,0,0,,0,9,5,14,315.1,8
40,2,25,1,15,15,0,0,0,0,0,14,70,5,0,152,101,1194,11.82,6,1,1,6,263.4,9
41,11,23,1,16,16,0,0,0,0,0,0,0,,0,83,60,726,12.1,7,0,0,7,174.6,6
42,74,29,1,17,13,2,2,30,1,0,0,0,,0,135,81,1081,13.35,8,1,1,8,240.3,10
43,0,23,1,16,14,0,0,0,0,0,0,0,,0,112,82,1149,14.01,7,2,0,7,240.9,11
44,219,24,1,17,17,0,0,0,0,0,3,6,2,0,70,50,707,14.14,7,1,1,7,163.3,7
45,301,34,1,17,17,0,0,0,0,0,0,0,,0,91,66,654,9.91,7,1,0,7,177.4,8
46,34,32,1,14,14,0,0,0,0,0,0,0,,0,141,85,1063,12.51,8,0,0,8,241.3,12
47,318,27,1,17,17,361,545,4319,35,12,67,212,3.16,1,0,0,0,,0,8,4,1,308,9
48,205,23,1,15,11,0,0,0,0,0,11,61,5.55,1,91,58,1001,17.26,7,0,0,8,212.2,13
49,73,25,0,17,17,0,0,0,0,0,253,959,3.79,6,52,42,386,9.19,0,2,0,6,214.5,19
50,138,22,1,17,16,1,1,35,0,0,5,26,5.2,0,137,100,1130,11.3,6,1,0,6,253,14
51,137,25,1,17,16,0,0,0,0,0,0,0,,0,145,90,1229,13.66,4,0,0,4,240.9,15
52,112,24,1,17,17,0,0,0,0,0,2,5,2.5,0,154,101,1104,10.93,7,2,2,7,251.9,16
53,65,26,0,17,17,0,0,0,0,0,263,1043,3.97,6,48,36,283,7.86,0,0,0,6,204.6,20
54,47,22,1,15,15,0,0,0,0,0,3,20,6.67,1,99,63,875,13.89,9,0,0,10,212.5,18
55,20,27,1,13,13,0,0,0,0,0,0,0,,0,97,67,1079,16.1,7,0,0,7,216.9,17
56,130,25,1,12,9,0,0,0,0,0,0,0,,0,109,73,911,12.48,10,1,1,10,222.1,19
57,226,26,1,17,11,0,0,0,0,0,0,0,,0,78,65,653,10.05,7,3,2,7,168.3,9
58,91,27,1,17,17,372,541,3851,21,11,78,572,7.33,5,0,0,0,,0,8,4,5,297.2,10
59,26,35,1,16,16,0,0,0,0,0,1,1,1,0,133,97,823,8.48,3,2,1,3,195.4,10
60,23,25,1,12,12,0,0,0,0,0,0,0,,0,99,68,1006,14.79,7,0,0,7,210.6,20
61,45,24,1,17,10,0,0,0,0,0,20,163,8.15,1,75,55,857,15.58,6,3,1,7,197,21
62,405,26,0,13,11,0,0,0,0,0,195,905,4.64,9,38,32,153,4.78,0,0,0,9,191.8,21
63,63,27,0,16,16,0,0,0,0,0,260,1079,4.15,5,57,41,238,5.8,0,2,2,5,200.7,22
64,156,26,0,16,15,0,0,0,0,0,235,1079,4.59,2,49,39,249,6.38,3,3,2,5,197.8,23
65,15,27,1,17,17,0,1,0,0,0,14,75,5.36,0,140,98,966,9.86,6,1,1,6,238.1,22
66,4,30,1,17,17,0,0,0,0,0,8,53,6.63,0,123,81,959,11.84,6,0,0,6,218.2,23
67,101,24,1,17,15,0,0,0,0,0,9,56,6.22,0,116,74,1059,14.31,4,0,0,4,209.5,24
68,0,22,1,17,16,0,0,0,0,0,0,0,,0,116,62,885,14.27,8,1,1,8,196.5,26
69,44,30,1,17,14,0,0,0,0,0,8,55,6.88,1,120,64,1017,15.89,4,1,1,5,199.2,25
70,267,27,1,15,10,0,0,0,0,0,0,0,,0,113,77,975,12.66,6,1,0,6,210.5,27
71,81,26,1,17,17,332,504,3870,23,3,69,306,4.43,2,0,0,0,,0,6,2,2,285.4,11
72,54,26,1,13,13,0,0,0,0,0,1,1,1,0,89,68,833,12.25,8,0,0,8,199.4,28
73,51,28,1,15,15,0,0,0,0,0,2,23,11.5,0,129,87,1027,11.8,4,0,0,4,218,29
74,50,29,1,16,16,392,581,3928,26,11,58,307,5.29,2,1,1,2,2,0,2,0,2,283,12
75,31,25,1,15,15,300,455,3864,20,12,66,323,4.89,5,0,0,0,,0,7,3,5,266.9,13
76,83,34,1,17,17,407,578,4320,21,15,53,272,5.13,2,0,0,0,,0,9,0,2,266,14
77,601,41,1,17,17,368,584,3897,28,11,22,107,4.86,0,0,0,0,,0,5,2,0,256.6,15
78,0,23,1,17,17,351,562,3541,20,6,81,489,6.04,0,0,0,0,,0,10,5,0,254.5,16
79,18,26,1,15,15,268,425,3389,25,11,25,83,3.32,1,0,0,0,,0,4,0,1,233.9,17
80,58,23,1,17,17,336,532,3727,20,12,52,233,4.48,0,1,0,0,,0,6,4,0,220.4,18
81,79,36,1,16,16,340,517,3762,20,8,30,41,1.37,0,0,0,0,,0,6,2,0,214.6,19
82,88,23,1,14,12,234,384,2403,15,9,43,249,5.79,6,0,0,0,,0,5,2,6,195,20
83,66,26,1,11,11,291,399,2867,19,7,17,49,2.88,0,0,0,0,,0,7,2,0,181.6,21
84,0,22,1,13,12,225,338,2276,15,10,54,421,7.8,2,0,0,0,,0,9,6,2,177.1,22
85,89,36,1,14,14,303,453,3508,18,16,23,0,0,0,0,0,0,,0,13,2,0,176.3,23
86,78,36,1,11,11,214,336,2482,16,5,43,155,3.6,2,0,0,0,,0,5,4,2,172.8,24
87,164,22,1,11,11,126,264,1814,8,12,86,499,5.8,6,1,1,-1,-1,0,9,3,6,163.4,25
88,80,33,1,10,10,189,279,2145,15,5,17,71,4.18,1,0,0,0,,0,3,0,1,150.9,26
89,24,25,0,16,15,0,0,0,0,0,144,613,4.26,3,57,51,393,7.71,6,3,3,9,199.6,24
90,162,23,0,17,6,0,0,0,0,0,135,569,4.21,8,52,42,340,8.1,1,0,0,9,186.9,25
91,76,25,1,10,10,172,284,2045,11,7,26,119,4.58,3,0,0,-5,,0,3,1,3,145.2,27
92,0,25,0,17,12,0,0,0,0,0,192,839,4.37,5,53,38,284,7.47,1,5,2,6,182.3,26
93,117,26,0,15,14,0,0,0,0,0,207,801,3.87,7,41,33,168,5.09,1,7,3,8,175.9,27
94,71,25,0,14,13,0,0,0,0,0,187,799,4.27,8,25,20,159,7.95,0,2,2,8,159.8,28
95,201,27,1,10,10,216,341,2070,8,7,67,265,3.96,2,0,0,0,,0,4,2,2,135.3,28
96,59,24,0,11,11,0,0,0,0,0,153,573,3.75,7,53,46,299,6.5,1,1,0,8,181.2,29
97,122,29,0,13,8,0,0,0,0,0,200,728,3.64,7,32,23,176,7.65,0,0,0,7,155.4,30
98,393,30,1,12,7,181,296,2121,13,12,25,83,3.32,1,0,0,0,,0,5,2,1,131.1,29
99,224,25,1,17,14,0,0,0,0,0,0,0,,0,72,45,756,16.8,9,0,0,9,174.6,30
100,220,27,1,16,16,0,1,0,0,0,0,0,,0,106,64,992,15.5,5,0,0,5,193.2,31
101,14,23,1,11,11,0,0,0,0,0,11,46,4.18,1,106,79,990,12.53,3,0,0,4,206.6,33
102,0,21,1,17,13,0,0,0,0,0,20,104,5.2,3,98,59,638,10.81,6,0,0,9,187.2,32
103,39,27,1,15,12,0,0,0,0,0,0,0,,0,108,66,992,15.03,5,2,2,5,191.2,34
104,185,24,1,16,13,0,0,0,0,0,0,0,,0,69,37,824,22.27,7,0,0,7,161.4,35
105,327,23,0,16,1,0,0,0,0,0,168,766,4.56,7,12,7,54,7.71,0,4,1,7,129,31
106,204,23,1,15,11,0,0,0,0,0,3,6,2,0,91,55,711,12.93,8,0,0,8,174.7,36
107,125,25,1,12,12,190,301,2091,13,12,45,183,4.07,0,0,0,0,,0,10,6,0,119.9,30
108,82,25,1,10,6,106,161,1106,5,1,62,289,4.66,5,0,0,0,,0,6,1,5,119.1,31
109,8,31,1,8,8,185,286,1978,11,8,13,54,4.15,1,0,0,0,,0,4,1,1,116.5,32
110,27,32,1,15,15,0,1,0,0,1,0,0,,0,121,70,744,10.63,7,1,0,7,184.4,37
111,135,23,1,14,8,0,0,0,0,0,1,12,12,0,107,72,803,11.15,5,0,0,5,183.5,38
112,473,31,1,12,8,187,308,1844,12,5,26,18,0.69,0,0,0,0,,0,9,3,0,109.6,33
113,120,31,1,12,11,0,0,0,0,0,2,10,5,0,100,67,710,10.6,6,1,0,6,175,39
114,158,24,1,15,9,0,0,0,0,0,2,4,2,0,100,76,821,10.8,4,1,0,4,182.5,40
115,100,24,0,17,11,0,0,0,0,0,139,513,3.69,4,70,52,346,6.65,0,2,2,4,157.9,32
116,55,23,1,14,12,0,0,0,0,0,2,-6,-3,0,103,59,900,15.25,3,1,1,3,164.4,41
117,232,25,0,12,6,0,0,0,0,0,153,789,5.16,3,14,11,91,8.27,0,3,1,3,115,33
118,203,27,1,17,9,0,0,0,0,0,0,0,,0,60,32,497,15.53,9,0,0,9,135.7,42
119,21,28,1,15,15,0,0,0,0,0,42,136,3.24,1,81,51,670,13.14,3,2,1,4,153.6,44
120,253,25,1,17,15,0,0,0,0,0,0,0,,0,79,49,610,12.45,7,0,0,7,152,43
121,123,26,0,14,7,0,0,0,0,0,132,420,3.18,4,48,36,294,8.17,1,1,1,5,137.4,34
122,0,25,0,17,0,0,0,0,0,0,113,442,3.91,3,19,17,189,11.12,3,0,0,6,116.1,35
123,127,39,1,8,6,162,248,1761,12,7,9,26,2.89,0,0,0,0,,0,4,4,0,99,34
124,0,23,1,13,12,0,0,0,0,0,4,43,10.75,0,58,37,461,12.46,8,0,0,8,135.4,45
125,99,29,0,12,6,0,0,0,0,0,77,367,4.77,4,41,35,366,10.46,0,3,0,4,132.3,36
126,64,25,0,14,6,0,0,0,0,0,104,565,5.43,3,43,37,225,6.08,0,0,0,3,134,37
127,62,27,1,16,14,0,0,0,0,0,0,0,,0,111,69,808,11.71,3,1,1,3,165.8,46
128,118,26,1,10,7,171,262,1672,8,8,28,92,3.29,1,0,0,0,,0,2,2,1,96.1,36
129,85,28,1,10,9,203,306,2013,9,10,19,58,3.05,0,0,0,0,,0,6,4,0,96.3,35
130,240,29,1,8,5,146,228,1530,9,9,25,106,4.24,1,0,0,0,,0,5,1,1,95.8,37
131,108,24,0,17,0,0,0,0,0,0,137,644,4.7,3,13,13,88,6.77,0,0,0,3,106.2,38
132,105,26,1,9,7,154,243,1612,8,4,21,30,1.43,1,0,0,0,,0,2,2,1,93.5,38
133,193,30,1,17,17,0,0,0,0,0,0,0,,0,64,31,505,16.29,7,0,0,7,123.5,47
134,102,34,1,10,10,0,0,0,0,0,0,0,,0,62,48,615,12.81,5,0,0,5,139.5,49
135,103,26,1,15,15,0,0,0,0,0,4,12,3,0,83,58,744,12.83,2,0,0,2,149.6,48
136,12,25,0,15,15,0,0,0,0,0,150,558,3.72,2,52,39,254,6.51,0,1,1,2,130.2,39
137,49,32,1,16,8,0,0,0,0,0,0,0,,0,80,56,610,10.89,5,1,0,5,147,50
138,0,22,1,17,2,0,0,0,0,0,13,42,3.23,0,52,39,503,12.9,6,1,0,6,129.5,52
139,0,22,1,17,12,0,0,0,0,0,3,15,5,0,101,54,734,13.59,3,2,1,3,144.9,51
140,165,23,1,17,7,0,0,0,0,0,3,18,6,0,140,93,699,7.52,3,0,0,3,182.7,53
141,111,25,1,14,10,0,0,0,0,0,9,43,4.78,0,81,51,667,13.08,3,0,0,3,140,54
142,250,29,1,12,10,0,1,0,0,0,0,0,,0,60,37,530,14.32,6,0,0,6,126,55
143,104,28,1,7,7,0,0,0,0,0,1,2,2,0,62,50,576,11.52,5,1,0,5,137.8,56
144,114,24,1,13,12,0,0,0,0,0,0,0,,0,72,46,601,13.07,4,0,0,4,132.1,57
145,98,26,0,15,0,0,0,0,0,0,120,511,4.26,1,47,38,310,8.16,0,2,1,1,124.1,40
146,326,31,0,16,3,0,0,0,0,0,66,311,4.71,2,47,40,261,6.53,3,2,1,5,125.2,41
147,144,27,0,15,0,0,0,0,0,0,47,228,4.85,1,51,42,383,9.12,3,0,0,4,127.1,42
148,30,28,1,11,11,0,0,0,0,0,0,0,,0,97,64,505,7.89,5,0,0,5,148.5,11
149,402,25,0,17,0,0,0,0,0,0,103,502,4.87,4,14,11,48,4.36,1,0,0,5,96,43
150,259,25,1,17,8,0,0,0,0,0,0,0,,0,61,36,479,13.31,6,0,0,6,119.9,58
151,142,24,1,17,15,0,0,0,0,0,0,0,,0,74,47,602,12.81,4,0,0,4,131.2,12
152,126,23,0,12,1,0,0,0,0,0,84,312,3.71,4,35,30,224,7.47,1,1,0,5,113.6,44
153,257,25,1,17,8,0,0,0,0,0,0,0,,0,58,36,548,15.22,4,1,1,5,118.8,59
154,0,21,1,13,12,0,0,0,0,0,1,9,9,0,57,29,556,19.17,4,0,0,4,111.5,60
155,200,24,1,17,7,0,0,0,0,0,3,16,5.33,0,87,66,621,9.41,3,1,0,3,147.7,62
156,169,24,1,16,9,0,0,0,0,0,0,0,,0,58,42,477,11.36,6,1,1,6,123.7,13
157,171,25,1,14,14,0,0,0,0,0,1,-4,-4,0,87,59,600,10.17,4,2,1,4,140.6,14
158,212,23,1,17,14,0,0,0,0,0,9,44,4.89,1,81,47,539,11.47,3,0,0,4,129.3,61
159,149,26,0,17,3,0,0,0,0,0,120,538,4.48,1,29,23,206,8.96,0,2,0,1,103.4,45
160,278,28,1,8,5,107,181,1071,6,5,18,133,7.39,2,0,0,0,,0,5,2,2,80.1,39
161,255,25,0,17,2,0,0,0,0,0,104,444,4.27,2,18,14,68,4.86,3,1,1,5,93.2,46
162,481,22,1,15,13,0,0,0,0,0,0,0,,0,68,43,589,13.7,3,0,0,3,121.9,63
163,42,30,1,14,10,0,0,0,0,0,0,0,,0,85,44,547,12.43,4,0,0,4,122.7,64
164,0,24,0,16,3,0,0,0,0,0,84,420,5,4,16,15,152,10.13,0,3,1,4,94.2,47
165,151,30,1,16,16,0,0,0,0,0,0,0,,0,97,66,674,10.21,2,0,0,2,145.4,15
166,41,34,1,8,8,2,4,21,0,1,39,278,7.13,6,31,23,187,8.13,0,1,1,6,102.3,16
167,352,28,1,17,13,0,0,0,0,0,10,79,7.9,0,87,62,686,11.06,1,4,2,1,140.5,65
168,154,24,1,16,13,0,0,0,0,0,1,7,7,0,71,47,548,11.66,4,1,1,4,124.5,66
169,258,29,1,17,3,0,0,0,0,0,0,0,,0,83,65,665,10.23,2,1,1,2,141.5,17
170,140,29,1,7,7,137,216,1148,5,3,31,148,4.77,1,0,0,0,,0,5,3,1,76.7,40
171,0,23,1,16,13,0,0,0,0,0,6,24,4,0,84,49,497,10.14,4,0,0,4,125.1,68
172,96,27,0,15,5,0,0,0,0,0,113,437,3.87,4,24,21,119,5.67,0,2,2,4,96.6,48
173,166,25,1,15,15,0,0,0,0,0,4,23,5.75,0,53,29,620,21.38,2,1,1,2,105.3,67
174,29,31,1,8,8,1,1,13,0,0,3,8,2.67,1,64,47,496,10.55,3,0,0,4,121.9,70
175,471,25,1,17,7,0,0,0,0,0,3,-4,-1.33,0,42,28,414,14.79,6,1,1,6,103,69
176,305,27,0,17,1,0,0,0,0,0,41,213,5.2,1,25,18,284,15.78,3,0,0,4,91.7,49
177,230,25,1,17,10,0,0,0,0,0,1,-4,-4,0,49,40,437,10.93,5,0,0,5,113.3,19
178,191,28,1,17,5,0,0,0,0,0,0,0,,0,66,50,548,10.96,3,2,0,3,122.8,20
179,46,25,1,17,16,0,0,0,0,0,0,0,,0,55,47,474,10.09,4,0,0,4,120.4,18
180,157,24,0,16,5,0,0,0,0,0,113,496,4.39,1,27,24,76,3.17,2,1,1,3,97.2,50
181,221,28,1,17,2,0,0,0,0,0,16,92,5.75,0,52,31,420,13.55,2,3,1,4,104.2,71
182,107,32,1,17,14,0,0,0,0,0,0,0,,0,74,49,600,12.24,2,0,0,2,121,72
183,145,23,1,17,5,0,0,0,0,0,0,0,,0,76,39,415,10.64,5,0,0,5,110.5,73
184,187,29,1,16,15,0,0,0,0,0,1,0,0,0,72,51,449,8.8,4,0,0,4,121.9,22
185,309,27,1,17,17,0,0,0,0,0,0,0,,0,43,32,413,12.91,5,0,0,5,103.3,21
186,128,27,1,16,13,0,0,0,0,0,2,17,8.5,0,71,39,573,14.69,2,1,0,2,110,74
187,303,31,1,17,13,0,0,0,0,0,0,0,,0,50,31,378,12.19,5,0,0,5,98.8,76
188,174,25,1,15,7,0,0,0,0,0,0,0,,0,65,39,584,14.97,1,0,0,1,107.4,75
189,0,24,1,7,6,130,228,1317,4,5,18,146,8.11,0,0,0,0,,0,5,3,0,67.3,41
190,285,27,1,17,6,0,0,0,0,0,1,8,8,0,64,45,506,11.24,3,3,1,3,112.4,77
191,0,20,0,17,2,0,0,0,0,0,92,334,3.63,2,27,19,148,7.79,1,0,0,3,85.2,51
192,261,30,1,14,8,0,0,0,0,0,1,4,4,0,44,19,411,21.63,4,0,0,4,84.5,78
193,0,27,1,13,7,0,0,0,0,0,0,0,,0,55,41,475,11.59,3,0,0,3,106.5,79
194,67,28,1,17,13,0,0,0,0,0,0,0,,0,85,53,532,10.04,2,0,0,2,118.2,23
195,325,22,1,17,7,0,0,0,0,0,0,0,,0,51,32,390,12.19,3,2,0,4,97,80
196,322,30,1,17,8,0,0,0,0,0,0,0,,0,59,45,476,10.58,3,2,1,3,108.6,24
197,0,24,1,11,4,0,1,0,0,0,3,45,15,0,46,31,400,12.9,3,0,0,3,93.5,81
198,152,29,1,10,10,0,0,0,0,0,0,0,,0,52,42,496,11.81,2,2,0,2,103.6,25
199,198,25,1,17,11,0,0,0,0,0,1,17,17,0,70,52,479,9.21,2,2,1,2,113.6,26
200,0,23,1,11,4,1,1,19,0,0,0,0,,0,46,32,478,14.94,2,0,0,2,92.6,82
201,53,29,0,11,6,0,0,0,0,0,101,365,3.61,4,5,3,6,2,0,0,0,4,64.1,53
202,294,26,1,5,5,86,133,829,3,3,26,135,5.19,2,0,0,0,,0,6,2,2,60.7,42
203,176,23,0,14,0,0,0,0,0,0,55,150,2.73,6,20,16,104,6.5,0,0,0,6,77.4,52
204,319,28,1,15,8,0,0,0,0,0,0,0,,0,64,50,481,9.62,2,0,0,2,110.1,27
205,163,24,1,17,13,0,0,0,0,0,1,1,1,0,102,61,538,8.82,1,0,0,1,120.9,83
206,116,26,1,6,5,0,0,0,0,0,6,29,4.83,0,41,20,349,17.45,3,1,1,4,79.8,84
207,476,23,0,17,0,0,0,0,0,0,50,308,6.16,2,12,9,109,12.11,1,1,0,3,68.7,54
208,313,37,1,6,5,106,160,989,7,6,11,34,3.09,0,0,0,0,,0,2,0,0,59,43
209,95,27,0,8,6,0,0,0,0,0,74,242,3.27,2,27,23,187,8.13,1,2,1,3,81.9,55
210,0,31,1,16,9,0,0,0,0,0,0,0,,0,44,33,394,11.94,3,0,0,3,92.4,85
211,340,29,0,8,8,0,0,0,0,0,102,332,3.25,3,11,5,31,6.2,1,1,1,4,63.3,56
212,160,25,1,17,5,0,1,0,0,0,2,7,3.5,0,62,42,562,13.38,0,0,0,0,98.9,86
213,153,25,1,13,9,0,0,0,0,0,0,0,,0,75,44,448,10.18,2,1,0,2,100.8,28
214,236,27,1,14,9,0,0,0,0,0,0,0,,0,64,48,500,10.42,1,0,0,1,104,29
215,124,28,1,12,8,0,0,0,0,0,2,6,3,0,67,33,375,11.36,3,0,0,3,89.1,87
216,587,29,0,17,1,0,0,0,0,0,55,261,4.75,4,12,9,27,3,0,0,0,4,63.8,57
217,235,26,1,17,4,0,0,0,0,0,5,31,6.2,0,50,37,342,9.24,3,3,1,3,90.3,88
218,365,29,1,17,5,0,0,0,0,0,1,0,0,0,57,32,351,10.97,3,0,0,3,85.1,89
219,170,29,0,17,0,0,0,0,0,0,20,92,4.6,1,35,28,322,11.5,1,0,0,2,81.4,58
220,194,27,0,11,2,0,0,0,0,0,55,205,3.73,2,30,24,148,6.17,1,1,0,3,77.3,59
221,6,32,0,13,1,0,0,0,0,0,85,278,3.27,2,23,19,161,8.47,0,2,2,2,70.9,60
222,477,25,1,7,2,40,54,550,3,0,20,138,6.9,1,0,0,0,,0,1,1,1,51.8,44
223,379,32,1,17,6,0,0,0,0,0,0,0,,0,58,40,390,9.75,2,1,0,2,91,31
224,173,28,1,11,9,0,0,0,0,0,0,0,,0,56,35,453,12.94,1,0,0,1,86.3,91
225,412,24,1,17,10,0,0,0,0,0,0,0,,0,53,40,411,10.28,2,1,1,2,91.1,30
226,324,24,1,11,6,0,0,0,0,0,1,-5,-5,0,49,29,339,11.69,3,1,1,3,80.4,90
227,0,22,1,17,6,0,0,0,0,0,0,0,,0,38,30,245,8.17,4,0,0,4,78.5,32
228,411,31,1,14,5,0,0,0,0,0,8,69,8.63,0,51,32,334,10.44,1,0,0,1,80.3,92
229,178,25,0,17,1,0,0,0,0,0,75,290,3.87,1,22,16,116,7.25,0,0,0,1,62.6,61
230,106,29,0,15,2,0,0,0,0,0,74,226,3.05,3,15,12,69,5.75,0,1,1,3,57.5,62
231,28,27,1,10,9,0,0,0,0,0,0,0,,0,62,41,455,11.1,0,0,0,0,86.5,33
232,387,31,1,3,0,34,44,364,4,0,18,92,5.11,1,0,0,0,,0,0,0,1,45.8,45
233,316,32,1,8,5,95,161,826,2,1,15,62,4.13,0,0,0,0,,0,4,1,0,45.2,46
234,48,25,1,14,14,0,0,0,0,0,0,0,,0,86,59,494,8.37,0,4,2,0,104.4,34
235,57,24,1,8,8,0,0,0,0,0,1,7,7,0,44,32,400,12.5,1,1,1,1,76.7,93
236,61,25,0,7,6,0,0,0,0,0,83,310,3.73,1,16,12,79,6.58,0,0,0,1,56.9,63
237,110,31,1,10,9,0,0,0,0,0,3,-3,-1,0,54,26,259,9.96,3,0,0,3,69.6,95
238,0,21,0,13,1,0,0,0,0,0,76,310,4.08,2,5,5,27,5.4,0,2,1,2,48.7,64
239,134,28,1,8,7,0,0,0,0,0,0,0,,0,47,27,379,14.04,1,0,0,1,70.9,94
240,273,27,1,15,12,0,0,0,0,0,0,0,,0,28,22,258,11.73,3,0,0,3,65.8,35
241,0,24,1,5,3,61,105,775,3,3,7,11,1.57,1,0,0,0,,0,2,0,1,44.1,47
242,36,30,1,9,9,0,0,0,0,0,0,0,,0,64,47,365,7.77,1,1,1,1,89.5,36
243,172,24,0,11,0,0,0,0,0,0,40,293,7.33,2,4,2,2,1,0,1,0,2,43.5,65
244,0,21,0,13,1,0,0,0,0,0,63,291,4.62,1,6,6,59,9.83,0,1,0,1,47,66
245,72,24,1,4,4,0,0,0,0,0,1,1,1,0,29,24,288,12,2,0,0,2,64.9,96
246,190,28,1,17,7,0,0,0,0,0,0,0,,0,32,22,289,13.14,2,0,0,2,62.9,97
247,334,28,1,17,12,0,0,0,0,0,0,0,,0,40,24,276,11.5,2,0,0,2,63.6,98
248,189,30,1,12,2,0,0,0,0,0,2,0,0,0,22,17,215,12.65,2,0,0,3,56.5,99
249,0,21,1,16,8,0,0,0,0,0,0,0,,0,43,33,342,10.36,1,1,0,1,73.2,37
250,150,30,1,16,8,0,1,0,0,0,1,3,3,0,57,39,390,10,0,0,0,0,78.3,100
251,213,25,0,13,0,0,0,0,0,0,24,223,9.29,1,20,16,104,6.5,0,0,0,1,54.7,67
252,0,21,1,16,6,0,0,0,0,0,2,8,4,0,53,28,263,9.39,2,0,0,2,67.1,101
253,0,23,1,12,11,0,0,0,0,0,0,0,,0,43,29,331,11.41,1,0,0,1,68.1,38
254,0,33,1,17,15,0,0,0,0,0,5,26,5.2,1,31,19,200,10.53,2,1,1,3,57.6,68
255,354,25,0,17,3,0,0,0,0,0,56,159,2.84,2,19,16,99,6.19,0,0,0,2,53.8,69
256,25,26,1,7,7,0,0,0,0,0,0,0,,0,47,25,374,14.96,0,0,0,0,62.4,102
257,184,29,1,12,9,0,1,0,0,0,1,6,6,0,38,28,305,10.89,1,0,0,1,65.1,104
258,317,25,1,16,3,0,1,0,0,0,3,26,8.67,0,40,30,308,10.27,1,1,1,1,67.4,103
259,0,22,0,17,0,0,0,0,0,0,30,174,5.8,1,12,9,75,8.33,1,0,0,2,45.9,71
260,268,28,1,16,13,0,0,0,0,0,0,0,,0,33,22,311,14.14,1,0,0,1,59.1,39
261,421,30,0,17,1,0,0,0,0,0,30,112,3.73,0,28,19,198,10.42,1,0,0,1,56,70
262,454,26,1,17,13,0,0,0,0,0,0,0,,0,30,24,298,12.42,1,0,0,1,59.8,40
263,274,30,1,18,5,0,0,0,0,0,0,0,,0,34,21,298,14.19,1,0,0,1,56.8,105
264,186,31,1,14,7,0,0,0,0,0,0,0,,0,29,14,231,16.5,2,0,0,2,49.1,106
265,432,26,1,15,2,0,0,0,0,0,0,0,,0,41,26,291,11.19,1,0,0,1,61.1,107
266,251,25,1,17,9,0,0,0,0,0,0,0,,0,49,30,294,9.8,1,0,0,1,65.4,41
267,271,28,1,14,8,0,0,0,0,0,0,0,,0,26,18,231,12.83,2,0,0,2,53.1,108
268,113,25,1,10,9,0,0,0,0,0,0,0,,0,42,20,239,11.95,2,1,1,2,53.9,109
269,385,24,0,16,0,0,0,0,0,0,32,153,4.78,1,15,11,61,5.55,1,0,0,2,44.4,72
270,265,26,1,17,7,0,0,0,0,0,0,0,,0,45,31,293,9.45,1,2,1,1,64.3,110
271,1,28,0,4,4,0,0,0,0,0,50,202,4.04,0,19,15,146,9.73,0,1,1,0,47.8,73
272,131,28,1,14,2,0,0,0,0,0,5,14,2.8,0,46,31,253,8.16,1,0,0,1,63.7,111
273,254,24,1,12,11,0,0,0,0,0,0,0,,0,32,23,234,10.17,2,1,1,2,56.4,42
274,369,25,1,17,4,0,0,0,0,0,0,0,,0,37,28,248,8.86,1,0,0,1,60.8,43
275,614,31,1,17,10,0,0,0,0,0,0,0,,0,20,17,135,7.94,3,0,0,3,48.5,44
276,397,24,0,15,0,0,0,0,0,0,36,183,5.08,1,13,11,69,6.27,0,0,0,1,42.2,74
277,84,29,1,2,1,32,47,361,2,2,9,24,2.67,2,0,0,0,,0,2,1,2,30.8,48
278,358,24,1,13,3,0,0,0,0,0,0,0,,0,37,24,254,10.58,1,1,0,1,55.4,112
279,0,22,1,17,7,1,1,24,0,0,4,6,1.5,0,55,23,312,13.57,0,2,1,0,53.8,114
280,260,24,0,9,0,0,0,0,0,0,35,173,4.94,2,1,1,12,12,0,0,0,2,31.5,75
281,248,27,1,17,14,0,0,0,0,0,0,0,,0,22,13,188,14.46,2,0,0,2,43.8,45
282,612,27,1,12,6,0,0,0,0,0,5,33,6.6,1,29,16,158,9.88,1,1,0,2,47.1,113
283,0,24,1,15,3,0,0,0,0,0,2,12,6,0,28,22,293,13.32,0,0,0,0,52.5,115
284,480,25,1,17,10,0,0,0,0,0,0,0,,0,15,14,115,8.21,3,0,0,3,43.5,47
285,0,25,0,17,0,0,0,0,0,0,34,89,2.62,2,3,3,49,16.33,1,1,1,3,32.8,76
286,342,26,1,17,6,0,0,0,0,0,0,0,,0,36,27,241,8.93,1,0,0,1,57.1,46
287,222,29,1,15,4,1,1,21,1,0,0,0,,0,27,20,211,10.55,1,1,1,1,49.9,116
288,328,24,1,17,6,0,0,0,0,0,0,0,,0,24,20,172,8.6,2,0,0,2,49.2,48
289,0,24,1,2,1,30,45,323,4,0,5,-1,-0.2,0,0,0,0,,0,0,0,0,28.8,49
290,0,23,1,14,3,0,0,0,0,0,5,25,5,1,36,26,223,8.58,0,1,1,1,54.8,117
291,0,23,0,10,0,0,0,0,0,0,43,155,3.6,0,9,5,62,12.4,1,1,0,1,32.7,78
292,231,29,0,14,1,0,0,0,0,0,48,164,3.42,1,11,9,57,6.33,0,0,0,1,37.1,77
293,0,24,0,17,1,0,0,0,0,0,58,207,3.57,0,8,7,58,8.29,0,0,0,0,33.5,81
294,333,24,1,15,2,0,0,0,0,0,12,39,3.25,0,17,13,112,8.62,2,3,0,2,40.1,118
295,147,28,0,11,3,0,0,0,0,0,71,232,3.27,0,8,6,54,9,0,2,1,0,32.6,80
296,344,26,0,13,1,0,0,0,0,0,39,183,4.69,1,11,3,25,8.33,0,0,0,1,29.8,79
297,323,30,1,17,3,0,0,0,0,0,0,0,,0,27,19,142,7.47,2,0,0,2,45.2,49
298,282,33,0,13,1,0,0,0,0,0,32,135,4.22,0,14,12,80,6.67,1,1,1,1,37.5,82
299,445,23,1,17,9,0,0,0,0,0,0,0,,0,25,19,200,10.53,1,0,0,1,45,50
300,263,25,0,3,1,0,0,0,0,0,35,131,3.74,1,11,11,57,5.18,0,0,0,1,35.8,83
301,321,29,1,17,2,0,0,0,0,0,0,0,,0,12,7,131,18.71,1,0,0,2,32.1,121
302,589,24,1,11,3,0,0,0,0,0,0,0,,0,20,12,128,10.67,2,0,0,2,36.8,122
303,115,26,1,5,1,25,42,291,2,1,9,15,1.67,1,0,0,0,,0,1,0,1,25.1,50
304,136,29,1,9,2,0,0,0,0,0,0,0,,0,24,13,194,14.92,1,0,0,1,38.4,119
305,435,25,1,17,0,0,0,0,0,0,0,0,,0,12,11,193,17.55,1,1,0,1,36.3,120
306,436,24,1,14,1,0,0,0,0,0,0,0,,0,30,12,177,14.75,1,0,0,1,35.7,123
307,438,24,1,16,6,0,0,0,0,0,0,0,,0,14,11,115,10.45,2,1,0,2,34.5,51
308,304,28,0,14,1,0,0,0,0,0,32,143,4.47,0,19,12,96,8,0,0,0,0,35.9,85
309,269,22,0,6,2,0,0,0,0,0,39,148,3.79,1,8,5,33,6.6,0,0,0,1,29.1,84
310,0,21,0,15,1,0,0,0,0,0,68,249,3.66,0,6,3,8,2.67,0,1,1,0,26.7,86
311,155,24,1,17,6,0,0,0,0,0,1,13,13,0,33,19,216,11.37,0,0,0,0,41.9,125
312,202,23,1,15,3,0,0,0,0,0,0,0,,0,22,12,172,14.33,1,1,0,1,35.2,124
313,199,25,0,8,5,0,0,0,0,0,65,183,2.82,1,8,6,30,5,0,2,2,1,29.3,87
314,146,26,0,17,0,0,0,0,0,0,56,182,3.25,0,6,6,42,7,0,0,0,0,28.4,88
315,341,24,1,13,1,0,0,0,0,0,0,0,,0,13,10,97,9.7,2,0,0,2,31.7,126
316,133,26,0,14,1,0,0,0,0,0,36,130,3.61,1,11,10,25,2.5,0,1,0,1,31.5,89
317,86,25,1,6,1,52,85,458,2,2,9,36,4,0,0,0,0,,0,3,2,0,21.9,51
318,370,26,1,17,8,0,0,0,0,0,0,0,,0,16,13,100,7.69,2,0,0,2,35,52
319,256,31,1,17,13,0,0,0,0,0,0,0,,0,22,12,147,12.25,1,0,0,1,32.7,53
320,398,26,1,12,0,0,0,0,0,0,5,62,12.4,1,14,12,90,7.5,0,0,0,1,33.2,127
321,0,24,0,5,2,0,0,0,0,0,39,183,4.69,0,7,6,29,4.83,0,0,0,0,27.2,90
322,0,22,1,15,7,0,0,0,0,0,1,0,0,0,33,12,87,7.25,2,0,0,2,32.7,128
323,247,26,0,14,0,0,0,0,0,0,26,108,4.15,0,22,14,104,7.43,0,0,0,0,35.2,91
324,183,33,1,1,1,27,41,334,2,1,2,5,2.5,0,0,0,0,,0,0,0,0,19.9,53
325,237,30,1,11,0,0,0,0,0,0,1,1,1,0,23,19,154,8.11,1,1,1,1,38.5,54
326,0,29,1,8,0,0,0,0,0,0,0,0,,0,28,12,120,10,1,0,0,1,32,129
327,139,35,1,2,0,17,22,119,3,0,3,13,4.33,0,0,0,0,,0,1,0,0,20.1,52
328,453,32,1,17,2,0,0,0,0,0,7,8,1.14,1,10,10,65,6.5,1,0,0,2,29.3,93
329,562,28,0,15,0,0,0,0,0,0,20,69,3.45,0,12,10,59,5.9,1,0,0,1,28.8,94
330,188,31,1,3,3,0,0,0,0,0,0,0,,0,12,8,66,8.25,2,0,0,2,26.6,58
331,364,25,1,13,3,0,0,0,0,0,1,2,2,0,11,9,131,14.56,1,0,0,1,28.3,55
332,584,24,0,17,0,0,0,0,0,0,31,172,5.55,0,4,3,22,7.33,0,0,0,0,22.4,92
333,0,24,1,1,0,22,29,241,1,0,10,16,1.6,1,0,0,0,,0,1,1,1,19.2,54
334,330,26,1,15,2,0,0,0,0,0,0,0,,0,19,16,208,13,0,1,1,0,34.8,57
335,0,24,1,15,9,0,0,0,0,0,0,0,,0,22,15,133,8.87,1,0,0,1,34.3,56
336,483,26,0,17,0,0,0,0,0,0,9,49,5.44,0,3,3,11,3.67,1,1,0,2,21,95
337,229,26,1,17,6,0,0,0,0,0,0,0,,0,31,14,182,13,0,0,0,0,32.2,59
338,0,23,1,7,1,0,0,0,0,0,0,0,,0,15,9,118,13.11,1,0,0,1,26.8,131
339,310,28,0,17,0,0,0,0,0,0,31,139,4.48,0,5,3,40,13.33,0,1,0,0,20.9,96
340,218,32,1,15,4,0,0,0,0,0,0,0,,0,30,20,203,10.15,0,3,1,0,38.3,130
341,243,26,1,17,3,0,0,0,0,0,0,0,,0,17,13,107,8.23,1,0,0,1,29.7,135
342,336,31,1,6,1,0,0,0,0,0,0,0,,0,13,9,72,8,2,2,1,2,26.2,132
343,0,27,1,15,2,0,0,0,0,0,5,45,9,0,8,2,67,33.5,1,0,0,1,19.2,133
344,0,23,1,17,4,0,0,0,0,0,0,0,,0,24,18,168,9.33,0,0,0,0,34.8,134
345,287,26,1,17,6,0,0,0,0,0,0,0,,0,14,9,109,12.11,1,0,0,1,25.9,60
346,284,28,1,17,15,0,0,0,0,0,1,-4,-4,0,22,20,109,5.45,1,1,0,1,36.5,61
347,0,22,0,17,3,0,0,0,0,0,56,183,3.27,0,11,7,26,3.71,0,3,2,0,23.9,97
348,0,24,1,9,6,0,0,0,0,0,0,0,,0,22,20,158,7.9,0,0,0,0,35.8,62
349,0,24,1,8,2,0,0,0,0,0,1,9,9,0,22,11,151,13.73,0,1,0,0,27,136
350,228,23,1,11,8,0,0,0,0,0,0,0,,0,32,21,156,7.43,0,0,0,0,36.6,64
351,518,30,1,17,3,0,0,0,0,0,0,0,,0,14,11,97,8.82,1,1,0,1,26.7,63
352,331,25,1,7,2,61,118,440,0,6,21,122,5.81,0,0,0,0,,0,3,1,0,15.8,55
353,0,28,1,15,10,0,0,0,0,0,10,17,1.7,1,12,11,96,8.73,0,2,1,1,26.3,98
354,357,26,1,13,2,0,0,0,0,0,0,0,,0,23,19,152,8,0,0,0,0,34.2,65
355,410,24,0,16,4,0,0,0,0,0,12,38,3.17,0,16,12,111,9.25,0,0,0,0,26.9,99
356,276,25,1,17,0,0,0,0,0,0,8,54,6.75,0,17,8,91,11.38,0,0,0,0,22.5,138
357,233,23,1,17,6,0,0,0,0,0,2,5,2.5,0,42,17,167,9.82,0,1,1,0,32.2,137
358,217,30,1,9,0,19,26,179,2,0,17,1,0.06,0,0,0,0,,0,1,0,0,15.3,56
359,396,30,1,3,0,27,50,276,1,1,3,9,3,0,0,0,0,,0,0,0,0,13.9,57
360,590,25,0,11,0,0,0,0,0,0,20,70,3.5,0,18,12,71,5.92,0,0,0,0,26.1,101
361,400,30,1,17,6,0,0,0,0,0,0,0,,0,5,3,22,7.33,1,0,0,2,17.2,100
362,368,28,1,17,1,0,0,0,0,0,0,0,,0,9,8,83,10.38,1,0,0,1,22.3,139
363,292,24,1,17,8,0,0,0,0,0,0,0,,0,17,14,125,8.93,0,0,0,0,26.5,66
364,132,26,1,3,2,31,44,257,0,0,8,32,4,0,0,0,0,,0,0,0,0,13.5,58
365,0,25,1,8,1,18,39,226,1,1,11,22,2,0,0,0,0,,0,0,0,0,13.2,59
366,0,24,1,4,1,25,41,266,0,1,11,41,3.73,0,0,0,0,,0,0,0,0,12.7,60
367,366,25,0,17,0,0,0,0,0,0,22,99,4.5,0,6,5,34,6.8,0,0,0,0,18.3,102
368,0,25,1,3,0,0,0,0,0,0,0,0,,0,1,1,69,69,1,0,0,1,13.9,140
369,373,24,1,16,3,0,0,0,0,0,0,0,,0,26,12,117,9.75,0,0,0,0,23.7,142
370,440,23,1,10,2,0,0,0,0,0,0,0,,0,11,9,124,13.78,0,0,0,0,21.4,141
371,307,27,0,1,0,0,0,0,0,0,4,55,13.75,1,0,0,0,,0,0,0,1,11.5,104
372,167,27,1,8,4,0,0,0,0,0,0,0,,0,18,7,57,8.14,1,0,0,1,18.7,143
373,0,22,0,16,1,0,0,0,0,0,30,82,2.73,0,4,4,35,8.75,0,0,0,0,15.7,103
374,0,23,1,14,1,0,0,0,0,0,0,0,,0,14,4,107,26.75,0,0,0,0,14.7,145
375,539,24,0,17,0,0,0,0,0,0,22,102,4.64,0,3,2,11,5.5,0,0,0,0,13.3,105
376,430,27,1,8,2,0,0,0,0,0,0,0,,0,16,6,106,17.67,0,0,0,0,16.6,147
377,581,27,1,1,0,0,0,0,0,0,0,0,,0,2,1,49,49,1,0,0,1,11.9,144
378,367,24,1,17,9,0,0,0,0,0,0,0,,0,28,18,105,5.83,0,0,0,0,28.5,69
379,0,23,1,7,1,0,0,0,0,0,2,6,3,0,9,7,41,5.86,1,0,0,1,17.7,146
380,618,24,1,11,2,0,0,0,0,0,0,0,,0,9,6,51,8.5,1,0,0,1,17.1,67
381,479,26,1,9,1,0,0,0,0,0,0,0,,0,8,5,47,9.4,1,0,0,1,15.7,68
382,351,25,1,17,5,0,0,0,0,0,0,0,,0,8,6,40,6.67,1,0,0,1,16,70
383,468,24,1,16,11,0,0,0,0,0,0,0,,0,19,12,100,8.33,0,1,0,0,22,71
384,347,26,1,4,0,20,36,212,0,0,3,11,3.67,0,0,0,0,,0,0,0,0,9.6,61
385,417,25,1,16,3,0,0,0,0,0,0,0,,0,8,5,36,7.2,1,0,0,1,14.6,73
386,0,24,1,10,1,0,0,0,0,0,0,0,,0,9,6,95,15.83,0,0,0,0,15.5,150
387,353,32,1,12,5,0,0,0,0,0,0,0,,0,10,6,40,6.67,1,0,0,1,16,72
388,0,24,1,11,1,0,0,0,0,0,0,0,,0,26,14,99,7.07,0,0,0,0,23.9,148
389,0,23,1,16,4,0,0,0,0,0,0,0,,0,15,5,38,7.6,1,0,0,1,14.8,149
390,141,27,1,2,1,0,0,0,0,0,0,0,,0,15,9,91,10.11,0,0,0,0,18.1,151
391,299,26,1,13,3,0,0,0,0,0,0,0,,0,12,9,86,9.56,0,0,0,0,17.6,78
392,404,27,1,5,0,0,0,0,0,0,0,0,,0,8,6,30,5,1,0,0,1,15,153
393,143,28,1,7,0,0,0,0,0,0,0,0,,0,10,4,31,7.75,1,0,0,1,13.1,152
394,0,24,1,5,0,0,0,0,0,0,0,0,,0,6,5,88,17.6,0,0,0,0,13.8,75
395,0,31,1,17,3,0,0,0,0,0,2,10,5,1,6,5,35,7,0,1,1,1,13.5,107
396,492,32,1,17,11,0,0,0,0,0,0,0,,0,4,3,30,10,1,0,0,1,12,74
397,0,22,1,17,2,0,0,0,0,0,0,0,,0,5,5,28,5.6,1,0,0,1,13.8,76
398,0,25,1,17,0,0,0,0,0,0,0,0,,0,14,9,88,9.78,0,0,0,0,17.8,77
399,424,23,0,7,0,0,0,0,0,0,17,70,4.12,0,5,3,18,6,0,0,0,0,11.8,106
400,394,25,0,16,1,0,0,0,0,0,15,80,5.33,0,0,0,0,,0,2,0,0,8,108
401,428,32,1,15,2,0,0,0,0,0,0,0,,0,12,6,76,12.67,0,0,0,0,13.6,161
402,465,27,1,13,1,0,0,0,0,0,4,3,0.75,0,16,11,79,7.18,0,1,0,0,19.2,156
403,0,25,1,11,1,0,0,0,0,0,0,0,,0,14,10,102,10.2,0,1,1,0,18.2,157
404,244,23,1,17,0,0,0,0,0,0,1,5,5,0,10,6,39,6.5,1,4,1,1,14.4,154
405,227,29,1,11,2,0,0,0,0,0,0,0,,0,11,8,84,10.5,0,0,0,0,16.4,155
406,329,25,1,8,2,0,0,0,0,0,3,-3,-1,0,12,7,100,14.29,0,1,1,0,14.7,160
407,0,27,1,3,1,21,33,187,0,0,1,4,4,0,0,0,0,,0,2,0,0,7.9,62
408,0,23,1,9,0,0,0,0,0,0,0,0,,0,3,1,21,21,1,0,0,1,9.1,158
409,619,27,1,3,0,0,0,0,0,0,0,0,,0,3,2,18,9,1,0,0,1,9.8,159
410,290,29,0,9,0,0,0,0,0,0,16,57,3.56,0,3,3,19,6.33,0,0,0,0,10.6,109
411,0,23,1,15,0,0,0,0,0,0,1,7,7,0,6,4,80,20,0,2,1,0,10.7,165
412,345,30,1,8,0,0,0,0,0,0,0,0,,0,9,7,66,9.43,0,0,0,0,13.6,166
413,210,25,0,2,0,0,0,0,0,0,13,46,3.54,0,5,3,24,8,0,0,0,0,10,111
414,356,27,1,17,8,0,0,0,0,0,0,0,,0,17,12,67,5.58,0,0,0,0,18.7,80
415,431,25,0,17,0,0,0,0,0,0,14,31,2.21,0,11,10,82,8.2,0,3,2,0,17.3,110
416,314,31,1,9,2,0,0,0,0,0,0,0,,0,13,8,73,9.13,0,0,0,0,15.3,79
417,0,26,1,8,0,0,0,0,0,0,0,0,,0,2,1,7,7,1,0,0,1,7.7,81
418,281,27,1,13,1,0,0,0,0,0,0,0,,0,9,5,69,13.8,0,0,0,0,11.9,163
419,246,29,1,17,1,0,0,0,0,0,0,0,,0,10,7,71,10.14,0,1,0,0,14.1,162
420,377,27,1,10,1,0,0,0,0,0,0,0,,0,5,5,69,13.8,0,0,0,0,11.9,164
421,0,24,1,5,2,0,0,0,0,0,0,0,,0,17,7,65,9.29,0,0,0,0,13.5,167
422,175,25,1,1,1,16,31,170,1,2,2,2,1,0,0,0,0,,0,0,0,0,7,63
423,0,32,1,3,1,17,30,199,1,2,3,4,1.33,0,0,0,0,,0,2,1,0,6.4,64
424,0,24,0,3,0,0,0,0,0,0,11,86,7.82,0,3,3,-2,-0.67,0,1,1,0,9.4,112
425,362,27,1,17,6,0,0,0,0,0,0,0,,0,13,8,84,10.5,0,1,1,0,14.4,82
426,161,32,1,9,0,0,0,0,0,0,0,0,,0,18,9,55,6.11,0,0,0,0,14.5,171
427,249,23,1,16,3,0,0,0,0,0,0,0,,0,19,8,62,7.75,0,0,0,0,14.2,168
428,580,26,1,17,2,0,0,0,0,0,0,0,,0,9,7,60,8.57,0,0,0,0,13,83
429,192,22,0,5,0,0,0,0,0,0,15,30,2,0,1,1,28,28,0,0,0,0,6.8,114
430,515,26,0,2,0,0,0,0,0,0,0,0,,0,0,0,0,,0,0,0,1,6,113
431,390,26,1,12,2,0,0,0,0,0,1,1,1,0,5,5,36,7.2,0,2,2,1,10.7,170
432,311,25,1,15,0,0,0,0,0,0,0,0,,0,0,0,0,,0,1,0,1,6,169
433,0,29,0,6,0,0,0,0,0,0,13,51,3.92,0,3,1,-2,-2,0,0,0,0,5.9,116
434,0,21,0,3,1,0,0,0,0,0,9,22,2.44,0,3,3,23,7.67,0,0,0,0,7.5,117
435,298,30,1,15,7,0,0,0,0,0,0,0,,0,12,8,65,8.13,0,1,1,0,12.5,87
436,437,31,1,13,0,0,0,0,0,0,0,0,,0,14,9,72,8,0,1,1,0,14.2,172
437,458,25,1,7,1,0,0,0,0,0,0,0,,0,5,5,51,10.2,0,0,0,0,10.1,85
438,374,26,1,8,0,0,0,0,0,0,0,0,,0,1,1,5,5,0,2,1,1,5.5,175
439,238,24,1,7,3,0,0,0,0,0,0,0,,0,10,7,45,6.43,0,0,0,0,11.5,88
440,0,25,1,5,1,0,0,0,0,0,0,0,,0,6,2,48,24,0,1,0,0,6.8,173
441,252,29,1,17,4,0,0,0,0,0,0,0,,0,17,9,53,5.89,0,0,0,0,14.3,84
442,378,24,1,6,1,0,0,0,0,0,0,0,,0,8,4,47,11.75,0,0,0,0,8.7,174
443,0,23,0,16,0,0,0,0,0,0,6,14,2.33,0,3,3,37,12.33,0,0,0,0,8.1,115
444,296,32,1,3,1,12,19,118,0,0,3,0,0,0,0,0,0,,0,0,0,0,4.7,65
445,478,27,1,16,5,0,0,0,0,0,0,0,,0,12,7,46,6.57,0,0,0,0,11.6,86
446,355,23,1,15,5,0,0,0,0,0,0,0,,0,13,6,39,6.5,0,0,0,0,9.9,90
447,312,24,1,5,2,0,0,0,0,0,2,1,0.5,0,8,4,34,8.5,0,0,0,0,7.5,182
448,540,27,1,6,0,0,0,0,0,0,0,0,,0,4,3,37,12.33,0,0,0,0,6.7,181
449,504,27,1,6,0,0,0,0,0,0,0,0,,0,3,3,44,14.67,0,0,0,0,7.4,176
450,196,30,1,17,4,0,0,0,0,0,0,0,,0,13,8,36,4.5,0,0,0,0,11.6,93
451,506,25,1,9,5,0,0,0,0,0,0,0,,0,8,7,39,5.57,0,0,0,0,10.9,91
452,420,26,1,17,0,0,0,0,0,0,0,0,,0,5,3,41,13.67,0,0,0,0,7.1,179
453,0,26,0,1,0,0,0,0,0,0,5,24,4.8,0,3,1,15,15,0,0,0,0,4.9,119
454,375,24,1,7,1,0,0,0,0,0,0,0,,0,6,3,41,13.67,0,0,0,0,7.1,180
455,0,23,1,17,9,0,0,0,0,0,0,0,,0,7,6,37,6.17,0,0,0,0,9.7,92
456,422,24,1,17,5,0,0,0,0,0,0,0,,0,5,4,42,10.5,0,0,0,0,8.2,89
457,0,27,1,15,0,0,0,0,0,0,4,36,9,0,2,2,6,3,0,0,0,0,6.2,178
458,0,26,0,5,0,0,0,0,0,0,10,44,4.4,0,3,2,0,0,0,0,0,0,6.4,118
459,0,26,1,4,0,0,0,0,0,0,0,0,,0,3,2,44,22,0,0,0,0,6.4,177
460,0,23,0,6,0,0,0,0,0,0,10,31,3.1,0,2,0,0,,0,0,0,0,3.1,124
461,0,28,1,6,1,0,0,0,0,0,0,0,,0,3,3,31,10.33,0,0,0,0,6.1,184
462,262,24,1,1,0,0,0,0,0,0,0,0,,0,3,3,27,9,0,0,0,0,5.7,186
463,300,29,0,2,0,0,0,0,0,0,8,20,2.5,0,1,1,10,10,0,0,0,0,4,125
464,456,27,1,5,1,0,0,0,0,0,0,0,,0,8,7,34,4.86,0,0,0,0,10.4,183
465,464,24,1,9,3,0,0,0,0,0,0,0,,0,12,5,28,5.6,0,0,0,0,7.8,95
466,0,24,1,8,6,0,0,0,0,0,0,0,,0,5,5,28,5.6,0,0,0,0,7.8,96
467,180,31,1,4,0,3,5,28,0,0,2,20,10,0,0,0,0,,0,0,0,0,3.1,66
468,565,26,0,10,0,0,0,0,0,0,6,23,3.83,0,3,3,11,3.67,0,0,0,0,6.4,120
469,0,26,1,3,0,6,9,62,0,0,5,2,0.4,0,0,0,0,,0,0,0,0,2.7,67
470,0,24,0,2,0,0,0,0,0,0,6,22,3.67,0,1,1,10,10,0,0,0,0,4.2,122
471,0,23,0,3,0,0,0,0,0,0,13,33,2.54,0,1,0,0,,0,0,0,0,3.3,121
472,335,25,1,10,0,0,0,0,0,0,0,0,,0,8,4,29,7.25,0,0,0,0,6.9,94
473,0,22,0,2,0,0,0,0,0,0,13,32,2.46,0,0,0,0,,0,0,0,0,3.2,123
474,283,31,1,12,0,0,0,0,0,0,0,0,,0,7,3,30,10,0,0,0,0,6,185
475,348,25,1,7,0,0,0,0,0,0,2,7,3.5,0,4,4,20,5,0,0,0,0,6.7,187
476,0,23,1,15,0,0,0,0,0,0,0,0,,0,3,2,20,10,0,0,0,0,4,99
477,297,24,1,9,0,0,0,0,0,0,0,0,,0,6,2,22,11,0,0,0,0,4.2,189
478,530,27,1,4,0,0,0,0,0,0,0,0,,0,2,1,17,17,0,0,0,0,2.7,193
479,542,26,1,8,1,0,0,0,0,0,0,0,,0,4,3,16,5.33,0,0,0,0,4.6,100
480,0,22,1,9,1,0,0,0,0,0,2,26,13,0,6,3,16,5.33,0,1,1,0,5.2,190
481,0,23,1,8,0,0,0,0,0,0,0,0,,0,1,1,23,23,0,0,0,0,3.3,188
482,0,24,1,12,2,0,0,0,0,0,0,0,,0,4,3,21,7,0,0,0,0,5.1,98
483,245,29,1,7,2,0,0,0,0,0,0,0,,0,10,3,15,5,0,0,0,0,4.5,196
484,512,26,1,6,0,0,0,0,0,0,0,0,,0,2,2,17,8.5,0,0,0,0,3.7,194
485,0,23,0,1,0,0,0,0,0,0,6,15,2.5,0,1,1,3,3,0,0,0,0,2.8,128
486,0,30,1,2,0,0,0,0,0,0,0,0,,0,1,1,16,16,0,0,0,0,2.6,195
487,0,25,0,3,0,0,0,0,0,0,6,17,2.83,0,0,0,0,,0,0,0,0,1.7,129
488,0,24,1,9,0,0,0,0,0,0,0,0,,0,7,3,22,7.33,0,0,0,0,5.2,191
489,522,26,1,1,0,0,0,0,0,0,0,0,,0,3,2,40,20,0,1,1,0,4,192
490,523,27,0,4,0,0,0,0,0,0,5,22,4.4,0,0,0,0,,0,0,0,0,2.2,127
491,0,25,0,2,0,0,0,0,0,0,4,10,2.5,0,2,1,13,13,0,0,0,0,3.3,126
492,0,28,1,12,1,0,0,0,0,0,0,0,,0,1,1,22,22,0,0,0,0,3.2,97
493,628,28,1,1,0,1,1,19,0,0,0,0,,0,0,0,0,,0,0,0,0,0.8,71
494,339,31,1,2,0,0,0,0,0,0,0,0,,0,4,1,5,5,0,0,0,0,1.5,211
495,0,22,1,11,1,0,0,0,0,0,0,0,,0,4,1,12,12,0,0,0,0,2.2,198
496,0,24,0,8,0,0,0,0,0,0,5,12,2.4,0,2,1,-4,-4,0,0,0,0,1.8,133
497,546,25,1,12,1,0,0,0,0,0,0,0,,0,1,1,6,6,0,0,0,0,1.6,207
498,484,24,0,1,0,0,0,0,0,0,3,7,2.33,0,0,0,0,,0,0,0,0,0.7,134
499,0,26,1,2,0,0,0,0,0,0,0,0,,0,2,1,5,5,0,0,0,0,1.5,111
500,429,27,1,15,0,0,0,0,0,0,0,0,,0,3,3,14,4.67,0,0,0,0,4.4,101
501,0,23,1,3,0,0,0,0,0,0,0,0,,0,4,2,11,5.5,0,0,0,0,3.1,200
502,503,29,1,17,0,0,0,0,0,0,0,0,,0,1,1,5,5,0,0,0,0,1.5,112
503,0,29,1,3,0,0,0,0,0,0,0,0,,0,3,1,5,5,0,0,0,0,1.5,113
504,0,27,1,16,0,0,0,0,0,0,0,0,,0,3,1,12,12,0,0,0,0,2.2,102
505,556,27,0,5,0,0,0,0,0,0,3,-1,-0.33,0,1,1,11,11,0,0,0,0,2,130
506,558,27,1,15,0,0,0,0,0,0,3,7,2.33,0,0,0,0,,0,0,0,0,0.7,135
507,241,26,1,3,0,0,0,0,0,0,0,0,,0,2,2,12,6,0,0,0,0,3.2,199
508,0,25,0,5,0,0,0,0,0,0,3,10,3.33,0,1,1,-1,-1,0,0,0,0,1.9,131
509,207,26,1,3,0,0,0,0,0,0,0,0,,0,1,1,9,9,0,0,0,0,1.9,204
510,510,27,1,9,0,0,0,0,0,0,0,0,,0,2,1,6,6,0,0,0,0,1.6,208
511,0,38,1,6,0,2,3,17,0,0,4,1,0.25,0,0,0,0,,0,0,0,0,0.8,70
512,0,22,1,5,0,0,0,0,0,0,2,11,5.5,0,1,0,0,,0,0,0,0,1.1,201
513,266,24,1,2,1,0,0,0,0,0,0,0,,0,3,2,7,3.5,0,0,0,0,2.7,105
514,0,24,1,8,0,0,0,0,0,0,0,0,,0,3,1,7,7,0,0,0,0,1.7,206
515,0,25,1,5,2,0,0,0,0,0,0,0,,0,2,1,6,6,0,0,0,0,1.6,110
516,0,26,1,3,0,0,0,0,0,0,2,11,5.5,0,0,0,0,,0,0,0,0,1.1,202
517,179,29,1,4,0,2,2,38,0,0,3,-2,-0.67,0,0,0,0,,0,0,0,0,1.3,68
518,0,27,1,1,0,0,0,0,0,0,1,5,5,0,0,0,0,,0,1,0,0,0.5,72
519,0,26,1,1,0,0,0,0,0,0,0,0,,0,1,1,9,9,0,0,0,0,1.9,205
520,0,29,1,1,0,0,0,0,0,0,0,0,,0,2,1,6,6,0,0,0,0,1.6,209
521,0,25,0,1,0,0,0,0,0,0,1,3,3,0,1,1,6,6,0,0,0,0,1.9,132
522,343,23,1,11,0,0,0,0,0,0,0,0,,0,1,1,5,5,0,0,0,0,1.5,212
523,0,26,1,8,0,0,0,0,0,0,0,0,,0,1,1,7,7,0,0,0,0,1.7,106
524,289,28,1,3,0,0,0,0,0,0,4,5,1.25,0,0,0,0,,0,0,0,0,0.5,73
525,460,26,1,11,2,0,0,0,0,0,0,0,,0,3,2,10,5,0,0,0,0,3,103
526,418,31,1,8,2,0,0,0,0,0,0,0,,0,1,1,7,7,0,0,0,0,1.7,107
527,632,30,1,2,0,0,0,0,0,0,0,0,,0,1,1,11,11,0,0,0,0,2.1,203
528,444,28,1,5,2,0,0,0,0,0,0,0,,0,6,3,7,2.33,0,0,0,0,3.7,108
529,0,32,1,9,1,0,0,0,0,0,0,0,,0,4,2,9,4.5,0,0,0,0,2.9,104
530,0,23,1,8,0,0,0,0,0,0,0,0,,0,2,1,14,14,0,0,0,0,2.4,197
531,498,29,1,1,0,3,11,28,0,0,0,0,,0,0,0,0,,0,0,0,0,1.1,69
532,0,24,1,7,2,0,0,0,0,0,0,0,,0,1,1,7,7,0,0,0,0,1.7,109
533,0,23,1,8,0,0,0,0,0,0,0,0,,0,3,2,6,3,0,0,0,0,2.6,210
534,0,27,1,3,0,0,0,0,0,0,0,0,,0,0,0,0,,0,1,0,0,,214
535,209,24,1,4,0,2,2,11,0,0,6,-7,-1.17,0,0,0,0,,0,0,0,0,-0.3,77
536,0,25,1,7,0,0,0,0,0,0,0,0,,0,1,0,0,,0,0,0,0,,116
537,279,28,1,4,0,0,0,0,0,0,0,0,,0,2,0,0,,0,0,0,0,,117
538,272,29,1,6,0,0,0,0,0,0,0,0,,0,4,0,0,,0,0,0,0,,215
539,462,28,0,5,0,0,0,0,0,0,0,0,,0,0,0,0,,0,0,0,0,,140
540,427,25,0,2,0,0,0,0,0,0,0,0,,0,0,0,0,,0,0,0,0,,141
541,0,25,0,5,0,0,0,0,0,0,1,2,2,0,0,0,0,,0,0,0,0,0.2,138
542,94,28,1,3,0,0,0,0,0,0,2,-2,-1,0,0,0,0,,0,0,0,0,-0.2,76
543,536,26,1,2,0,0,0,0,0,0,0,0,,0,0,0,0,,0,0,0,0,,216
544,0,23,1,1,0,0,0,0,0,0,0,0,,0,0,0,0,,0,0,0,0,,217
545,538,27,1,13,0,0,0,0,0,0,0,0,,0,1,0,0,,0,0,0,0,,218
546,455,26,1,2,0,0,0,0,0,0,0,0,,0,0,0,0,,0,0,0,0,,219
547,0,24,1,1,0,0,0,0,0,0,0,0,,0,1,0,0,,0,0,0,0,,118
548,0,26,1,1,0,0,0,0,0,0,0,0,,0,0,0,0,,0,0,0,0,,220
549,372,31,1,1,0,0,0,0,0,0,0,0,,0,0,0,0,,0,0,0,0,,74
550,277,32,1,3,0,0,0,0,0,0,0,0,,0,0,0,0,,0,0,0,0,,221
551,320,26,0,5,0,0,0,0,0,0,3,3,1,0,0,0,0,,0,0,0,0,0.3,137
552,487,24,1,2,0,0,0,0,0,0,0,0,,0,2,0,0,,0,0,0,0,,222
553,552,25,1,8,0,0,0,0,0,0,0,0,,0,0,0,0,,0,0,0,0,,119
554,554,29,1,7,0,0,0,0,0,0,0,0,,0,0,0,0,,0,0,0,0,,120
555,555,27,1,1,0,0,0,0,0,0,0,0,,0,0,0,0,,0,0,0,0,,223
556,507,24,1,9,0,0,0,0,0,0,0,0,,0,1,1,2,2,0,0,0,0,1.2,114
557,0,24,1,14,0,0,0,0,0,0,0,0,,0,0,0,0,,0,0,0,0,,224
558,0,26,1,2,0,0,0,0,0,0,0,0,,0,0,0,0,,0,0,0,0,,142
559,302,27,1,5,0,0,0,0,0,0,0,0,,0,0,0,0,,0,0,0,0,,225
560,563,29,1,5,1,0,0,0,0,0,0,0,,0,0,0,0,,0,0,0,0,,121
561,509,24,0,1,0,0,0,0,0,0,0,0,,0,0,0,0,,0,0,0,0,,143
562,407,25,0,1,0,0,0,0,0,0,0,0,,0,0,0,0,,0,0,0,0,,144
563,0,24,1,4,0,0,0,0,0,0,1,-1,-1,0,0,0,0,,0,0,0,0,-0.1,245
564,469,26,1,2,0,0,0,0,0,0,0,0,,0,0,0,0,,0,0,0,0,,226
565,0,24,1,1,0,0,0,0,0,0,0,0,,0,0,0,0,,0,0,0,0,,227
566,511,30,1,3,1,0,0,0,0,0,0,0,,0,0,0,0,,0,0,0,0,,145
567,433,27,1,3,0,0,0,0,0,0,3,11,3.67,0,1,1,8,8,0,1,1,0,0.9,246
568,0,27,1,2,0,0,0,0,0,0,0,0,,0,0,0,0,,0,0,0,0,,122
569,0,28,0,2,0,0,0,0,0,0,0,0,,0,0,0,0,,0,0,0,0,,146
570,208,27,0,3,0,0,0,0,0,0,1,2,2,0,0,0,0,,0,0,0,0,0.2,139
571,0,28,1,4,0,0,0,0,0,0,0,0,,0,1,0,0,,0,0,0,0,,228
572,441,26,1,17,1,0,0,0,0,0,0,0,,0,0,0,0,,0,0,0,0,,123
573,578,25,1,1,0,0,0,0,0,0,0,0,,0,0,0,0,,0,0,0,0,,124
574,416,40,1,17,4,0,0,0,0,0,0,0,,0,2,1,2,2,0,0,0,0,1.2,115
575,0,28,1,2,0,0,0,0,0,0,0,0,,0,0,0,0,,0,0,0,0,,125
576,583,32,1,4,1,0,0,0,0,0,0,0,,0,1,0,0,,0,0,0,0,,126
577,0,25,1,2,0,0,0,0,0,0,0,0,,0,0,0,0,,0,0,0,0,,127
578,0,25,0,2,0,0,0,0,0,0,0,0,,0,0,0,0,,0,0,0,0,,147
579,0,22,0,2,0,0,0,0,0,0,0,0,,0,0,0,0,,0,0,0,0,,148
580,470,25,1,1,0,0,0,0,0,0,0,0,,0,0,0,0,,0,0,0,0,,128
581,223,31,1,5,0,0,0,0,0,0,0,0,,0,0,0,0,,0,0,0,0,,229
582,223,31,1,0,0,,,,,,,,,,,,,,,,,0,,229
583,270,24,1,6,0,0,0,0,0,0,0,0,,0,3,0,0,,0,0,0,0,,230
584,0,23,1,1,0,0,0,0,0,0,0,0,,0,0,0,0,,0,0,0,0,,231
585,493,26,1,4,0,0,0,0,0,0,0,0,,0,0,0,0,,0,0,0,0,,129
586,0,27,1,2,0,0,0,0,0,0,0,0,,0,0,0,0,,0,0,0,0,,130
587,495,30,1,17,0,0,0,0,0,0,0,0,,0,0,0,0,,0,0,0,0,,232
588,0,25,0,1,0,0,0,0,0,0,0,0,,0,0,0,0,,0,0,0,0,,149
589,597,27,1,17,7,0,0,0,0,0,0,0,,0,4,0,0,,0,0,0,0,,150
590,631,28,1,9,0,0,0,0,0,0,0,0,,0,3,3,21,7,0,1,1,0,3.1,213
591,472,24,1,7,4,0,0,0,0,0,0,0,,0,0,0,0,,0,0,0,0,,131
592,0,22,1,3,0,0,0,0,0,0,0,0,,0,0,0,0,,0,0,0,0,,233
593,0,24,0,6,0,0,0,0,0,0,0,0,,0,0,0,0,,0,0,0,0,,151
594,450,25,1,2,0,0,0,0,0,0,0,0,,0,1,0,0,,0,0,0,0,,234
595,603,26,1,11,0,0,0,0,0,0,0,0,,0,0,0,0,,0,0,0,0,,132
596,0,24,1,10,0,0,0,0,0,0,0,0,,0,0,0,0,,0,0,0,0,,133
597,0,26,1,1,0,0,0,0,0,0,0,0,,0,0,0,0,,0,0,0,0,,235
598,361,26,1,5,1,0,0,0,0,0,0,0,,0,0,0,0,,0,0,0,0,,134
599,443,28,1,2,0,0,0,0,0,0,0,0,,0,0,0,0,,0,0,0,0,,236
600,381,28,1,1,0,0,0,0,0,0,0,0,,0,1,0,0,,0,0,0,0,,135
601,521,28,1,1,0,0,0,0,0,0,0,0,,0,0,0,0,,0,0,0,0,,237
602,0,25,1,16,0,0,0,0,0,0,0,0,,0,0,0,0,,0,0,0,0,,136
603,401,30,1,5,0,0,0,0,0,0,0,0,,0,0,0,0,,0,0,0,0,,137
604,611,26,1,4,0,1,1,5,0,0,5,-4,-0.8,0,0,0,0,,0,0,0,0,-0.2,75
605,496,29,1,2,0,0,0,0,0,0,0,0,,0,0,0,0,,0,0,0,0,,238
606,0,25,1,2,0,0,0,0,0,0,0,0,,0,1,1,-2,-2,0,0,0,0,0.8,247
607,392,31,1,7,3,0,0,0,0,0,0,0,,0,0,0,0,,0,0,0,0,,138
608,461,27,0,3,0,0,0,0,0,0,2,4,2,0,0,0,0,,0,0,0,0,0.4,136
609,0,26,1,7,0,0,0,0,0,0,0,0,,0,0,0,0,,0,0,0,0,,239
610,615,26,1,1,0,0,0,0,0,0,0,0,,0,0,0,0,,0,0,0,0,,139
611,0,26,0,1,0,0,0,0,0,0,0,0,,0,0,0,0,,0,0,0,0,,152
612,617,25,1,1,0,0,0,0,0,0,0,0,,0,0,0,0,,0,0,0,0,,240
613,0,24,1,3,0,0,0,0,0,0,0,0,,0,0,0,0,,0,0,0,0,,241
614,0,24,1,2,0,0,0,0,0,0,0,0,,0,2,0,0,,0,0,0,0,,242
615,0,25,1,3,0,0,0,0,0,0,0,0,,0,0,0,0,,0,0,0,0,,140
616,446,28,1,2,0,0,0,0,0,0,0,0,,0,0,0,0,,0,0,0,0,,141
617,0,26,0,17,0,0,0,0,0,0,0,0,,0,0,0,0,,0,0,0,0,,153
618,620,25,1,10,0,0,0,0,0,0,0,0,,0,2,0,0,,0,0,0,0,,142
619,0,24,0,1,0,0,0,0,0,0,0,0,,0,0,0,0,,0,0,0,0,,154
620,622,26,1,6,0,0,0,0,0,0,0,0,,0,0,0,0,,0,0,0,0,,143
621,425,27,0,17,0,0,0,0,0,0,0,0,,0,0,0,0,,0,0,0,0,,155
622,0,23,1,1,0,0,0,0,0,0,0,0,,0,0,0,0,,0,0,0,0,,243
623,0,24,1,6,0,0,0,0,0,0,0,0,,0,0,0,0,,0,0,0,0,,144
624,627,25,1,14,0,0,0,0,0,0,0,0,,0,1,0,0,,0,0,0,0,,244
625,77,24,1,2,0,5,14,24,0,1,1,2,2,0,0,0,0,,0,0,0,0,-0.8,78
626,0,25,0,10,0,0,0,0,0,0,1,0,0,0,0,0,0,,0,1,1,0,-2,156
627,474,27,1,9,0,0,0,0,0,0,1,0,0,0,0,0,0,,0,2,1,0,-2,248
628,295,25,1,3,0,0,0,0,0,0,2,-4,-2,0,1,0,0,,0,1,1,0,-2.4,249
629,434,25,1,6,0,2,2,8,0,0,7,-4,-0.57,0,0,0,0,,0,1,1,0,-2.1,79
630,0,24,1,12,0,0,0,0,0,0,1,-5,-5,0,3,1,8,8,0,5,2,0,-2.7,250
