Age,Previous Rank,FantPos,Games Played,Games Started,Cmp,Att,Yds,TD,Int,Rush Att,Rush Yds,Rush TD,Tgt,Rec,Rec Yds,Rec TD,Total TD,PPR,Rank,Player
27,10,2,17,17,316,474,4172,41,4,139,915,4,0,0,0,0,4,430.4,1,Lamar Jackson
24,33,1,17,16,0,0,0,0,0,3,32,0,175,127,1708,17,17,403,2,Ja'Marr Chase
28,3,2,17,17,307,483,3731,28,6,102,531,12,0,0,7,1,13,379,3,Josh Allen
28,90,2,17,17,460,652,4918,43,9,42,201,2,0,0,0,0,2,372.8,4,Joe Burrow
29,60,2,17,17,407,570,4500,41,16,60,378,3,0,0,0,0,3,365.8,5,Baker Mayfield
22,35,0,17,4,0,0,0,0,0,250,1412,16,63,52,517,4,20,362.9,6,Jahmyr Gibbs
24,,2,17,17,331,480,3568,25,9,148,891,6,0,0,0,0,6,355.8,7,Jayden Daniels
27,43,0,16,16,0,0,0,0,0,345,2005,13,43,33,278,2,15,355.3,8,Saquon Barkley
22,38,0,17,17,0,0,0,0,0,304,1456,14,72,61,431,1,15,341.7,9,Bijan Robinson
30,16,0,17,17,0,0,0,0,0,325,1921,16,22,19,193,2,18,336.4,10,Derrick Henry
30,40,2,17,17,390,539,4629,37,12,35,56,0,1,1,7,1,1,324.5,11,Jared Goff
25,70,1,17,17,1,1,22,0,0,1,3,0,154,103,1533,10,10,317.5,12,Justin Jefferson
24,,2,17,17,376,567,3775,29,12,92,430,4,1,1,2,1,5,317.2,13,Bo Nix
25,7,1,17,17,1,1,7,1,0,2,6,0,141,115,1263,12,12,316.2,14,Amon-Ra St. Brown
26,5,2,15,15,248,361,2903,18,5,150,630,14,0,0,0,0,14,315.1,15,Jalen Hurts
27,318,2,17,17,361,545,4319,35,12,67,212,1,0,0,0,0,1,308,16,Sam Darnold
23,69,0,17,16,0,0,0,0,0,203,907,6,87,78,592,6,12,299.9,17,De'Von Achane
27,91,2,17,17,372,541,3851,21,11,78,572,5,0,0,0,0,5,297.2,18,Kyler Murray
26,93,0,17,17,0,0,0,0,0,301,1329,15,43,36,342,1,16,293.1,19,Josh Jacobs
26,81,2,17,17,332,504,3870,23,3,69,306,2,0,0,0,0,2,285.4,20,Justin Herbert
22,,1,17,16,0,0,0,0,0,6,48,0,133,87,1282,10,10,284,21,Brian Thomas
29,50,2,16,16,392,581,3928,26,11,58,307,2,1,1,2,0,2,283,22,Patrick Mahomes
23,121,1,17,17,0,0,0,0,0,1,-3,0,158,100,1271,9,9,280.8,23,Drake London
21,,1,15,13,0,1,0,0,0,5,2,0,170,109,1204,7,7,273.6,24,Malik Nabers
24,13,0,16,16,0,0,0,0,0,316,1299,14,40,34,182,2,16,272.1,25,Kyren Williams
29,75,1,17,17,0,0,0,0,0,2,2,0,117,82,1096,13,13,267.8,26,Terry McLaurin
25,31,2,15,15,300,455,3864,20,12,66,323,5,0,0,0,0,5,266.9,27,Brock Purdy
25,37,0,16,16,0,0,0,0,0,207,1009,16,38,32,258,2,18,266.7,28,James Cook
34,83,2,17,17,407,578,4320,21,15,53,272,2,0,0,0,0,2,266,29,Geno Smith
29,87,0,14,14,0,0,0,0,0,228,950,6,89,68,543,2,8,265.3,30,Alvin Kamara
25,2,1,15,15,0,0,0,0,0,14,70,0,152,101,1194,6,6,263.4,31,CeeDee Lamb
22,,3,17,16,0,0,0,0,0,5,13,0,153,112,1194,5,5,262.7,32,Brock Bowers
41,601,2,17,17,368,584,3897,28,11,22,107,0,0,0,0,0,0,256.6,33,Aaron Rodgers
24,239,0,16,10,0,0,0,0,0,229,990,7,65,54,360,4,11,255,34,Chase Brown
23,,2,17,17,351,562,3541,20,6,81,489,0,0,0,0,0,0,254.5,35,Caleb Williams
29,52,0,16,16,0,0,0,0,0,236,1094,8,55,47,414,1,9,253.8,36,James Conner
22,138,1,17,16,1,1,35,0,0,5,26,0,137,100,1130,6,6,253,37,Jaxon Smith-Njigba
24,112,1,17,17,0,0,0,0,0,2,5,0,154,101,1104,7,7,251.9,38,Garrett Wilson
25,56,3,16,16,0,0,0,0,0,1,2,1,147,111,1146,2,4,249.8,39,Trey McBride
25,97,0,14,13,0,0,0,0,0,303,1431,11,31,18,136,1,12,244.7,40,Jonathan Taylor
22,,0,17,3,0,0,0,0,0,207,1122,8,52,47,392,0,8,244.4,41,Bucky Irving
25,92,0,15,15,0,0,0,0,0,250,1195,10,54,43,171,1,11,241.6,42,Chuba Hubbard
30,119,0,17,17,0,0,0,0,0,255,1138,5,62,51,408,2,7,241.6,43,Aaron Jones
32,34,1,14,14,0,0,0,0,0,0,0,0,141,85,1063,8,8,241.3,44,Davante Adams
23,19,0,16,16,0,0,0,0,0,209,876,5,76,57,483,3,8,240.9,45,Breece Hall
23,,1,16,14,0,0,0,0,0,0,0,0,112,82,1149,7,7,240.9,46,Ladd McConkey
25,137,1,17,16,0,0,0,0,0,0,0,0,145,90,1229,4,4,240.9,47,Jerry Jeudy
28,17,0,14,14,0,1,0,0,0,245,1016,11,52,36,309,1,12,240.5,48,Joe Mixon
31,9,1,14,14,0,0,0,0,0,0,0,0,110,74,1004,11,11,240.4,49,Mike Evans
29,74,1,17,13,2,2,30,1,0,0,0,0,135,81,1081,8,8,240.3,50,Courtland Sutton
27,15,1,17,17,0,1,0,0,0,14,75,0,140,98,966,6,6,238.1,51,D.J. Moore
31,22,3,15,15,0,0,0,0,0,0,0,0,94,78,1106,8,8,236.6,52,George Kittle
26,18,2,15,15,268,425,3389,25,11,25,83,1,0,0,0,0,1,233.9,53,Jordan Love
29,159,3,17,6,0,0,0,0,0,2,-1,0,111,88,884,8,8,222.3,54,Jonnu Smith
25,130,1,12,9,0,0,0,0,0,0,0,0,109,73,911,10,10,222.1,55,Tee Higgins
27,32,0,14,14,1,1,3,1,0,185,775,12,38,36,341,0,12,221.7,56,David Montgomery
23,58,2,17,17,336,532,3727,20,12,52,233,0,1,0,0,0,0,220.4,57,C.J. Stroud
30,4,1,17,17,0,0,0,0,0,8,53,0,123,81,959,6,6,218.2,58,Tyreek Hill
28,51,1,15,15,0,0,0,0,0,2,23,0,129,87,1027,4,4,218,59,Jakobi Meyers
27,20,1,13,13,0,0,0,0,0,0,0,0,97,67,1079,7,7,216.9,60,A.J. Brown
36,79,2,16,16,340,517,3762,20,8,30,41,0,0,0,0,0,0,214.6,61,Matthew Stafford
25,73,0,17,17,0,0,0,0,0,253,959,6,52,42,386,0,6,214.5,62,D'Andre Swift
22,47,1,15,15,0,0,0,0,0,3,20,1,99,63,875,9,10,212.5,63,Jordan Addison
23,205,1,15,11,0,0,0,0,0,11,61,1,91,58,1001,7,8,212.2,64,Jameson Williams
25,23,1,12,12,0,0,0,0,0,0,0,0,99,68,1006,7,7,210.6,65,Nico Collins
27,267,1,15,10,0,0,0,0,0,0,0,0,113,77,975,6,6,210.5,66,Jauan Jennings
24,101,1,17,15,0,0,0,0,0,9,56,0,116,74,1059,4,4,209.5,67,Zay Flowers
23,14,1,11,11,0,0,0,0,0,11,46,1,106,79,990,3,4,206.6,68,Puka Nacua
26,65,0,17,17,0,0,0,0,0,263,1043,6,48,36,283,0,6,204.6,69,Najee Harris
27,63,0,16,16,0,0,0,0,0,260,1079,5,57,41,238,0,5,200.7,70,Tony Pollard
25,24,0,16,15,0,0,0,0,0,144,613,3,57,51,393,6,9,199.6,71,Rachaad White
26,54,1,13,13,0,0,0,0,0,1,1,0,89,68,833,8,8,199.4,72,DeVonta Smith
30,44,1,17,14,0,0,0,0,0,8,55,1,120,64,1017,4,5,199.2,73,Calvin Ridley
26,156,0,16,15,0,0,0,0,0,235,1079,2,49,39,249,3,5,197.8,74,Rico Dowdle
24,45,1,17,10,0,0,0,0,0,20,163,1,75,55,857,6,7,197,75,Jayden Reed
22,,1,17,16,0,0,0,0,0,0,0,0,116,62,885,8,8,196.5,76,Marvin Harrison Jr.
35,26,3,16,16,0,0,0,0,0,1,1,0,133,97,823,3,3,195.4,77,Travis Kelce
23,88,2,14,12,234,384,2403,15,9,43,249,6,0,0,0,0,6,195,78,Bryce Young
27,220,1,16,16,0,1,0,0,0,0,0,0,106,64,992,5,5,193.2,79,Darnell Mooney
26,405,0,13,11,0,0,0,0,0,195,905,9,38,32,153,0,9,191.8,80,J.K. Dobbins
27,39,1,15,12,0,0,0,0,0,0,0,0,108,66,992,5,5,191.2,81,D.K. Metcalf
29,68,3,17,13,0,0,0,0,0,4,5,0,69,55,673,11,11,188.8,82,Mark Andrews
21,,1,17,13,0,0,0,0,0,20,104,3,98,59,638,6,9,187.2,83,Xavier Worthy
23,162,0,17,6,0,0,0,0,0,135,569,8,52,42,340,1,9,186.9,84,Zach Charbonnet
32,27,1,15,15,0,1,0,0,1,0,0,0,121,70,744,7,7,184.4,85,Keenan Allen
23,135,1,14,8,0,0,0,0,0,1,12,0,107,72,803,5,5,183.5,86,Josh Downs
23,165,1,17,7,0,0,0,0,0,3,18,0,140,93,699,3,3,182.7,87,Wan'Dale Robinson
24,158,1,15,9,0,0,0,0,0,2,4,0,100,76,821,4,4,182.5,88,Khalil Shakir
25,,0,17,12,0,0,0,0,0,192,839,5,53,38,284,1,6,182.3,89,Tyrone Tracy Jr.
26,66,2,11,11,291,399,2867,19,7,17,49,0,0,0,0,0,0,181.6,90,Tua Tagovailoa
24,59,0,11,11,0,0,0,0,0,153,573,7,53,46,299,1,8,181.2,91,Kenneth Walker III
34,301,3,17,17,0,0,0,0,0,0,0,0,91,66,654,7,7,177.4,92,Zach Ertz
22,,2,13,12,225,338,2276,15,10,54,421,2,0,0,0,0,2,177.1,93,Drake Maye
36,89,2,14,14,303,453,3508,18,16,23,0,0,0,0,0,0,0,176.3,94,Kirk Cousins
26,117,0,15,14,0,0,0,0,0,207,801,7,41,33,168,1,8,175.9,95,Rhamondre Stevenson
31,120,1,12,11,0,0,0,0,0,2,10,0,100,67,710,6,6,175,96,Cooper Kupp
23,204,1,15,11,0,0,0,0,0,3,6,0,91,55,711,8,8,174.7,97,Quentin Johnston
23,11,3,16,16,0,0,0,0,0,0,0,0,83,60,726,7,7,174.6,98,Sam LaPorta
25,224,1,17,14,0,0,0,0,0,0,0,0,72,45,756,9,9,174.6,99,Rashod Bateman
36,78,2,11,11,214,336,2482,16,5,43,155,2,0,0,0,0,2,172.8,100,Russell Wilson
26,226,3,17,11,0,0,0,0,0,0,0,0,78,65,653,7,7,168.3,101,Pat Freiermuth
27,62,1,16,14,0,0,0,0,0,0,0,0,111,69,808,3,3,165.8,102,Michael Pittman Jr.
23,55,1,14,12,0,0,0,0,0,2,-6,0,103,59,900,3,3,164.4,103,George Pickens
22,164,2,11,11,126,264,1814,8,12,86,499,6,1,1,-1,0,6,163.4,104,Anthony Richardson
24,219,3,17,17,0,0,0,0,0,3,6,0,70,50,707,7,7,163.3,105,Tucker Kraft
24,185,1,16,13,0,0,0,0,0,0,0,0,69,37,824,7,7,161.4,106,Alec Pierce
25,71,0,14,13,0,0,0,0,0,187,799,8,25,20,159,0,8,159.8,107,Brian Robinson Jr.
24,100,0,17,11,0,0,0,0,0,139,513,4,70,52,346,0,4,157.9,108,Javonte Williams
29,122,0,13,8,0,0,0,0,0,200,728,7,32,23,176,0,7,155.4,109,Kareem Hunt
28,21,1,15,15,0,0,0,0,0,42,136,1,81,51,670,3,4,153.6,110,Deebo Samuel
25,253,1,17,15,0,0,0,0,0,0,0,0,79,49,610,7,7,152,111,Jalen Tolbert
33,80,2,10,10,189,279,2145,15,5,17,71,1,0,0,0,0,1,150.9,112,Derek Carr
26,103,1,15,15,0,0,0,0,0,4,12,0,83,58,744,2,2,149.6,113,Jaylen Waddle
28,30,3,11,11,0,0,0,0,0,0,0,0,97,64,505,5,5,148.5,114,David Njoku
24,200,1,17,7,0,0,0,0,0,3,16,0,87,66,621,3,3,147.7,115,Demario Douglas
32,49,1,16,8,0,0,0,0,0,0,0,0,80,56,610,5,5,147,116,DeAndre Hopkins
30,151,3,16,16,0,0,0,0,0,0,0,0,97,66,674,2,2,145.4,117,Hunter Henry
25,76,2,10,10,172,284,2045,11,7,26,119,3,0,0,-5,0,3,145.2,118,Trevor Lawrence
22,,1,17,12,0,0,0,0,0,3,15,0,101,54,734,3,3,144.9,119,Rome Odunze
29,258,3,17,3,0,0,0,0,0,0,0,0,83,65,665,2,2,141.5,120,Mike Gesicki
25,171,3,14,14,0,0,0,0,0,1,-4,0,87,59,600,4,4,140.6,121,Cade Otton
28,352,1,17,13,0,0,0,0,0,10,79,0,87,62,686,1,1,140.5,122,Ray-Ray McCloud
25,111,1,14,10,0,0,0,0,0,9,43,0,81,51,667,3,3,140,123,Tank Dell
34,102,1,10,10,0,0,0,0,0,0,0,0,62,48,615,5,5,139.5,124,Adam Thielen
28,104,1,7,7,0,0,0,0,0,1,2,0,62,50,576,5,5,137.8,125,Chris Godwin
26,123,0,14,7,0,0,0,0,0,132,420,4,48,36,294,1,5,137.4,126,Alexander Mattison
27,203,1,17,9,0,0,0,0,0,0,0,0,60,32,497,9,9,135.7,127,Nick Westbrook-Ikhine
23,,1,13,12,0,0,0,0,0,4,43,0,58,37,461,8,8,135.4,128,Jalen McMillan
27,201,2,10,10,216,341,2070,8,7,67,265,2,0,0,0,0,2,135.3,129,Daniel Jones
25,64,0,14,6,0,0,0,0,0,104,565,3,43,37,225,0,3,134,130,Jerome Ford
29,99,0,12,6,0,0,0,0,0,77,367,4,41,35,366,0,4,132.3,131,Austin Ekeler
24,114,1,13,12,0,0,0,0,0,0,0,0,72,46,601,4,4,132.1,132,Romeo Doubs
24,142,3,17,15,0,0,0,0,0,0,0,0,74,47,602,4,4,131.2,133,Kyle Pitts
30,393,2,12,7,181,296,2121,13,12,25,83,1,0,0,0,0,1,131.1,134,Jameis Winston
25,12,0,15,15,0,0,0,0,0,150,558,2,52,39,254,0,2,130.2,135,Travis Etienne
22,,1,17,2,0,0,0,0,0,13,42,0,52,39,503,6,6,129.5,136,Marvin Mims
23,212,1,17,14,0,0,0,0,0,9,44,1,81,47,539,3,4,129.3,137,Tre Tucker
23,327,0,16,1,0,0,0,0,0,168,766,7,12,7,54,0,7,129,138,Tank Bigsby
27,144,0,15,0,0,0,0,0,0,47,228,1,51,42,383,3,4,127.1,139,Justice Hill
29,250,1,12,10,0,1,0,0,0,0,0,0,60,37,530,6,6,126,140,Allen Lazard
31,326,0,16,3,0,0,0,0,0,66,311,2,47,40,261,3,5,125.2,141,Ameer Abdullah
23,,1,16,13,0,0,0,0,0,6,24,0,84,49,497,4,4,125.1,142,Xavier Legette
24,154,1,16,13,0,0,0,0,0,1,7,0,71,47,548,4,4,124.5,143,Michael Wilson
26,98,0,15,0,0,0,0,0,0,120,511,1,47,38,310,0,1,124.1,144,Jaylen Warren
24,169,3,16,9,0,0,0,0,0,0,0,0,58,42,477,6,6,123.7,145,Isaiah Likely
30,193,1,17,17,0,0,0,0,0,0,0,0,64,31,505,7,7,123.5,146,Demarcus Robinson
28,191,3,17,5,0,0,0,0,0,0,0,0,66,50,548,3,3,122.8,147,Juwan Johnson
30,42,1,14,10,0,0,0,0,0,0,0,0,85,44,547,4,4,122.7,148,Amari Cooper
22,481,1,15,13,0,0,0,0,0,0,0,0,68,43,589,3,3,121.9,149,Kayshon Boutte
31,29,1,8,8,1,1,13,0,0,3,8,1,64,47,496,3,4,121.9,150,Stefon Diggs
29,187,3,16,15,0,0,0,0,0,1,0,0,72,51,449,4,4,121.9,151,Tyler Conklin
32,107,1,17,14,0,0,0,0,0,0,0,0,74,49,600,2,2,121,152,Tyler Lockett
24,163,1,17,13,0,0,0,0,0,1,1,0,102,61,538,1,1,120.9,153,Elijah Moore
25,46,3,17,16,0,0,0,0,0,0,0,0,55,47,474,4,4,120.4,154,Cole Kmet
25,125,2,12,12,190,301,2091,13,12,45,183,0,0,0,0,0,0,119.9,155,Will Levis
25,259,1,17,8,0,0,0,0,0,0,0,0,61,36,479,6,6,119.9,156,Andrei Iosivas
25,82,2,10,6,106,161,1106,5,1,62,289,5,0,0,0,0,5,119.1,157,Justin Fields
25,257,1,17,8,0,0,0,0,0,0,0,0,58,36,548,4,5,118.8,158,Calvin Austin III
28,67,3,17,13,0,0,0,0,0,0,0,0,85,53,532,2,2,118.2,159,Dalton Schultz
31,8,2,8,8,185,286,1978,11,8,13,54,1,0,0,0,0,1,116.5,160,Dak Prescott
25,,0,17,0,0,0,0,0,0,113,442,3,19,17,189,3,6,116.1,161,Ray Davis
25,232,0,12,6,0,0,0,0,0,153,789,3,14,11,91,0,3,115,162,Jordan Mason
23,126,0,12,1,0,0,0,0,0,84,312,4,35,30,224,1,5,113.6,163,Tyjae Spears
25,198,3,17,11,0,0,0,0,0,1,17,0,70,52,479,2,2,113.6,164,Chigoziem Okonkwo
25,230,3,17,10,0,0,0,0,0,1,-4,0,49,40,437,5,5,113.3,165,Noah Gray
27,285,1,17,6,0,0,0,0,0,1,8,0,64,45,506,3,3,112.4,166,Olamide Zaccheaus
21,,1,13,12,0,0,0,0,0,1,9,0,57,29,556,4,4,111.5,167,Keon Coleman
23,145,1,17,5,0,0,0,0,0,0,0,0,76,39,415,5,5,110.5,168,Dontayvion Wicks
28,319,3,15,8,0,0,0,0,0,0,0,0,64,50,481,2,2,110.1,169,Will Dissly
27,128,1,16,13,0,0,0,0,0,2,17,0,71,39,573,2,2,110,170,Darius Slayton
31,473,2,12,8,187,308,1844,12,5,26,18,0,0,0,0,0,0,109.6,171,Cooper Rush
30,322,3,17,8,0,0,0,0,0,0,0,0,59,45,476,3,3,108.6,172,Austin Hooper
25,174,1,15,7,0,0,0,0,0,0,0,0,65,39,584,1,1,107.4,173,Josh Palmer
27,,1,13,7,0,0,0,0,0,0,0,0,55,41,475,3,3,106.5,174,Devaughn Vele
24,108,0,17,0,0,0,0,0,0,137,644,3,13,13,88,0,3,106.2,175,Tyler Allgeier
25,166,1,15,15,0,0,0,0,0,4,23,0,53,29,620,2,2,105.3,176,Christian Watson
25,48,3,14,14,0,0,0,0,0,0,0,0,86,59,494,0,0,104.4,177,Jake Ferguson
28,221,1,17,2,0,0,0,0,0,16,92,0,52,31,420,2,4,104.2,178,KaVontae Turpin
27,236,3,14,9,0,0,0,0,0,0,0,0,64,48,500,1,1,104,179,Noah Fant
29,152,3,10,10,0,0,0,0,0,0,0,0,52,42,496,2,2,103.6,180,Dallas Goedert
26,149,0,17,3,0,0,0,0,0,120,538,1,29,23,206,0,1,103.4,181,Antonio Gibson
27,309,3,17,17,0,0,0,0,0,0,0,0,43,32,413,5,5,103.3,182,Foster Moreau
25,471,1,17,7,0,0,0,0,0,3,-4,0,42,28,414,6,6,103,183,Jalen Nailor
34,41,3,8,8,2,4,21,0,1,39,278,6,31,23,187,0,6,102.3,184,Taysom Hill
25,153,3,13,9,0,0,0,0,0,0,0,0,75,44,448,2,2,100.8,185,Dalton Kincaid
39,127,2,8,6,162,248,1761,12,7,9,26,0,0,0,0,0,0,99,186,Joe Flacco
25,160,1,17,5,0,1,0,0,0,2,7,0,62,42,562,0,0,98.9,187,Tutu Atwell
31,303,1,17,13,0,0,0,0,0,0,0,0,50,31,378,5,5,98.8,188,Mack Hollins
24,157,0,16,5,0,0,0,0,0,113,496,1,27,24,76,2,3,97.2,189,Jaleel McLaughlin
22,325,1,17,7,0,0,0,0,0,0,0,0,51,32,390,3,4,97,190,Parker Washington
27,96,0,15,5,0,0,0,0,0,113,437,4,24,21,119,0,4,96.6,191,Devin Singletary
28,85,2,10,9,203,306,2013,9,10,19,58,0,0,0,0,0,0,96.3,192,Gardner Minshew II
26,118,2,10,7,171,262,1672,8,8,28,92,1,0,0,0,0,1,96.1,193,Mac Jones
25,402,0,17,0,0,0,0,0,0,103,502,4,14,11,48,1,5,96,194,Emanuel Wilson
29,240,2,8,5,146,228,1530,9,9,25,106,1,0,0,0,0,1,95.8,195,Mason Rudolph
24,,0,16,3,0,0,0,0,0,84,420,4,16,15,152,0,4,94.2,196,Isaac Guerendo
26,105,2,9,7,154,243,1612,8,4,21,30,1,0,0,0,0,1,93.5,197,Aidan O'Connell
24,,1,11,4,0,1,0,0,0,3,45,0,46,31,400,3,3,93.5,198,Ricky Pearsall
25,255,0,17,2,0,0,0,0,0,104,444,2,18,14,68,3,5,93.2,199,Cam Akers
23,,1,11,4,1,1,19,0,0,0,0,0,46,32,478,2,2,92.6,200,Jalen Coker
31,,1,16,9,0,0,0,0,0,0,0,0,44,33,394,3,3,92.4,201,Tim Patrick
27,305,0,17,1,0,0,0,0,0,41,213,1,25,18,284,3,4,91.7,202,Ty Johnson
24,412,3,17,10,0,0,0,0,0,0,0,0,53,40,411,2,2,91.1,203,Brenton Strange
32,379,3,17,6,0,0,0,0,0,0,0,0,58,40,390,2,2,91,204,Jordan Akins
26,235,1,17,4,0,0,0,0,0,5,31,0,50,37,342,3,3,90.3,205,Greg Dortch
30,36,3,9,9,0,0,0,0,0,0,0,0,64,47,365,1,1,89.5,206,Evan Engram
28,124,1,12,8,0,0,0,0,0,2,6,0,67,33,375,3,3,89.1,207,Diontae Johnson
27,28,3,10,9,0,0,0,0,0,0,0,0,62,41,455,0,0,86.5,208,T.J. Hockenson
28,173,1,11,9,0,0,0,0,0,0,0,0,56,35,453,1,1,86.3,209,Noah Brown
20,,0,17,2,0,0,0,0,0,92,334,2,27,19,148,1,3,85.2,210,Braelon Allen
29,365,1,17,5,0,0,0,0,0,1,0,0,57,32,351,3,3,85.1,211,David Moore
30,261,1,14,8,0,0,0,0,0,1,4,0,44,19,411,4,4,84.5,212,Marquez Valdes-Scantling
27,95,0,8,6,0,0,0,0,0,74,242,2,27,23,187,1,3,81.9,213,Zack Moss
29,170,0,17,0,0,0,0,0,0,20,92,1,35,28,322,1,2,81.4,214,Samaje Perine
24,324,1,11,6,0,0,0,0,0,1,-5,0,49,29,339,3,3,80.4,215,Cedric Tillman
31,411,1,14,5,0,0,0,0,0,8,69,0,51,32,334,1,1,80.3,216,Sterling Shepard
28,278,2,8,5,107,181,1071,6,5,18,133,2,0,0,0,0,2,80.1,217,Drew Lock
26,116,1,6,5,0,0,0,0,0,6,29,0,41,20,349,3,4,79.8,218,Rashid Shaheed
22,,3,17,6,0,0,0,0,0,0,0,0,38,30,245,4,4,78.5,219,AJ Barner
30,150,1,16,8,0,1,0,0,0,1,3,0,57,39,390,0,0,78.3,220,Tyler Boyd
23,176,0,14,0,0,0,0,0,0,55,150,6,20,16,104,0,6,77.4,221,Roschon Johnson
27,194,0,11,2,0,0,0,0,0,55,205,2,30,24,148,1,3,77.3,222,Miles Sanders
29,140,2,7,7,137,216,1148,5,3,31,148,1,0,0,0,0,1,76.7,223,Deshaun Watson
24,57,1,8,8,0,0,0,0,0,1,7,0,44,32,400,1,1,76.7,224,Chris Olave
21,,3,16,8,0,0,0,0,0,0,0,0,43,33,342,1,1,73.2,225,Ja'Tavion Sanders
32,6,0,13,1,0,0,0,0,0,85,278,2,23,19,161,0,2,70.9,226,Raheem Mostert
28,134,1,8,7,0,0,0,0,0,0,0,0,47,27,379,1,1,70.9,227,Christian Kirk
31,110,1,10,9,0,0,0,0,0,3,-3,0,54,26,259,3,3,69.6,228,Brandin Cooks
23,476,0,17,0,0,0,0,0,0,50,308,2,12,9,109,1,3,68.7,229,Sean Tucker
23,,3,12,11,0,0,0,0,0,0,0,0,43,29,331,1,1,68.1,230,Theo Johnson
25,317,1,16,3,0,1,0,0,0,3,26,0,40,30,308,1,1,67.4,231,Dyami Brown
24,,2,7,6,130,228,1317,4,5,18,146,0,0,0,0,0,0,67.3,232,Spencer Rattler
21,,1,16,6,0,0,0,0,0,2,8,0,53,28,263,2,2,67.1,233,Troy Franklin
27,273,3,15,12,0,0,0,0,0,0,0,0,28,22,258,3,3,65.8,234,Josh Oliver
25,251,3,17,9,0,0,0,0,0,0,0,0,49,30,294,1,1,65.4,235,Colby Parkinson
29,184,1,12,9,0,1,0,0,0,1,6,0,38,28,305,1,1,65.1,236,Kendrick Bourne
24,72,1,4,4,0,0,0,0,0,1,1,0,29,24,288,2,2,64.9,237,Rashee Rice
26,265,1,17,7,0,0,0,0,0,0,0,0,45,31,293,1,1,64.3,238,Lil'Jordan Humphrey
29,53,0,11,6,0,0,0,0,0,101,365,4,5,3,6,0,4,64.1,239,Gus Edwards
29,587,0,17,1,0,0,0,0,0,55,261,4,12,9,27,0,4,63.8,240,Jeremy McNichols
28,131,1,14,2,0,0,0,0,0,5,14,0,46,31,253,1,1,63.7,241,Curtis Samuel
28,334,1,17,12,0,0,0,0,0,0,0,0,40,24,276,2,2,63.6,242,Van Jefferson
29,340,0,8,8,0,0,0,0,0,102,332,3,11,5,31,1,4,63.3,243,Nick Chubb
28,190,1,17,7,0,0,0,0,0,0,0,0,32,22,289,2,2,62.9,244,Justin Watson
25,178,0,17,1,0,0,0,0,0,75,290,1,22,16,116,0,1,62.6,245,Kenneth Gainwell
26,25,1,7,7,0,0,0,0,0,0,0,0,47,25,374,0,0,62.4,246,Brandon Aiyuk
26,432,1,15,2,0,0,0,0,0,0,0,0,41,26,291,1,1,61.1,247,Tyler Johnson
25,369,3,17,4,0,0,0,0,0,0,0,0,37,28,248,1,1,60.8,248,Josh Whyle
26,294,2,5,5,86,133,829,3,3,26,135,2,0,0,0,0,2,60.7,249,Tyler Huntley
26,454,3,17,13,0,0,0,0,0,0,0,0,30,24,298,1,1,59.8,250,Grant Calcaterra
28,268,3,16,13,0,0,0,0,0,0,0,0,33,22,311,1,1,59.1,251,Dawson Knox
37,313,2,6,5,106,160,989,7,6,11,34,0,0,0,0,0,0,59,252,Andy Dalton
33,,4,17,15,0,0,0,0,0,5,26,1,31,19,200,2,3,57.6,253,Kyle Juszczyk
29,106,0,15,2,0,0,0,0,0,74,226,3,15,12,69,0,3,57.5,254,Ezekiel Elliott
26,342,3,17,6,0,0,0,0,0,0,0,0,36,27,241,1,1,57.1,255,Luke Schoonmaker
25,61,0,7,6,0,0,0,0,0,83,310,1,16,12,79,0,1,56.9,256,Isiah Pacheco
30,274,1,18,5,0,0,0,0,0,0,0,0,34,21,298,1,1,56.8,257,Mike Williams
30,189,1,12,2,0,0,0,0,0,2,0,0,22,17,215,2,3,56.5,258,Kalif Raymond
24,254,3,12,11,0,0,0,0,0,0,0,0,32,23,234,2,2,56.4,259,Tommy Tremble
30,421,0,17,1,0,0,0,0,0,30,112,0,28,19,198,1,1,56,260,Dare Ogunbowale
24,358,1,13,3,0,0,0,0,0,0,0,0,37,24,254,1,1,55.4,261,John Metchie
23,,1,14,3,0,0,0,0,0,5,25,1,36,26,223,0,1,54.8,262,Malik Washington
25,213,0,13,0,0,0,0,0,0,24,223,1,20,16,104,0,1,54.7,263,Emari Demercado
25,113,1,10,9,0,0,0,0,0,0,0,0,42,20,239,2,2,53.9,264,Gabriel Davis
25,354,0,17,3,0,0,0,0,0,56,159,2,19,16,99,0,2,53.8,265,Trey Sermon
22,,1,17,7,1,1,24,0,0,4,6,0,55,23,312,0,0,53.8,266,Adonai Mitchell
28,271,1,14,8,0,0,0,0,0,0,0,0,26,18,231,2,2,53.1,267,JuJu Smith-Schuster
24,,1,15,3,0,0,0,0,0,2,12,0,28,22,293,0,0,52.5,268,Jordan Whittington
25,477,2,7,2,40,54,550,3,0,20,138,1,0,0,0,0,1,51.8,269,Malik Willis
29,222,1,15,4,1,1,21,1,0,0,0,0,27,20,211,1,1,49.9,270,Cedrick Wilson Jr.
24,328,3,17,6,0,0,0,0,0,0,0,0,24,20,172,2,2,49.2,271,Elijah Higgins
31,186,1,14,7,0,0,0,0,0,0,0,0,29,14,231,2,2,49.1,272,Nelson Agholor
21,,0,13,1,0,0,0,0,0,76,310,2,5,5,27,0,2,48.7,273,Audric Estime
31,614,3,17,10,0,0,0,0,0,0,0,0,20,17,135,3,3,48.5,274,Nick Vannett
28,1,0,4,4,0,0,0,0,0,50,202,0,19,15,146,0,0,47.8,275,Christian McCaffrey
27,612,1,12,6,0,0,0,0,0,5,33,1,29,16,158,1,2,47.1,276,DJ Turner
21,,0,13,1,0,0,0,0,0,63,291,1,6,6,59,0,1,47,277,Trey Benson
22,,0,17,0,0,0,0,0,0,30,174,1,12,9,75,1,2,45.9,278,Isaiah Davis
31,387,2,3,0,34,44,364,4,0,18,92,1,0,0,0,0,1,45.8,279,Marcus Mariota
32,316,2,8,5,95,161,826,2,1,15,62,0,0,0,0,0,0,45.2,280,Jacoby Brissett
30,323,3,17,3,0,0,0,0,0,0,0,0,27,19,142,2,2,45.2,281,Johnny Mundt
23,445,3,17,9,0,0,0,0,0,0,0,0,25,19,200,1,1,45,282,Darnell Washington
24,385,0,16,0,0,0,0,0,0,32,153,1,15,11,61,1,2,44.4,283,Tyler Goodson
24,,2,5,3,61,105,775,3,3,7,11,1,0,0,0,0,1,44.1,284,Michael Penix
27,248,3,17,14,0,0,0,0,0,0,0,0,22,13,188,2,2,43.8,285,Adam Trautman
24,172,0,11,0,0,0,0,0,0,40,293,2,4,2,2,0,2,43.5,286,Dameon Pierce
25,480,3,17,10,0,0,0,0,0,0,0,0,15,14,115,3,3,43.5,287,Nate Adkins
24,397,0,15,0,0,0,0,0,0,36,183,1,13,11,69,0,1,42.2,288,Chris Brooks
24,155,1,17,6,0,0,0,0,0,1,13,0,33,19,216,0,0,41.9,289,Jahan Dotson
24,333,1,15,2,0,0,0,0,0,12,39,0,17,13,112,2,2,40.1,290,Derius Davis
30,237,3,11,0,0,0,0,0,0,1,1,0,23,19,154,1,1,38.5,291,Tanner Hudson
29,136,1,9,2,0,0,0,0,0,0,0,0,24,13,194,1,1,38.4,292,Josh Reynolds
32,218,1,15,4,0,0,0,0,0,0,0,0,30,20,203,0,0,38.3,293,Robert Woods
33,282,0,13,1,0,0,0,0,0,32,135,0,14,12,80,1,1,37.5,294,Cordarrelle Patterson
29,231,0,14,1,0,0,0,0,0,48,164,1,11,9,57,0,1,37.1,295,Jamaal Williams
24,589,1,11,3,0,0,0,0,0,0,0,0,20,12,128,2,2,36.8,296,Ryan Miller
23,228,3,11,8,0,0,0,0,0,0,0,0,32,21,156,0,0,36.6,297,Michael Mayer
28,284,3,17,15,0,0,0,0,0,1,-4,0,22,20,109,1,1,36.5,298,Drew Sample
25,435,1,17,0,0,0,0,0,0,0,0,0,12,11,193,1,1,36.3,299,Tylan Wallace
28,304,0,14,1,0,0,0,0,0,32,143,0,19,12,96,0,0,35.9,300,D'Ernest Johnson
25,263,0,3,1,0,0,0,0,0,35,131,1,11,11,57,0,1,35.8,301,Michael Carter
24,,3,9,6,0,0,0,0,0,0,0,0,22,20,158,0,0,35.8,302,Erick All
24,436,1,14,1,0,0,0,0,0,0,0,0,30,12,177,1,1,35.7,303,Jalen Brooks
23,202,1,15,3,0,0,0,0,0,0,0,0,22,12,172,1,1,35.2,304,Trey Palmer
26,247,0,14,0,0,0,0,0,0,26,108,0,22,14,104,0,0,35.2,305,Pierre Strong
26,370,3,17,8,0,0,0,0,0,0,0,0,16,13,100,2,2,35,306,Brock Wright
26,330,3,15,2,0,0,0,0,0,0,0,0,19,16,208,0,0,34.8,307,Stone Smartt
23,,1,17,4,0,0,0,0,0,0,0,0,24,18,168,0,0,34.8,308,Luke McCaffrey
24,438,3,16,6,0,0,0,0,0,0,0,0,14,11,115,2,2,34.5,309,Payne Durham
24,,3,15,9,0,0,0,0,0,0,0,0,22,15,133,1,1,34.3,310,Cade Stover
26,357,3,13,2,0,0,0,0,0,0,0,0,23,19,152,0,0,34.2,311,Lucas Krull
24,,0,17,1,0,0,0,0,0,58,207,0,8,7,58,0,0,33.5,312,Blake Corum
26,398,1,12,0,0,0,0,0,0,5,62,1,14,12,90,0,1,33.2,313,Mecole Hardman
25,,0,17,0,0,0,0,0,0,34,89,2,3,3,49,1,3,32.8,314,Hassan Haskins
23,,0,10,0,0,0,0,0,0,43,155,0,9,5,62,1,1,32.7,315,Kimani Vidal
31,256,3,17,13,0,0,0,0,0,0,0,0,22,12,147,1,1,32.7,316,Mo Alie-Cox
22,,1,15,7,0,0,0,0,0,1,0,0,33,12,87,2,2,32.7,317,Ja'Lynn Polk
28,147,0,11,3,0,0,0,0,0,71,232,0,8,6,54,0,0,32.6,318,D'Onta Foreman
26,229,3,17,6,0,0,0,0,0,0,0,0,31,14,182,0,0,32.2,319,Kylen Granson
23,233,1,17,6,0,0,0,0,0,2,5,0,42,17,167,0,0,32.2,320,Jonathan Mingo
29,321,1,17,2,0,0,0,0,0,0,0,0,12,7,131,1,2,32.1,321,KhaDarel Hodge
29,,1,8,0,0,0,0,0,0,0,0,0,28,12,120,1,1,32,322,Dante Pettis
24,341,1,13,1,0,0,0,0,0,0,0,0,13,10,97,2,2,31.7,323,Malik Heath
24,260,0,9,0,0,0,0,0,0,35,173,2,1,1,12,0,2,31.5,324,Chris Rodriguez
26,133,0,14,1,0,0,0,0,0,36,130,1,11,10,25,0,1,31.5,325,Khalil Herbert
29,84,2,2,1,32,47,361,2,2,9,24,2,0,0,0,0,2,30.8,326,Joshua Dobbs
26,344,0,13,1,0,0,0,0,0,39,183,1,11,3,25,0,1,29.8,327,Patrick Taylor
26,243,1,17,3,0,0,0,0,0,0,0,0,17,13,107,1,1,29.7,328,Jake Bobo
25,199,0,8,5,0,0,0,0,0,65,183,1,8,6,30,0,1,29.3,329,Zamir White
32,453,4,17,2,0,0,0,0,0,7,8,1,10,10,65,1,2,29.3,330,Michael Burton
22,269,0,6,2,0,0,0,0,0,39,148,1,8,5,33,0,1,29.1,331,Kendre Miller
24,,2,2,1,30,45,323,4,0,5,-1,0,0,0,0,0,0,28.8,332,Tanner McKee
28,562,0,15,0,0,0,0,0,0,20,69,0,12,10,59,1,1,28.8,333,Jamycal Hasty
24,367,3,17,9,0,0,0,0,0,0,0,0,28,18,105,0,0,28.5,334,Jeremy Ruckert
26,146,0,17,0,0,0,0,0,0,56,182,0,6,6,42,0,0,28.4,335,Ty Chandler
25,364,3,13,3,0,0,0,0,0,1,2,0,11,9,131,1,1,28.3,336,Charlie Kolar
24,,0,5,2,0,0,0,0,0,39,183,0,7,6,29,0,0,27.2,337,Sincere McCormick
24,,1,8,2,0,0,0,0,0,1,9,0,22,11,151,0,0,27,338,Kevin Austin
24,410,0,16,4,0,0,0,0,0,12,38,0,16,12,111,0,0,26.9,339,Hunter Luepke
23,,1,7,1,0,0,0,0,0,0,0,0,15,9,118,1,1,26.8,340,Bub Means
21,,0,15,1,0,0,0,0,0,68,249,0,6,3,8,0,0,26.7,341,Jaylen Wright
30,518,3,17,3,0,0,0,0,0,0,0,0,14,11,97,1,1,26.7,342,Eric Saubert
31,188,3,3,3,0,0,0,0,0,0,0,0,12,8,66,2,2,26.6,343,Tyler Higbee
24,292,3,17,8,0,0,0,0,0,0,0,0,17,14,125,0,0,26.5,344,Daniel Bellinger
28,,4,15,10,0,0,0,0,0,10,17,1,12,11,96,0,1,26.3,345,Alec Ingold
31,336,1,6,1,0,0,0,0,0,0,0,0,13,9,72,2,2,26.2,346,Jamison Crowder
25,590,0,11,0,0,0,0,0,0,20,70,0,18,12,71,0,0,26.1,347,Jordan Mims
26,287,3,17,6,0,0,0,0,0,0,0,0,14,9,109,1,1,25.9,348,Andrew Ogletree
26,115,2,5,1,25,42,291,2,1,9,15,1,0,0,0,0,1,25.1,349,Kenny Pickett
22,,0,17,3,0,0,0,0,0,56,183,0,11,7,26,0,0,23.9,350,Carson Steele
24,,1,11,1,0,0,0,0,0,0,0,0,26,14,99,0,0,23.9,351,Mason Tipton
24,373,1,16,3,0,0,0,0,0,0,0,0,26,12,117,0,0,23.7,352,Xavier Hutchinson
25,276,1,17,0,0,0,0,0,0,8,54,0,17,8,91,0,0,22.5,353,Bo Melton
24,584,0,17,0,0,0,0,0,0,31,172,0,4,3,22,0,0,22.4,354,Kenny McIntosh
28,368,1,17,1,0,0,0,0,0,0,0,0,9,8,83,1,1,22.3,355,Trent Sherfield
24,468,3,16,11,0,0,0,0,0,0,0,0,19,12,100,0,0,22,356,Julian Hill
25,86,2,6,1,52,85,458,2,2,9,36,0,0,0,0,0,0,21.9,357,Desmond Ridder
23,440,1,10,2,0,0,0,0,0,0,0,0,11,9,124,0,0,21.4,358,Rakim Jarrett
26,483,0,17,0,0,0,0,0,0,9,49,0,3,3,11,1,2,21,359,DeeJay Dallas
28,310,0,17,0,0,0,0,0,0,31,139,0,5,3,40,0,0,20.9,360,Craig Reynolds
35,139,2,2,0,17,22,119,3,0,3,13,0,0,0,0,0,0,20.1,361,Tyrod Taylor
33,183,2,1,1,27,41,334,2,1,2,5,0,0,0,0,0,0,19.9,362,Jimmy Garoppolo
24,,2,1,0,22,29,241,1,0,10,16,1,0,0,0,0,1,19.2,363,Joe Milton
27,,1,15,2,0,0,0,0,0,5,45,0,8,2,67,1,1,19.2,364,Ashton Dulin
27,465,1,13,1,0,0,0,0,0,4,3,0,16,11,79,0,0,19.2,365,Devin Duvernay
27,167,1,8,4,0,0,0,0,0,0,0,0,18,7,57,1,1,18.7,366,K.J. Osborn
27,356,3,17,8,0,0,0,0,0,0,0,0,17,12,67,0,0,18.7,367,Luke Farrell
25,366,0,17,0,0,0,0,0,0,22,99,0,6,5,34,0,0,18.3,368,Ronnie Rivers
25,,1,11,1,0,0,0,0,0,0,0,0,14,10,102,0,0,18.2,369,Ryan Flournoy
27,141,1,2,1,0,0,0,0,0,0,0,0,15,9,91,0,0,18.1,370,Marquise Brown
25,,3,17,0,0,0,0,0,0,0,0,0,14,9,88,0,0,17.8,371,Brevyn Spann-Ford
23,,1,7,1,0,0,0,0,0,2,6,0,9,7,41,1,1,17.7,372,Ainias Smith
26,299,3,13,3,0,0,0,0,0,0,0,0,12,9,86,0,0,17.6,373,Harrison Bryant
25,431,0,17,0,0,0,0,0,0,14,31,0,11,10,82,0,0,17.3,374,Eric Gray
30,400,4,17,6,0,0,0,0,0,0,0,0,5,3,22,1,2,17.2,375,Patrick Ricard
24,618,3,11,2,0,0,0,0,0,0,0,0,9,6,51,1,1,17.1,376,Blake Whiteheart
27,430,1,8,2,0,0,0,0,0,0,0,0,16,6,106,0,0,16.6,377,Simi Fehoko
29,227,1,11,2,0,0,0,0,0,0,0,0,11,8,84,0,0,16.4,378,Zay Jones
25,351,3,17,5,0,0,0,0,0,0,0,0,8,6,40,1,1,16,379,Connor Heyward
32,353,3,12,5,0,0,0,0,0,0,0,0,10,6,40,1,1,16,380,MyCole Pruitt
25,331,2,7,2,61,118,440,0,6,21,122,0,0,0,0,0,0,15.8,381,Dorian Thompson-Robinson
22,,0,16,1,0,0,0,0,0,30,82,0,4,4,35,0,0,15.7,382,Will Shipley
26,479,3,9,1,0,0,0,0,0,0,0,0,8,5,47,1,1,15.7,383,Kenny Yeboah
24,,1,10,1,0,0,0,0,0,0,0,0,9,6,95,0,0,15.5,384,Bryce Oliver
30,217,2,9,0,19,26,179,2,0,17,1,0,0,0,0,0,0,15.3,385,Mitchell Trubisky
31,314,3,9,2,0,0,0,0,0,0,0,0,13,8,73,0,0,15.3,386,Hayden Hurst
27,404,1,5,0,0,0,0,0,0,0,0,0,8,6,30,1,1,15,387,Parris Campbell
23,,1,16,4,0,0,0,0,0,0,0,0,15,5,38,1,1,14.8,388,Johnny Wilson
23,,1,14,1,0,0,0,0,0,0,0,0,14,4,107,0,0,14.7,389,Jermaine Burton
25,329,1,8,2,0,0,0,0,0,3,-3,0,12,7,100,0,0,14.7,390,Jalen Reagor
25,417,3,16,3,0,0,0,0,0,0,0,0,8,5,36,1,1,14.6,391,Quintin Morris
32,161,1,9,0,0,0,0,0,0,0,0,0,18,9,55,0,0,14.5,392,Odell Beckham Jr.
23,244,1,17,0,0,0,0,0,0,1,5,0,10,6,39,1,1,14.4,393,Xavier Gipson
27,362,3,17,6,0,0,0,0,0,0,0,0,13,8,84,0,0,14.4,394,John Bates
29,252,3,17,4,0,0,0,0,0,0,0,0,17,9,53,0,0,14.3,395,Durham Smythe
23,249,1,16,3,0,0,0,0,0,0,0,0,19,8,62,0,0,14.2,396,Jalin Hyatt
31,437,1,13,0,0,0,0,0,0,0,0,0,14,9,72,0,0,14.2,397,DeAndre Carter
29,246,1,17,1,0,0,0,0,0,0,0,0,10,7,71,0,0,14.1,398,Brandon Powell
30,396,2,3,0,27,50,276,1,1,3,9,0,0,0,0,0,0,13.9,399,Tim Boyle
25,,1,3,0,0,0,0,0,0,0,0,0,1,1,69,1,1,13.9,400,Tyrell Shavers
24,,3,5,0,0,0,0,0,0,0,0,0,6,5,88,0,0,13.8,401,Devin Culp
22,,3,17,2,0,0,0,0,0,0,0,0,5,5,28,1,1,13.8,402,Ben Sinnott
32,428,1,15,2,0,0,0,0,0,0,0,0,12,6,76,0,0,13.6,403,Chris Conley
30,345,1,8,0,0,0,0,0,0,0,0,0,9,7,66,0,0,13.6,404,River Cracraft
26,132,2,3,2,31,44,257,0,0,8,32,0,0,0,0,0,0,13.5,405,Tommy DeVito
31,,4,17,3,0,0,0,0,0,2,10,1,6,5,35,0,1,13.5,406,C.J. Ham
24,,1,5,2,0,0,0,0,0,0,0,0,17,7,65,0,0,13.5,407,Michael Woods II
24,539,0,17,0,0,0,0,0,0,22,102,0,3,2,11,0,0,13.3,408,Julius Chestnut
25,,2,8,1,18,39,226,1,1,11,22,0,0,0,0,0,0,13.2,409,Jake Haener
28,143,1,7,0,0,0,0,0,0,0,0,0,10,4,31,1,1,13.1,410,DJ Chark
26,580,3,17,2,0,0,0,0,0,0,0,0,9,7,60,0,0,13,411,Hunter Long
24,,2,4,1,25,41,266,0,1,11,41,0,0,0,0,0,0,12.7,412,Trey Lance
30,298,3,15,7,0,0,0,0,0,0,0,0,12,8,65,0,0,12.5,413,Pharaoh Brown
32,492,3,17,11,0,0,0,0,0,0,0,0,4,3,30,1,1,12,414,Chris Manhertz
27,581,1,1,0,0,0,0,0,0,0,0,0,2,1,49,1,1,11.9,415,Tay Martin
27,281,1,13,1,0,0,0,0,0,0,0,0,9,5,69,0,0,11.9,416,Scott Miller
27,377,1,10,1,0,0,0,0,0,0,0,0,5,5,69,0,0,11.9,417,Ben Skowronek
23,424,0,7,0,0,0,0,0,0,17,70,0,5,3,18,0,0,11.8,418,Deuce Vaughn
27,478,3,16,5,0,0,0,0,0,0,0,0,12,7,46,0,0,11.6,419,Charlie Woerner
30,196,3,17,4,0,0,0,0,0,0,0,0,13,8,36,0,0,11.6,420,Gerald Everett
27,307,0,1,0,0,0,0,0,0,4,55,1,0,0,0,0,1,11.5,421,Tony Jones
24,238,3,7,3,0,0,0,0,0,0,0,0,10,7,45,0,0,11.5,422,Luke Musgrave
25,506,3,9,5,0,0,0,0,0,0,0,0,8,7,39,0,0,10.9,423,Tucker Fisk
23,,1,15,0,0,0,0,0,0,1,7,0,6,4,80,0,0,10.7,424,Jacob Cowing
26,390,1,12,2,0,0,0,0,0,1,1,0,5,5,36,0,1,10.7,425,Laviska Shenault Jr.
29,290,0,9,0,0,0,0,0,0,16,57,0,3,3,19,0,0,10.6,426,Jeff Wilson
27,456,1,5,1,0,0,0,0,0,0,0,0,8,7,34,0,0,10.4,427,Britain Covey
25,458,3,7,1,0,0,0,0,0,0,0,0,5,5,51,0,0,10.1,428,Peyton Hendershot
25,210,0,2,0,0,0,0,0,0,13,46,0,5,3,24,0,0,10,429,Clyde Edwards-Helaire
23,355,3,15,5,0,0,0,0,0,0,0,0,13,6,39,0,0,9.9,430,Davis Allen
27,619,1,3,0,0,0,0,0,0,0,0,0,3,2,18,1,1,9.8,431,Kristian Wilkerson
23,,3,17,9,0,0,0,0,0,0,0,0,7,6,37,0,0,9.7,432,Tip Reiman
26,347,2,4,0,20,36,212,0,0,3,11,0,0,0,0,0,0,9.6,433,Davis Mills
24,,0,3,0,0,0,0,0,0,11,86,0,3,3,-2,0,0,9.4,434,Tyler Badie
23,,1,9,0,0,0,0,0,0,0,0,0,3,1,21,1,1,9.1,435,Devontez Walker
24,378,1,6,1,0,0,0,0,0,0,0,0,8,4,47,0,0,8.7,436,Tyquan Thornton
24,422,3,17,5,0,0,0,0,0,0,0,0,5,4,42,0,0,8.2,437,Ben Sims
23,,0,16,0,0,0,0,0,0,6,14,0,3,3,37,0,0,8.1,438,Sione Vaki
25,394,0,16,1,0,0,0,0,0,15,80,0,0,0,0,0,0,8,439,Raheem Blackshear
27,,2,3,1,21,33,187,0,0,1,4,0,0,0,0,0,0,7.9,440,Skylar Thompson
24,464,3,9,3,0,0,0,0,0,0,0,0,12,5,28,0,0,7.8,441,Greg Dulcich
24,,3,8,6,0,0,0,0,0,0,0,0,5,5,28,0,0,7.8,442,Cam Grandy
26,,3,8,0,0,0,0,0,0,0,0,0,2,1,7,1,1,7.7,443,E.J. Jenkins
21,,0,3,1,0,0,0,0,0,9,22,0,3,3,23,0,0,7.5,444,Jonathon Brooks
24,312,1,5,2,0,0,0,0,0,2,1,0,8,4,34,0,0,7.5,445,Treylon Burks
27,504,1,6,0,0,0,0,0,0,0,0,0,3,3,44,0,0,7.4,446,D'Wayne Eskridge
26,420,1,17,0,0,0,0,0,0,0,0,0,5,3,41,0,0,7.1,447,Tim Jones
24,375,1,7,1,0,0,0,0,0,0,0,0,6,3,41,0,0,7.1,448,Terrace Marshall Jr.
25,175,2,1,1,16,31,170,1,2,2,2,0,0,0,0,0,0,7,449,Bailey Zappe
25,335,3,10,0,0,0,0,0,0,0,0,0,8,4,29,0,0,6.9,450,Will Mallory
22,192,0,5,0,0,0,0,0,0,15,30,0,1,1,28,0,0,6.8,451,Keaton Mitchell
25,,1,5,1,0,0,0,0,0,0,0,0,6,2,48,0,0,6.8,452,Nikko Remigio
27,540,1,6,0,0,0,0,0,0,0,0,0,4,3,37,0,0,6.7,453,Dan Chisena
25,348,1,7,0,0,0,0,0,0,2,7,0,4,4,20,0,0,6.7,454,Deven Thompkins
32,,2,3,1,17,30,199,1,2,3,4,0,0,0,0,0,0,6.4,455,Brandon Allen
26,,0,5,0,0,0,0,0,0,10,44,0,3,2,0,0,0,6.4,456,J.J. Taylor
26,,1,4,0,0,0,0,0,0,0,0,0,3,2,44,0,0,6.4,457,Cody White
26,565,0,10,0,0,0,0,0,0,6,23,0,3,3,11,0,0,6.4,458,Travis Homer
27,,1,15,0,0,0,0,0,0,4,36,0,2,2,6,0,0,6.2,459,Xavier Smith
28,,1,6,1,0,0,0,0,0,0,0,0,3,3,31,0,0,6.1,460,Alex Bachman
26,515,0,2,0,0,0,0,0,0,0,0,0,0,0,0,0,1,6,461,Kene Nwangwu
25,311,1,15,0,0,0,0,0,0,0,0,0,0,0,0,0,1,6,462,Ihmir Smith-Marsette
31,283,1,12,0,0,0,0,0,0,0,0,0,7,3,30,0,0,6,463,Allen Robinson
29,,0,6,0,0,0,0,0,0,13,51,0,3,1,-2,0,0,5.9,464,Mike Boone
24,262,1,1,0,0,0,0,0,0,0,0,0,3,3,27,0,0,5.7,465,David Bell
26,374,1,8,0,0,0,0,0,0,0,0,0,1,1,5,0,1,5.5,466,Charlie Jones
22,,1,9,1,0,0,0,0,0,2,26,0,6,3,16,0,0,5.2,467,Malachi Corley
24,,1,9,0,0,0,0,0,0,0,0,0,7,3,22,0,0,5.2,468,Jamari Thrash
24,,3,12,2,0,0,0,0,0,0,0,0,4,3,21,0,0,5.1,469,Dallin Holker
26,,0,1,0,0,0,0,0,0,5,24,0,3,1,15,0,0,4.9,470,Jacob Kibodi
32,296,2,3,1,12,19,118,0,0,3,0,0,0,0,0,0,0,4.7,471,Carson Wentz
26,542,3,8,1,0,0,0,0,0,0,0,0,4,3,16,0,0,4.6,472,Tanner Conner
29,245,1,7,2,0,0,0,0,0,0,0,0,10,3,15,0,0,4.5,473,Trenton Irwin
27,429,3,15,0,0,0,0,0,0,0,0,0,3,3,14,0,0,4.4,474,Josiah Deguara
24,,0,2,0,0,0,0,0,0,6,22,0,1,1,10,0,0,4.2,475,Jermar Jefferson
24,297,1,9,0,0,0,0,0,0,0,0,0,6,2,22,0,0,4.2,476,Ronnie Bell
29,300,0,2,0,0,0,0,0,0,8,20,0,1,1,10,0,0,4,477,Dalvin Cook
23,,3,15,0,0,0,0,0,0,0,0,0,3,2,20,0,0,4,478,Jaheim Bell
26,522,1,1,0,0,0,0,0,0,0,0,0,3,2,40,0,0,4,479,Austin Trammell
26,512,1,6,0,0,0,0,0,0,0,0,0,2,2,17,0,0,3.7,480,Mason Kinsey
28,444,3,5,2,0,0,0,0,0,0,0,0,6,3,7,0,0,3.7,481,Ian Thomas
23,,0,3,0,0,0,0,0,0,13,33,0,1,0,0,0,0,3.3,482,Terrell Jennings
23,,1,8,0,0,0,0,0,0,0,0,0,1,1,23,0,0,3.3,483,Anthony Gould
25,,0,2,0,0,0,0,0,0,4,10,0,2,1,13,0,0,3.3,484,Blake Watson
22,,0,2,0,0,0,0,0,0,13,32,0,0,0,0,0,0,3.2,485,Jase McClellan
28,,3,12,1,0,0,0,0,0,0,0,0,1,1,22,0,0,3.2,486,Shane Zylstra
26,241,1,3,0,0,0,0,0,0,0,0,0,2,2,12,0,0,3.2,487,Isaiah Hodgins
23,,0,6,0,0,0,0,0,0,10,31,0,2,0,0,0,0,3.1,488,Rasheen Ali
31,180,2,4,0,3,5,28,0,0,2,20,0,0,0,0,0,0,3.1,489,Taylor Heinicke
23,,1,3,0,0,0,0,0,0,0,0,0,4,2,11,0,0,3.1,490,Grant Dubose
28,631,1,9,0,0,0,0,0,0,0,0,0,3,3,21,0,0,3.1,491,James Proche
26,460,3,11,2,0,0,0,0,0,0,0,0,3,2,10,0,0,3,492,Jack Stoll
32,,3,9,1,0,0,0,0,0,0,0,0,4,2,9,0,0,2.9,493,Eric Tomlinson
23,,0,1,0,0,0,0,0,0,6,15,0,1,1,3,0,0,2.8,494,MarShawn Lloyd
26,,2,3,0,6,9,62,0,0,5,2,0,0,0,0,0,0,2.7,495,Hendon Hooker
27,530,1,4,0,0,0,0,0,0,0,0,0,2,1,17,0,0,2.7,496,Chris Blair
24,266,3,2,1,0,0,0,0,0,0,0,0,3,2,7,0,0,2.7,497,Brevin Jordan
30,,1,2,0,0,0,0,0,0,0,0,0,1,1,16,0,0,2.6,498,Anthony Miller
23,,1,8,0,0,0,0,0,0,0,0,0,3,2,6,0,0,2.6,499,Isaiah Williams
23,,1,8,0,0,0,0,0,0,0,0,0,2,1,14,0,0,2.4,500,Casey Washington
27,523,0,4,0,0,0,0,0,0,5,22,0,0,0,0,0,0,2.2,501,Jonathan Ward
22,,1,11,1,0,0,0,0,0,0,0,0,4,1,12,0,0,2.2,502,Javon Baker
27,,3,16,0,0,0,0,0,0,0,0,0,3,1,12,0,0,2.2,503,Feleipe Franks
30,632,1,2,0,0,0,0,0,0,0,0,0,1,1,11,0,0,2.1,504,Trent Taylor
27,556,0,5,0,0,0,0,0,0,3,-1,0,1,1,11,0,0,2,505,Myles Gaskin
25,,0,5,0,0,0,0,0,0,3,10,0,1,1,-1,0,0,1.9,506,George Holani
26,207,1,3,0,0,0,0,0,0,0,0,0,1,1,9,0,0,1.9,507,Brandon Johnson
26,,1,1,0,0,0,0,0,0,0,0,0,1,1,9,0,0,1.9,508,Kendric Pryor
25,,0,1,0,0,0,0,0,0,1,3,0,1,1,6,0,0,1.9,509,Cody Schrader
24,,0,8,0,0,0,0,0,0,5,12,0,2,1,-4,0,0,1.8,510,Chris Collier
25,,0,3,0,0,0,0,0,0,6,17,0,0,0,0,0,0,1.7,511,Aaron Shampklin
24,,1,8,0,0,0,0,0,0,0,0,0,3,1,7,0,0,1.7,512,Ramel Keyton
26,,3,8,0,0,0,0,0,0,0,0,0,1,1,7,0,0,1.7,513,John Samuel Shenker
31,418,3,8,2,0,0,0,0,0,0,0,0,1,1,7,0,0,1.7,514,Geoff Swaim
24,,3,7,2,0,0,0,0,0,0,0,0,1,1,7,0,0,1.7,515,Jared Wiley
25,546,1,12,1,0,0,0,0,0,0,0,0,1,1,6,0,0,1.6,516,Jaelon Darden
27,510,1,9,0,0,0,0,0,0,0,0,0,2,1,6,0,0,1.6,517,Collin Johnson
25,,3,5,2,0,0,0,0,0,0,0,0,2,1,6,0,0,1.6,518,David Martin-Robinson
29,,1,1,0,0,0,0,0,0,0,0,0,2,1,6,0,0,1.6,519,John Ross
31,339,1,2,0,0,0,0,0,0,0,0,0,4,1,5,0,0,1.5,520,Robbie Chosen
26,,3,2,0,0,0,0,0,0,0,0,0,2,1,5,0,0,1.5,521,Zach Davidson
29,503,3,17,0,0,0,0,0,0,0,0,0,1,1,5,0,0,1.5,522,Ross Dwelley
29,,3,3,0,0,0,0,0,0,0,0,0,3,1,5,0,0,1.5,523,Jody Fortson
23,343,1,11,0,0,0,0,0,0,0,0,0,1,1,5,0,0,1.5,524,Tyler Scott
29,179,2,4,0,2,2,38,0,0,3,-2,0,0,0,0,0,0,1.3,525,Nick Mullens
24,507,3,9,0,0,0,0,0,0,0,0,0,1,1,2,0,0,1.2,526,John FitzPatrick
40,416,3,17,4,0,0,0,0,0,0,0,0,2,1,2,0,0,1.2,527,Marcedes Lewis
22,,1,5,0,0,0,0,0,0,2,11,0,1,0,0,0,0,1.1,528,Kameron Johnson
26,,1,3,0,0,0,0,0,0,2,11,0,0,0,0,0,0,1.1,529,Tyreik McAllister
29,498,2,1,0,3,11,28,0,0,0,0,0,0,0,0,0,0,1.1,530,Mike White
27,433,1,3,0,0,0,0,0,0,3,11,0,1,1,8,0,0,0.9,531,Velus Jones Jr.
28,628,2,1,0,1,1,19,0,0,0,0,0,0,0,0,0,0,0.8,532,Kyle Allen
38,,2,6,0,2,3,17,0,0,4,1,0,0,0,0,0,0,0.8,533,Josh Johnson
25,,1,2,0,0,0,0,0,0,0,0,0,1,1,-2,0,0,0.8,534,Brycen Tremayne
24,484,0,1,0,0,0,0,0,0,3,7,0,0,0,0,0,0,0.7,535,Tyrion Davis-Price
27,558,4,15,0,0,0,0,0,0,3,7,0,0,0,0,0,0,0.7,536,Reggie Gilliam
27,,2,1,0,0,0,0,0,0,1,5,0,0,0,0,0,0,0.5,537,Chris Oladokun
28,289,2,3,0,0,0,0,0,0,4,5,0,0,0,0,0,0,0.5,538,Jarrett Stidham
27,461,0,3,0,0,0,0,0,0,2,4,0,0,0,0,0,0,0.4,539,Ke'Shawn Vaughn
26,320,0,5,0,0,0,0,0,0,3,3,0,0,0,0,0,0,0.3,540,Darrynton Evans
25,,0,5,0,0,0,0,0,0,1,2,0,0,0,0,0,0,0.2,541,British Brooks
27,208,0,3,0,0,0,0,0,0,1,2,0,0,0,0,0,0,0.2,542,Joshua Kelley
27,,1,3,0,0,0,0,0,0,0,0,0,0,0,0,0,0,0,543,Jermaine Jackson
25,,3,7,0,0,0,0,0,0,0,0,0,1,0,0,0,0,0,544,Jake Browning
28,279,3,4,0,0,0,0,0,0,0,0,0,2,0,0,0,0,0,545,Kyle Trask
29,272,1,6,0,0,0,0,0,0,0,0,0,4,0,0,0,0,0,546,Tyson Bagent
28,462,0,5,0,0,0,0,0,0,0,0,0,0,0,0,0,0,0,547,Sam Howell
25,427,0,2,0,0,0,0,0,0,0,0,0,0,0,0,0,0,0,548,Dylan Laube
26,536,1,2,0,0,0,0,0,0,0,0,0,0,0,0,0,0,0,549,Steven Sims
23,,1,1,0,0,0,0,0,0,0,0,0,0,0,0,0,0,0,550,Clayton Tune
27,538,1,13,0,0,0,0,0,0,0,0,0,1,0,0,0,0,0,551,Kadarius Toney
26,455,1,2,0,0,0,0,0,0,0,0,0,0,0,0,0,0,0,552,Jha'Quan Jackson
24,,3,1,0,0,0,0,0,0,0,0,0,1,0,0,0,0,0,553,Maurice Alexander
26,,1,1,0,0,0,0,0,0,0,0,0,0,0,0,0,0,0,554,Brenden Bates
31,372,2,1,0,0,0,0,0,0,0,0,0,0,0,0,0,0,0,555,Andrew Beck
32,277,1,3,0,0,0,0,0,0,0,0,0,0,0,0,0,0,0,556,Braxton Berrios
24,487,1,2,0,0,0,0,0,0,0,0,0,2,0,0,0,0,0,557,Khari Blasingame
25,552,3,8,0,0,0,0,0,0,0,0,0,0,0,0,0,0,0,558,Gary Brightwell
29,554,3,7,0,0,0,0,0,0,0,0,0,0,0,0,0,0,0,559,Marquez Callaway
27,555,1,1,0,0,0,0,0,0,0,0,0,0,0,0,0,0,0,560,Joshua Cephus
24,,1,14,0,0,0,0,0,0,0,0,0,0,0,0,0,0,0,561,Irvin Charles
26,,4,2,0,0,0,0,0,0,0,0,0,0,0,0,0,0,0,562,Elijah Cooks
27,302,1,5,0,0,0,0,0,0,0,0,0,0,0,0,0,0,0,563,Baylor Cupp
29,563,3,5,1,0,0,0,0,0,0,0,0,0,0,0,0,0,0,564,Kaden Davis
24,509,0,1,0,0,0,0,0,0,0,0,0,0,0,0,0,0,0,565,Jeff Driskel
25,407,0,1,0,0,0,0,0,0,0,0,0,0,0,0,0,0,0,566,Alex Erickson
26,469,1,2,0,0,0,0,0,0,0,0,0,0,0,0,0,0,0,567,Erik Ezukanma
24,,1,1,0,0,0,0,0,0,0,0,0,0,0,0,0,0,0,568,Princeton Fant
30,511,4,3,1,0,0,0,0,0,0,0,0,0,0,0,0,0,0,569,Anthony Firkser
27,,3,2,0,0,0,0,0,0,0,0,0,0,0,0,0,0,0,570,Dez Fitzpatrick
28,,0,2,0,0,0,0,0,0,0,0,0,0,0,0,0,0,0,571,Bryce Ford-Wheaton
28,,1,4,0,0,0,0,0,0,0,0,0,1,0,0,0,0,0,572,Troy Hairston
26,441,3,17,1,0,0,0,0,0,0,0,0,0,0,0,0,0,0,573,Deonte Harty
25,578,3,1,0,0,0,0,0,0,0,0,0,0,0,0,0,0,0,574,Parker Hesse
28,,3,2,0,0,0,0,0,0,0,0,0,0,0,0,0,0,0,575,Evan Hull
32,583,3,4,1,0,0,0,0,0,0,0,0,1,0,0,0,0,0,576,Keaontay Ingram
25,,3,2,0,0,0,0,0,0,0,0,0,0,0,0,0,0,0,577,Trishton Jackson
25,,0,2,0,0,0,0,0,0,0,0,0,0,0,0,0,0,0,578,Jaylen Johnson
22,,0,2,0,0,0,0,0,0,0,0,0,0,0,0,0,0,0,579,Jakob Johnson
25,470,3,1,0,0,0,0,0,0,0,0,0,0,0,0,0,0,0,580,Nikola Kalinic
31,223,1,5,0,0,0,0,0,0,0,0,0,0,0,0,0,0,0,581,John Kelly
31,223,1,0,0,,,,,,,,,,,,,0,0,582,Tom Kennedy
24,270,1,6,0,0,0,0,0,0,0,0,0,3,0,0,0,0,0,583,Ko Kieft
23,,1,1,0,0,0,0,0,0,0,0,0,0,0,0,0,0,0,584,Zack Kuntz
26,493,3,4,0,0,0,0,0,0,0,0,0,0,0,0,0,0,0,585,Tyler Mabry
27,,3,2,0,0,0,0,0,0,0,0,0,0,0,0,0,0,0,586,Jordan Matthews
30,495,1,17,0,0,0,0,0,0,0,0,0,0,0,0,0,0,0,587,Tanner McLachlan
25,,0,1,0,0,0,0,0,0,0,0,0,0,0,0,0,0,0,588,Dante Miller
27,597,4,17,7,0,0,0,0,0,0,0,0,4,0,0,0,0,0,589,Kendall Milton
24,472,3,7,4,0,0,0,0,0,0,0,0,0,0,0,0,0,0,590,James Mitchell
22,,1,3,0,0,0,0,0,0,0,0,0,0,0,0,0,0,0,591,Chris Moore
24,,0,6,0,0,0,0,0,0,0,0,0,0,0,0,0,0,0,592,Chris Moore
25,450,1,2,0,0,0,0,0,0,0,0,0,1,0,0,0,0,0,593,Skyy Moore
26,603,3,11,0,0,0,0,0,0,0,0,0,0,0,0,0,0,0,594,Jalen Moreno-Cropper
24,,3,10,0,0,0,0,0,0,0,0,0,0,0,0,0,0,0,595,Nick Muse
26,,1,1,0,0,0,0,0,0,0,0,0,0,0,0,0,0,0,596,Thomas Odukoya
26,361,3,5,1,0,0,0,0,0,0,0,0,0,0,0,0,0,0,597,Zach Pascal
28,443,1,2,0,0,0,0,0,0,0,0,0,0,0,0,0,0,0,598,Jaret Patterson
28,381,3,1,0,0,0,0,0,0,0,0,0,1,0,0,0,0,0,599,Adam Prentice
28,521,1,1,0,0,0,0,0,0,0,0,0,0,0,0,0,0,0,600,Teagan Quitoriano
25,,3,16,0,0,0,0,0,0,0,0,0,0,0,0,0,0,0,601,Brenden Rice
30,401,3,5,0,0,0,0,0,0,0,0,0,0,0,0,0,0,0,602,Keilan Robinson
29,496,1,2,0,0,0,0,0,0,0,0,0,0,0,0,0,0,0,603,Justyn Ross
31,392,3,7,3,0,0,0,0,0,0,0,0,0,0,0,0,0,0,604,Brady Russell
26,,1,7,0,0,0,0,0,0,0,0,0,0,0,0,0,0,0,605,Justin Shorter
26,615,3,1,0,0,0,0,0,0,0,0,0,0,0,0,0,0,0,606,Brandon Smith
26,,0,1,0,0,0,0,0,0,0,0,0,0,0,0,0,0,0,607,Irv Smith Jr.
25,617,1,1,0,0,0,0,0,0,0,0,0,0,0,0,0,0,0,608,Equanimeous St. Brown
24,,1,3,0,0,0,0,0,0,0,0,0,0,0,0,0,0,0,609,Stephen Sullivan
24,,1,2,0,0,0,0,0,0,0,0,0,2,0,0,0,0,0,610,Cody Thompson
25,,3,3,0,0,0,0,0,0,0,0,0,0,0,0,0,0,0,611,Jake Tonges
28,446,3,2,0,0,0,0,0,0,0,0,0,0,0,0,0,0,0,612,Robert Tonyan
26,,0,17,0,0,0,0,0,0,0,0,0,0,0,0,0,0,0,613,Laquon Treadwell
25,620,3,10,0,0,0,0,0,0,0,0,0,2,0,0,0,0,0,614,C.J. Uzomah
24,,0,1,0,0,0,0,0,0,0,0,0,0,0,0,0,0,0,615,Jalen Virgil
26,622,3,6,0,0,0,0,0,0,0,0,0,0,0,0,0,0,0,616,Travis Vokolek
27,425,0,17,0,0,0,0,0,0,0,0,0,0,0,0,0,0,0,617,Carlos Washington
23,,1,1,0,0,0,0,0,0,0,0,0,0,0,0,0,0,0,618,Montrell Washington
24,,3,6,0,0,0,0,0,0,0,0,0,0,0,0,0,0,0,619,Jared Wayne
25,627,1,14,0,0,0,0,0,0,0,0,0,1,0,0,0,0,0,620,Xavier Weaver
24,,1,4,0,0,0,0,0,0,1,-1,0,0,0,0,0,0,-0.1,621,Jack Westover
28,94,2,3,0,0,0,0,0,0,2,-2,0,0,0,0,0,0,-0.2,622,Mitchell Wilcox
26,611,2,4,0,1,1,5,0,0,5,-4,0,0,0,0,0,0,-0.2,623,Avery Williams
24,209,2,4,0,2,2,11,0,0,6,-7,0,0,0,0,0,0,-0.3,624,Brayden Willis
24,77,2,2,0,5,14,24,0,1,1,2,0,0,0,0,0,0,-0.8,625,D.J. Williams
25,,0,10,0,0,0,0,0,0,1,0,0,0,0,0,0,0,-2,626,Rodney Williams
27,474,1,9,0,0,0,0,0,0,1,0,0,0,0,0,0,0,-2,627,Trayveon Williams
25,434,2,6,0,2,2,8,0,0,7,-4,0,0,0,0,0,0,-2.1,628,Roman Wilson
25,295,1,3,0,0,0,0,0,0,2,-4,0,1,0,0,0,0,-2.4,629,Colson Yankoff
24,,1,12,0,0,0,0,0,0,1,-5,0,3,1,8,0,0,-2.7,630,Dareke Young
