Column1,Column2,,Column3,Column4,Column5,Column6,Column7,Column8,Column9,Column10,Column11,Column12,Column13,Column14,Column15,Column16,Column17,Column18,Column19,Column20,Column21,Column22,Column23,Column24,Column25,Column26,Column27,Column28,Column29,Column30,Column31,Column32,Column33
,,,,,,Games,Games,Passing,Passing,Passing,Passing,Passing,Rushing,Rushing,Rushing,Rushing,Receiving,Receiving,Receiving,Receiving,Receiving,Fumbles,Fumbles,Scoring,Scoring,Scoring,Fantasy,Fantasy,Fantasy,Fantasy,Fantasy,Fantasy,Fantasy
Rk,Player,,Tm,FantPos,Age,G,GS,Cmp,Att,Yds,TD,Int,Att,Yds,Y/A,TD,Tgt,Rec,Yds,Y/R,TD,Fmb,FL,TD,2PM,2PP,FantPt,PPR,DKPt,FDPt,VBD,PosRank,OvRank
1,Christian McCaffrey,3,CAR,RB,23,16,16,0,2,0,0,0,287,1387,4.83,15,142,116,1005,8.66,4,1,0,19,1,,355,471.2,477.2,413.2,215,1,1
2,Lamar Jackson,91,BAL,QB,22,15,15,265,401,3127,36,6,176,1206,6.85,7,0,0,0,,0,9,2,7,,,416,415.7,429.7,421.7,152,1,2
3,Derrick Henry,30,TEN,RB,25,15,15,0,0,0,0,0,303,1540,5.08,16,24,18,206,11.44,2,5,3,18,,,277,294.6,303.6,285.6,136,2,3
4,Aaron Jones,60,GNB,RB,25,16,16,0,0,0,0,0,236,1084,4.59,16,68,49,474,9.67,3,3,2,19,,,266,314.8,322.8,290.3,125,3,4
5,Ezekiel Elliott,7,DAL,RB,24,16,16,0,0,0,0,0,301,1357,4.51,12,71,54,420,7.78,2,3,2,14,,,258,311.7,319.7,284.7,117,4,5
6,Dalvin Cook,108,MIN,RB,24,14,14,0,0,0,0,0,250,1135,4.54,13,63,53,519,9.79,0,4,2,13,,,239,292.4,300.4,265.9,99,5,6
7,Michael Thomas,19,NOR,WR,26,16,15,0,0,0,0,0,1,-9,-9,0,185,149,1725,11.58,9,1,0,9,,,226,374.6,377.6,300.1,97,1,7
8,Travis Kelce,8,KAN,TE,30,16,16,0,0,0,0,0,1,4,4,1,136,97,1229,12.67,5,1,1,6,,,157,254.3,258.3,205.8,80,1,8
9,Nick Chubb,40,CLE,RB,24,16,16,0,0,0,0,0,298,1494,5.01,8,49,36,278,7.72,0,3,3,8,,,219,255.2,264.2,237.2,79,6,9
10,Mark Ingram,99,BAL,RB,30,15,15,0,0,0,0,0,202,1018,5.04,10,29,26,247,9.5,5,2,2,15,2,,217,242.5,250.5,229.5,76,8,10
11,Austin Ekeler,97,LAC,RB,24,16,8,0,0,0,0,0,132,557,4.22,3,108,92,993,10.79,8,3,2,11,,,217,309,317,263,76,7,11
12,Dak Prescott,69,DAL,QB,26,16,16,388,596,4902,30,11,52,277,5.33,3,0,0,0,,0,6,2,3,,1,338,337.8,356.8,348.8,74,2,12
13,Mark Andrews,170,BAL,TE,24,15,4,0,0,0,0,0,0,0,,0,98,64,852,13.31,10,2,1,10,,,143,207.2,211.2,175.2,66,2,13
14,Russell Wilson,58,SEA,QB,31,16,16,341,516,4110,31,5,75,342,4.56,3,0,0,0,,0,8,2,3,,1,329,328.6,341.6,333.6,65,3,14
15,Chris Godwin,62,TAM,WR,23,14,14,0,0,0,0,0,1,8,8,0,121,86,1333,15.5,9,0,0,9,1,,190,276.1,279.1,233.1,61,2,15
16,George Kittle,16,SFO,TE,26,14,14,0,0,0,0,0,5,22,4.4,0,107,85,1053,12.39,5,1,0,5,,,138,222.5,225.5,180,61,3,16
17,Deshaun Watson,31,HOU,QB,24,15,15,333,495,3852,26,12,82,413,5.04,7,1,1,6,6,1,10,3,8,,1,320,321,342,332.5,56,4,17
18,Chris Carson,32,SEA,RB,25,15,15,0,0,0,0,0,278,1230,4.42,7,47,37,266,7.19,2,7,4,9,,,196,232.6,242.6,214.1,55,9,18
19,Kenny Golladay,55,DET,WR,26,16,16,0,0,0,0,0,0,0,,0,116,65,1190,18.31,11,1,1,11,,,183,248,252,215.5,54,3,19
20,Darren Waller,399,OAK,TE,27,16,16,0,0,0,0,0,2,5,2.5,0,117,90,1145,12.72,3,1,1,3,,,131,221,225,176,54,4,20
21,Saquon Barkley,2,NYG,RB,22,13,13,0,0,0,0,0,217,1003,4.62,6,73,52,438,8.42,2,1,0,8,,,192,244.1,250.1,218.1,52,10,21
22,Zach Ertz,17,PHI,TE,29,15,15,0,0,0,0,0,0,0,,0,135,88,916,10.41,6,1,1,6,1,,128,215.6,219.6,171.6,51,5,22
23,Joe Mixon,24,CIN,RB,23,16,15,0,0,0,0,0,278,1137,4.09,5,45,35,287,8.2,3,0,0,8,,,190,225.4,231.4,207.9,50,11,23
24,Todd Gurley,1,LAR,RB,25,15,15,0,0,0,0,0,223,857,3.84,12,49,31,207,6.68,2,3,2,14,1,,188,219.4,227.4,203.9,48,12,24
25,Jared Cook,39,NOR,TE,32,14,7,0,0,0,0,0,0,0,,0,65,43,705,16.4,9,0,0,9,,,125,167.5,170.5,146,48,6,25
26,Cooper Kupp,130,LAR,WR,26,16,14,0,1,0,0,0,2,4,2,0,134,94,1161,12.35,10,3,0,10,,,177,270.5,273.5,223.5,47,4,26
27,Julio Jones,12,ATL,WR,30,15,15,0,0,0,0,0,2,-3,-1.5,0,157,99,1394,14.08,6,1,0,6,,,175,274.1,277.1,224.6,46,5,27
28,DeVante Parker,259,MIA,WR,26,16,14,0,0,0,0,0,0,0,,0,128,72,1202,16.69,9,0,0,9,,,174,246.2,249.2,210.2,45,6,28
29,Leonard Fournette,122,JAX,RB,24,15,15,0,0,0,0,0,265,1152,4.35,3,100,76,522,6.87,0,1,1,3,,,183,259.4,266.4,221.4,43,13,29
30,Jameis Winston,84,TAM,QB,25,16,16,380,626,5109,33,30,59,250,4.24,1,0,0,0,,0,12,5,1,2,2,305,305.4,346.4,335.4,42,5,30
31,Austin Hooper,64,ATL,TE,25,13,10,0,0,0,0,0,0,0,,0,97,75,787,10.49,6,0,0,6,1,,117,191.7,194.7,154.2,40,7,31
32,Amari Cooper,51,DAL,WR,25,16,16,0,0,0,0,0,1,6,6,0,119,79,1189,15.05,8,0,0,8,,,168,246.5,249.5,207,38,7,32
33,Mike Evans*,0,TAM,WR,26,13,13,0,0,0,0,0,0,0,,0,118,67,1157,17.27,8,0,0,8,1,,166,232.7,235.7,199.2,37,8,33
34,A.J. Brown,0,TEN,WR,22,16,11,0,0,0,0,0,3,60,20,1,84,52,1051,20.21,8,1,0,9,,,165,217.1,220.1,191.1,36,9,34
35,DeAndre Hopkins,11,HOU,WR,27,15,15,1,2,6,1,1,2,18,9,0,150,104,1165,11.2,7,0,0,7,1,,165,268.5,272.5,217.5,35,10,35
36,Josh Jacobs,0,OAK,RB,21,13,13,0,0,0,0,0,242,1150,4.75,7,27,20,166,8.3,0,1,1,7,,,172,191.6,198.6,181.6,31,14,36
37,Miles Sanders,0,PHI,RB,22,16,11,0,0,0,0,0,179,818,4.57,3,63,50,509,10.18,3,2,1,6,1,,169,218.7,225.7,193.7,28,15,37
38,Keenan Allen,35,LAC,WR,27,16,16,0,0,0,0,0,3,16,5.33,0,149,104,1199,11.53,6,0,0,6,,,158,261.5,264.5,209.5,28,11,38
39,Allen Robinson,125,CHI,WR,26,16,15,0,0,0,0,0,1,2,2,0,154,98,1147,11.7,7,0,0,7,,,157,254.9,257.9,205.9,28,12,39
40,Alvin Kamara,4,NOR,RB,24,14,9,1,1,13,0,0,171,797,4.66,5,97,81,533,6.58,1,4,1,6,,,168,248.5,255.5,208,27,16,40
41,Marlon Mack,46,IND,RB,23,14,12,0,0,0,0,0,247,1091,4.42,8,17,14,82,5.86,0,0,0,8,1,,167,181.3,184.3,174.3,27,17,41
42,Julian Edelman,57,NWE,WR,33,16,13,2,2,47,1,0,8,27,3.38,0,153,100,1117,11.17,6,3,1,6,1,,156,256.3,260.3,206.3,27,13,42
43,Josh Allen,83,BUF,QB,23,16,16,271,461,3089,20,9,109,510,4.68,9,0,0,0,,0,14,4,9,1,2,289,288.6,307.6,297.6,25,6,43
44,Jarvis Landry,56,CLE,WR,27,16,16,0,0,0,0,0,1,10,10,0,138,83,1174,14.14,6,0,0,6,,,154,237.4,240.4,195.9,25,14,44
45,Kenyan Drake,53,2TM,RB,25,14,10,0,0,0,0,0,170,817,4.81,8,68,50,345,6.9,0,2,1,8,1,,164,214.2,221.2,189.2,24,18,45
46,Tyler Lockett,33,SEA,WR,27,16,16,0,0,0,0,0,4,-5,-1.25,0,110,82,1057,12.89,8,1,0,8,,,153,235.2,238.2,194.2,24,15,46
47,DJ Chark,358,JAX,WR,23,15,14,0,0,0,0,0,2,20,10,0,118,73,1008,13.81,8,0,0,8,1,,153,225.8,228.8,189.3,24,16,47
48,Patrick Mahomes,5,KAN,QB,24,14,14,319,484,4031,26,5,43,218,5.07,2,0,0,0,,0,3,2,2,,1,287,287,300,292,23,7,48
49,Kyler Murray,0,ARI,QB,22,16,16,349,542,3722,20,12,93,544,5.85,4,0,0,0,,0,5,2,4,,3,285,285.3,305.3,297.3,22,8,49
50,Phillip Lindsay,29,DEN,RB,25,16,16,0,0,0,0,0,224,1011,4.51,7,48,35,196,5.6,0,0,0,7,,,163,197.7,203.7,180.2,22,19,50
51,Courtland Sutton,133,DEN,WR,24,16,14,1,1,38,0,0,3,17,5.67,0,124,72,1112,15.44,6,2,0,6,,,150,222.4,225.4,186.4,21,17,51
52,Stefon Diggs,34,MIN,WR,26,15,15,0,1,0,0,0,5,61,12.2,0,94,63,1130,17.94,6,4,3,6,,,149,212.1,218.1,180.6,20,18,52
53,John Brown,117,BUF,WR,29,15,15,1,1,28,1,0,2,7,3.5,0,115,72,1060,14.72,6,0,0,6,,,148,219.8,222.8,183.8,19,19,53
54,Michael Gallup,185,DAL,WR,23,14,12,0,0,0,0,0,0,0,,0,113,66,1107,16.77,6,0,0,6,,,147,212.7,215.7,179.7,18,20,54
55,Hunter Henry,563,LAC,TE,25,12,12,0,0,0,0,0,0,0,,0,76,55,652,11.85,5,1,1,5,1,,95,150.2,154.2,122.7,18,8,55
56,Aaron Rodgers,44,GNB,QB,36,16,16,353,569,4002,26,4,46,183,3.98,1,0,0,0,,0,4,4,1,1,2,278,278.4,292.4,282.4,15,9,56
57,Tyler Higbee,249,LAR,TE,26,15,15,0,0,0,0,0,0,0,,0,89,69,734,10.64,3,0,0,3,,,91,160.4,163.4,125.9,15,9,57
58,D.J. Moore,120,CAR,WR,22,15,15,0,0,0,0,0,6,40,6.67,0,135,87,1175,13.51,4,2,1,4,,,144,230.5,234.5,187,14,21,58
59,Robert Woods,26,LAR,WR,27,15,15,0,0,0,0,0,17,115,6.76,1,139,90,1134,12.6,2,0,0,3,,,143,232.9,238.9,187.9,14,22,59
60,Carson Wentz,85,PHI,QB,27,16,16,388,607,4039,27,7,62,243,3.92,1,0,0,0,,0,16,7,1,,2,276,275.9,295.9,282.9,12,10,60
61,Raheem Mostert,277,SFO,RB,27,16,0,0,0,0,0,0,137,772,5.64,8,22,14,180,12.86,2,2,2,10,,,151,165.2,173.2,158.2,11,20,61
62,Dallas Goedert,203,PHI,TE,24,15,9,0,0,0,0,0,0,0,,0,87,58,607,10.47,5,2,2,5,,,87,144.7,149.7,115.7,10,10,62
63,Le'Veon Bell,0,NYJ,RB,27,15,15,0,0,0,0,0,245,789,3.22,3,78,66,461,6.98,1,1,1,4,1,,149,215,222,182,8,21,63
64,Mike Gesicki,343,MIA,TE,24,16,5,0,0,0,0,0,0,0,,0,89,51,570,11.18,5,1,1,5,,,85,136,140,110.5,8,11,64
65,Taysom Hill,289,NOR,TE,29,16,5,3,6,55,0,0,27,156,5.78,1,22,19,234,12.32,6,0,0,7,,,83,102.2,108.2,92.7,6,12,65
66,David Montgomery,0,CHI,RB,22,16,8,0,0,0,0,0,242,889,3.67,6,35,25,185,7.4,1,2,2,7,,,145,170.4,178.4,157.9,5,22,66
67,Calvin Ridley,50,ATL,WR,25,13,10,0,0,0,0,0,2,34,17,0,93,63,866,13.75,7,0,0,7,1,,134,197,200,165.5,5,23,67
68,Terry McLaurin,0,WAS,WR,24,14,14,0,0,0,0,0,0,0,,0,93,58,919,15.84,7,0,0,7,,,134,191.9,194.9,162.9,5,24,68
69,Matt Ryan,22,ATL,QB,34,15,15,408,616,4466,26,14,34,147,4.32,1,0,0,0,,0,9,5,1,,1,267,267.3,292.3,281.3,4,11,69
70,Tyler Boyd,47,CIN,WR,25,16,15,0,0,0,0,0,4,23,5.75,0,148,90,1046,11.62,5,2,2,5,,,133,222.9,227.9,177.9,4,25,70
71,Carlos Hyde,141,HOU,RB,29,16,14,0,0,0,0,0,245,1070,4.37,6,16,10,42,4.2,0,4,2,6,,,143,153.2,158.2,148.2,3,23,71
72,Marvin Jones,152,DET,WR,29,13,11,0,0,0,0,0,2,0,0,0,91,62,779,12.56,9,0,0,9,,,132,193.9,196.9,162.9,3,27,72
73,Deebo Samuel,0,SFO,WR,23,15,11,0,0,0,0,0,14,159,11.36,3,81,57,802,14.07,3,2,1,6,1,,132,189.1,196.1,160.6,3,26,73
74,Tyreek Hill,6,KAN,WR,25,12,12,0,0,0,0,0,8,23,2.88,0,89,58,860,14.83,7,0,0,7,,,130,188.3,191.3,159.3,1,28,74
75,Davante Adams,10,GNB,WR,27,12,12,0,0,0,0,0,0,0,,0,127,83,997,12.01,5,2,1,5,1,,130,212.7,216.7,171.2,1,29,75
76,Tom Brady,76,NWE,QB,42,16,16,373,613,4057,24,8,26,34,1.31,3,0,0,0,,0,4,1,3,,1,264,263.7,275.7,271.7,,12,76
77,Jared Goff,48,LAR,QB,25,16,16,394,626,4638,22,16,33,40,1.21,2,0,0,0,,0,10,5,2,,,248,247.5,271.5,263.5,,13,77
78,Jimmy Garoppolo,227,SFO,QB,28,16,16,329,476,3978,27,13,46,62,1.35,1,0,0,0,,0,10,5,1,,2,247,247.3,268.3,260.3,,14,78
79,Derek Carr,80,OAK,QB,28,16,16,361,513,4054,21,8,27,82,3.04,2,0,0,0,,0,7,3,2,,,244,244.4,258.4,252.4,,16,79
80,Kirk Cousins,75,MIN,QB,31,15,15,307,444,3603,26,6,31,63,2.03,1,1,0,0,,0,10,3,1,,1,244,244.4,256.4,250.4,,15,80
81,Ryan Fitzpatrick,90,MIA,QB,37,15,13,311,502,3529,20,13,54,243,4.5,4,0,0,0,,0,9,2,4,,1,241,241.5,262.5,254.5,,17,81
82,Philip Rivers,71,LAC,QB,38,16,16,390,591,4615,23,20,12,29,2.42,0,0,0,0,,0,8,3,0,,1,236,235.5,261.5,255.5,,18,82
83,Baker Mayfield,79,CLE,QB,24,16,16,317,534,3827,22,21,28,141,5.04,3,0,0,0,,0,6,2,3,,1,229,229.2,258.2,250.2,,20,83
84,Gardner Minshew II,0,JAX,QB,23,14,12,285,470,3271,21,6,67,344,5.13,0,0,0,0,,0,12,7,0,,3,229,229.2,248.2,235.2,,19,84
85,Drew Brees,52,NOR,QB,40,11,11,281,378,2979,27,4,9,-4,-0.44,1,0,0,0,,0,0,0,1,,,225,224.8,231.8,228.8,,21,85
86,Ryan Tannehill,92,TEN,QB,31,12,10,201,286,2742,22,6,43,185,4.3,4,0,0,0,,0,5,3,4,1,,224,224.2,239.2,230.2,,22,86
87,Jacoby Brissett,610,IND,QB,27,15,15,272,447,2942,18,6,56,228,4.07,4,1,1,2,2,0,7,5,4,,1,217,217.7,234.7,223.2,,23,87
88,Daniel Jones,0,NYG,QB,22,13,12,284,459,3027,24,12,45,279,6.2,2,0,0,0,,0,19,11,2,,2,215,215,244,227,,24,88
89,Andy Dalton,86,CIN,QB,32,13,13,314,528,3494,16,14,32,73,2.28,4,1,1,-4,-4,0,8,4,4,1,1,203,203.7,224.7,217.2,,26,89
90,Mitchell Trubisky,77,CHI,QB,25,15,15,326,516,3138,17,10,48,193,4.02,2,0,0,0,,0,5,2,2,,1,203,202.8,220.8,212.8,,25,90
91,Sam Darnold,89,NYJ,QB,22,13,13,273,441,3024,19,13,33,62,1.88,2,0,0,0,,0,11,3,2,,3,189,189.2,208.2,202.2,,27,91
92,Kyle Allen,306,CAR,QB,23,13,12,303,489,3322,17,16,32,106,3.31,2,0,0,0,,0,13,7,2,,,177,177.5,206.5,193.5,,28,92
93,Matthew Stafford,82,DET,QB,31,8,8,187,291,2499,19,5,20,66,3.3,0,0,0,0,,0,5,3,0,,,167,166.6,177.6,171.6,,29,93
94,Sony Michel,95,NWE,RB,24,16,14,0,0,0,0,0,247,912,3.69,7,20,12,94,7.83,0,2,1,7,,,141,152.6,156.6,146.6,,24,94
95,Devonta Freeman,404,ATL,RB,27,14,14,0,0,0,0,0,184,656,3.57,2,70,59,410,6.95,4,3,2,6,,,139,197.6,205.6,168.1,,26,95
96,Melvin Gordon,13,LAC,RB,26,12,11,0,0,0,0,0,162,612,3.78,8,55,42,296,7.05,1,4,3,9,,,139,180.8,189.8,159.8,,25,96
97,Ronald Jones II,373,TAM,RB,22,16,9,0,0,0,0,0,172,724,4.21,6,40,31,309,9.97,0,3,2,6,,,135,166.3,174.3,150.8,,27,97
98,Adrian Peterson,41,WAS,RB,34,15,15,0,0,0,0,0,211,898,4.26,5,23,17,142,8.35,0,3,2,5,,,130,147,155,138.5,,28,98
99,D.K. Metcalf,0,SEA,WR,22,16,15,0,0,0,0,0,2,11,5.5,0,100,58,900,15.52,7,3,3,7,1,,129,187.1,193.1,158.1,,30,99
100,James White,28,NWE,RB,27,15,1,1,1,35,0,0,67,263,3.93,1,95,72,645,8.96,5,1,1,6,1,,128,200.2,207.2,164.2,,29,100
101,Odell Beckham Jr.,42,CLE,WR,27,16,15,1,2,20,0,0,3,10,3.33,0,133,74,1035,13.99,4,1,1,4,,,127,201.3,205.3,164.3,,31,101
102,Emmanuel Sanders,61,2TM,WR,32,17,16,1,1,35,1,0,0,0,,0,97,66,869,13.17,5,0,0,5,1,,124,190.3,193.3,157.3,,32,102
103,Latavius Murray,110,NOR,RB,29,16,8,0,0,0,0,0,146,637,4.36,5,43,34,235,6.91,1,0,0,6,,,123,157.2,163.2,140.2,,30,103
104,Darius Slayton,0,NYG,WR,22,14,9,0,0,0,0,0,0,0,,0,84,48,740,15.42,8,0,0,8,,,122,170,173,146,,33,104
105,Jamison Crowder,206,NYJ,WR,26,16,12,0,0,0,0,0,1,4,4,0,122,78,833,10.68,6,0,0,6,,,120,197.7,200.7,158.7,,34,105
106,Devin Singletary,0,BUF,RB,22,12,8,0,0,0,0,0,151,775,5.13,2,41,29,194,6.69,2,4,1,4,,,119,147.9,154.9,133.4,,31,106
107,Cole Beasley,145,BUF,WR,30,15,10,0,0,0,0,0,0,0,,0,106,67,778,11.61,6,0,0,6,2,,118,184.8,187.8,151.3,,35,107
108,Curtis Samuel,126,CAR,WR,23,16,15,0,0,0,0,0,19,130,6.84,1,105,54,627,11.61,6,0,0,7,,,118,171.7,177.7,144.7,,36,108
109,Tevin Coleman,45,SFO,RB,26,14,11,0,0,0,0,0,137,544,3.97,6,30,21,180,8.57,1,0,0,7,,,114,135.4,141.4,124.9,,32,109
110,James Conner,14,PIT,RB,24,10,10,0,0,0,0,0,116,464,4,4,38,34,251,7.38,3,1,1,7,,,112,145.5,152.5,128.5,,33,110
111,Mike Williams,54,LAC,WR,25,15,15,0,0,0,0,0,1,2,2,0,90,49,1001,20.43,2,0,0,2,,,112,161.3,164.3,136.8,,37,111
112,Damien Williams,162,KAN,RB,27,11,6,0,0,0,0,0,111,498,4.49,5,37,30,213,7.1,2,1,1,7,,,111,141.1,148.1,126.1,,34,112
113,Robbie Chosen,114,NYJ,WR,26,16,15,0,0,0,0,0,1,4,4,0,96,52,779,14.98,5,1,0,5,1,,110,162.3,165.3,136.3,,38,113
114,Chris Conley,201,JAX,WR,27,16,14,0,0,0,0,0,0,0,,0,90,47,775,16.49,5,0,0,5,1,,110,156.5,159.5,133,,39,114
115,Duke Johnson,148,HOU,RB,26,16,2,0,0,0,0,0,83,410,4.94,2,62,44,410,9.32,3,1,1,5,,,110,154,161,132,,35,115
116,Mason Rudolph,0,PIT,QB,24,10,8,176,283,1765,13,9,21,42,2,0,0,0,0,,0,4,0,0,,,109,108.8,120.8,117.8,,30,116
117,Jamaal Williams,144,GNB,RB,24,14,2,0,0,0,0,0,107,460,4.3,1,45,39,253,6.49,5,0,0,6,,,107,146.3,152.3,126.8,,36,117
118,David Johnson,25,ARI,RB,28,13,9,0,0,0,0,0,94,345,3.67,2,47,36,370,10.28,4,1,1,6,,,106,141.5,148.5,123.5,,37,118
119,Diontae Johnson,0,PIT,WR,23,16,12,0,0,0,0,0,4,41,10.25,0,92,59,680,11.53,5,5,2,6,,,104,163.1,168.1,133.6,,40,119
120,Case Keenum,81,WAS,QB,31,10,8,160,247,1707,11,5,9,12,1.33,1,0,0,0,,0,6,3,1,,,103,103.5,114.5,108.5,,31,120
121,Golden Tate,112,NYG,WR,31,11,10,0,0,0,0,0,1,16,16,0,85,49,676,13.8,6,1,1,6,,,103,152.2,156.2,127.7,,41,121
122,Larry Fitzgerald,102,ARI,WR,36,16,16,0,0,0,0,0,0,0,,0,109,75,804,10.72,4,1,1,4,,,102,177.4,181.4,139.9,,42,122
123,Breshad Perriman,234,TAM,WR,26,14,4,0,0,0,0,0,2,16,8,0,69,36,645,17.92,6,0,0,6,,,102,138.1,141.1,120.1,,43,123
124,Peyton Barber,96,TAM,RB,25,16,7,0,0,0,0,0,154,470,3.05,6,24,16,115,7.19,1,1,1,7,1,,101,116.5,123.5,108.5,,39,124
125,Jordan Howard,49,PHI,RB,25,10,4,0,0,0,0,0,119,525,4.41,6,14,10,69,6.9,1,0,0,7,,,101,111.4,114.4,106.4,,38,125
126,Tyrell Williams,129,OAK,WR,27,14,12,0,0,0,0,0,0,0,,0,64,42,651,15.5,6,0,0,6,,,101,143.1,146.1,122.1,,44,126
127,Marquise Brown,0,BAL,WR,22,14,11,0,0,0,0,0,0,0,,0,71,46,584,12.7,7,0,0,7,,,100,146.4,149.4,123.4,,45,127
128,Randall Cobb,225,DAL,WR,29,15,6,0,1,0,0,0,3,11,3.67,0,83,55,828,15.05,3,2,1,3,,,100,154.9,158.9,127.4,,47,128
129,Christian Kirk,153,ARI,WR,23,13,13,0,0,0,0,0,10,93,9.3,0,108,68,709,10.43,3,0,0,3,1,,100,168.2,171.2,134.2,,46,129
130,Royce Freeman,142,DEN,RB,23,16,0,0,0,0,0,0,132,496,3.76,3,50,43,256,5.95,1,0,0,4,,,99,142.2,148.2,120.7,,40,130
131,Mecole Hardman*,0,KAN,WR,21,16,5,0,0,0,0,0,4,17,4.25,0,41,26,538,20.69,6,2,2,7,,,94,119.5,124.5,106.5,,49,131
132,Zach Pascal,252,IND,WR,25,16,13,0,1,0,0,0,2,16,8,0,72,41,607,14.8,5,0,0,5,1,,94,135.3,138.3,114.8,,48,132
133,LeSean McCoy,134,KAN,RB,31,13,9,0,0,0,0,0,101,465,4.6,4,34,28,181,6.46,1,3,2,5,,,91,118.6,126.6,104.6,,41,133
134,Dede Westbrook,105,JAX,WR,26,15,11,0,0,0,0,0,5,27,5.4,0,101,66,660,10,3,1,0,3,2,,91,156.7,159.7,123.7,,50,134
135,Teddy Bridgewater,419,NOR,QB,27,9,5,133,196,1384,9,2,28,31,1.11,0,0,0,0,,0,1,0,0,,,90,90.5,95.5,92.5,,32,135
136,James Washington,305,PIT,WR,23,15,10,0,0,0,0,0,0,0,,0,80,44,735,16.7,3,1,1,3,,,90,133.5,137.5,111.5,,51,136
137,Sammy Watkins,167,KAN,WR,26,14,13,0,0,0,0,0,2,12,6,0,90,52,673,12.94,3,2,1,3,1,,87,138.5,142.5,112.5,,52,137
138,Gus Edwards,140,BAL,RB,24,16,1,0,0,0,0,0,133,711,5.35,2,7,7,45,6.43,0,2,1,2,,,86,92.6,96.6,89.1,,43,138
139,DeAndre Washington,400,OAK,RB,26,16,3,0,0,0,0,0,108,387,3.58,3,41,36,292,8.11,0,0,0,3,,,86,121.9,127.9,103.9,,42,139
140,Tarik Cohen,43,CHI,RB,24,16,11,0,0,0,0,0,64,213,3.33,0,104,79,456,5.77,3,3,0,3,,,85,163.9,169.9,124.4,,44,140
141,Joe Flacco,94,DEN,QB,34,8,8,171,262,1822,6,5,12,20,1.67,0,0,0,0,,0,8,3,0,,1,85,84.9,95.9,89.9,,34,141
142,Will Fuller,168,HOU,WR,25,11,11,0,0,0,0,0,0,0,,0,71,49,670,13.67,3,1,0,3,,,85,134,137,109.5,,53,142
143,Marcus Mariota,87,TEN,QB,26,7,6,95,160,1203,7,2,24,129,5.38,0,0,0,0,,0,3,0,0,,,85,85,93,87,,33,143
144,Hunter Renfrow,0,OAK,WR,24,13,4,0,0,0,0,0,0,0,,0,71,49,605,12.35,4,1,0,4,,,85,133.5,136.5,109,,55,144
145,Sterling Shepard,103,NYG,WR,26,10,10,0,0,0,0,0,6,72,12,0,83,57,576,10.11,3,0,0,3,1,,85,141.8,144.8,113.3,,54,145
146,Matt Breida,70,SFO,RB,24,13,5,0,0,0,0,0,123,623,5.07,1,22,19,120,6.32,1,2,1,2,,,84,103.3,110.3,93.8,,45,146
147,Adam Thielen,18,MIN,WR,29,10,10,0,0,0,0,0,4,6,1.5,1,48,30,418,13.93,6,0,0,7,,,84,114.4,117.4,99.4,,56,147
148,Frank Gore,136,BUF,RB,36,16,8,0,0,0,0,0,166,599,3.61,2,16,13,100,7.69,0,0,0,2,,,82,94.9,100.9,88.4,,46,148
149,T.Y. Hilton,36,IND,WR,30,10,10,0,0,0,0,0,0,0,,0,68,45,501,11.13,5,0,0,5,,,80,125.1,128.1,102.6,,57,149
150,Kenny Stills,128,HOU,WR,27,13,5,0,0,0,0,0,0,0,,0,55,40,561,14.03,4,0,0,4,,,80,120.1,123.1,100.1,,58,150
151,Danny Amendola,180,DET,WR,34,15,10,1,1,19,1,0,0,0,,0,97,62,678,10.94,1,0,0,1,,,79,140.6,143.6,109.6,,60,151
152,Alshon Jeffery,66,PHI,WR,29,10,10,0,0,0,0,0,1,2,2,1,73,43,490,11.4,4,0,0,5,,,79,122.2,125.2,100.7,,59,152
153,Dwayne Haskins,0,WAS,QB,22,9,7,119,203,1365,7,7,20,101,5.05,0,0,0,0,,0,6,2,0,,1,77,76.7,91.7,83.7,,35,153
154,Jason Witten,0,DAL,TE,37,16,16,0,0,0,0,0,0,0,,0,83,63,529,8.4,4,1,1,4,1,,77,139.9,143.9,108.4,,13,154
155,Brandin Cooks,37,LAR,WR,26,14,14,0,0,0,0,0,6,52,8.67,0,72,42,583,13.88,2,0,0,2,,,76,117.5,120.5,96.5,,61,155
156,Darren Fells,294,HOU,TE,33,16,14,0,0,0,0,0,0,0,,0,48,34,341,10.03,7,0,0,7,,,76,110.1,113.1,93.1,,14,156
157,Anthony Miller,143,CHI,WR,25,16,7,0,0,0,0,0,1,-1,-1,0,85,52,656,12.62,2,1,1,2,,,76,127.5,131.5,101.5,,62,157
158,Steven Sims,0,WAS,WR,22,16,2,0,1,0,0,0,9,85,9.44,1,56,34,310,9.12,4,1,0,6,,,76,109.5,112.5,92.5,,63,158
159,Kerryon Johnson,113,DET,RB,22,8,7,0,0,0,0,0,113,403,3.57,3,15,10,127,12.7,1,1,1,4,,,75,85,92,80,,47,159
160,Kyle Rudolph,67,MIN,TE,30,16,16,0,0,0,0,0,0,0,,0,48,39,367,9.41,6,0,0,6,1,,75,113.7,116.7,94.2,,15,160
161,Rex Burkhead,262,NWE,RB,29,13,1,0,0,0,0,0,65,302,4.65,3,38,27,279,10.33,0,1,1,3,,,74,101.1,108.1,87.6,,49,161
162,Nyheim Hines,124,IND,RB,23,16,2,0,0,0,0,0,52,199,3.83,2,58,44,320,7.27,0,1,1,4,,,74,117.9,124.9,95.9,,50,162
163,Tony Pollard,0,DAL,RB,22,15,0,0,0,0,0,0,86,455,5.29,2,20,15,107,7.13,1,1,1,3,1,,74,89.2,96.2,81.7,,48,163
164,Boston Scott,593,PHI,RB,24,11,2,0,0,0,0,0,61,245,4.02,5,26,24,204,8.5,0,4,1,5,,,73,96.9,103.9,84.9,,51,164
165,Corey Davis,72,TEN,WR,24,15,11,0,0,0,0,0,0,0,,0,69,43,601,13.98,2,1,0,2,,,72,115.1,118.1,93.6,,64,165
166,Phillip Dorsett,219,NWE,WR,26,14,4,0,0,0,0,0,3,21,7,0,54,29,397,13.69,5,0,0,5,,,72,100.8,103.8,86.3,,65,166
167,Greg Olsen,209,CAR,TE,34,14,14,0,0,0,0,0,0,0,,0,82,52,597,11.48,2,0,0,2,,,72,123.7,126.7,97.7,,16,167
168,Chase Edmonds,244,ARI,RB,23,13,2,0,0,0,0,0,60,303,5.05,4,21,12,105,8.75,1,0,0,5,,,71,82.8,88.8,76.8,,52,168
169,Noah Fant,0,DEN,TE,22,16,11,0,0,0,0,0,3,-12,-4,0,66,40,562,14.05,3,1,1,3,,,71,111,115,91,,17,169
170,JuJu Smith-Schuster,23,PIT,WR,23,12,12,0,0,0,0,0,0,0,,0,70,42,552,13.14,3,1,1,3,,,71,113.2,117.2,92.2,,66,170
171,Jonnu Smith,242,TEN,TE,24,16,14,0,0,0,0,0,4,78,19.5,0,44,35,439,12.54,3,0,0,3,,,70,104.7,107.7,87.2,,18,171
172,Jack Doyle*,0,IND,TE,29,16,16,0,0,0,0,0,0,0,,0,72,43,448,10.42,4,1,0,4,,,69,111.8,114.8,90.3,,19,172
173,Demarcus Robinson,211,KAN,WR,25,16,10,0,0,0,0,0,0,0,,0,55,32,449,14.03,4,0,0,4,,,69,100.9,103.9,84.9,,67,173
174,Kendrick Bourne,171,SFO,WR,24,16,0,0,0,0,0,0,0,0,,0,44,30,358,11.93,5,0,0,5,1,,68,97.8,100.8,82.8,,68,174
175,Allen Lazard,519,GNB,WR,24,16,3,0,0,0,0,0,1,21,21,0,52,35,477,13.63,3,0,0,3,,,68,102.8,105.8,85.3,,69,175
176,Drew Lock,0,DEN,QB,23,5,5,100,156,1020,7,3,18,72,4,0,0,0,0,,0,3,1,0,,,68,68,75,71,,36,176
177,Rashaad Penny,197,SEA,RB,23,10,0,0,0,0,0,0,65,370,5.69,3,11,8,83,10.38,1,1,1,4,,,67,75.3,79.3,71.3,,53,177
178,John Ross,190,CIN,WR,24,8,8,0,0,0,0,0,3,4,1.33,0,56,28,506,18.07,3,1,1,3,,,67,95,99,81,,70,178
179,Evan Engram,151,NYG,TE,25,8,6,0,0,0,0,0,3,7,2.33,0,68,44,467,10.61,3,0,0,3,,,65,109.4,112.4,87.4,,20,179
180,Mohamed Sanu,104,2TM,WR,30,15,12,0,0,0,0,0,3,11,3.67,0,89,59,520,8.81,2,0,0,2,,,65,124.1,127.1,94.6,,71,180
181,Tyler Eifert,324,CIN,TE,29,16,4,0,0,0,0,0,0,0,,0,63,43,436,10.14,3,0,0,3,1,,64,106.6,109.6,85.1,,22,181
182,Ryan Griffin,287,NYJ,TE,29,13,13,0,0,0,0,0,0,0,,0,41,34,320,9.41,5,0,0,5,1,,64,98,101,81,,21,182
183,Kareem Hunt,21,CLE,RB,24,8,3,0,0,0,0,0,43,179,4.16,2,44,37,285,7.7,1,1,0,3,,,64,101.4,107.4,82.9,,54,183
184,Willie Snead,175,BAL,WR,27,16,11,0,0,0,0,0,2,2,1,0,46,31,339,10.94,5,0,0,5,,,64,95.1,98.1,79.6,,72,184
185,Jimmy Graham,160,GNB,TE,33,16,10,0,0,0,0,0,0,0,,0,60,38,447,11.76,3,1,0,3,,,63,100.7,103.7,81.7,,23,185
186,Auden Tate,462,CIN,WR,22,12,10,0,0,0,0,0,0,0,,0,80,40,575,14.38,1,1,1,1,,,62,101.5,105.5,81.5,,73,186
187,Taylor Gabriel,147,CHI,WR,28,9,7,0,0,0,0,0,3,20,6.67,0,48,29,353,12.17,4,0,0,4,,,61,90.3,93.3,75.8,,74,187
188,Preston Williams,0,MIA,WR,22,8,7,0,0,0,0,0,0,0,,0,60,32,428,13.38,3,2,1,3,,,59,90.8,94.8,74.8,,75,188
189,Alexander Mattison,0,MIN,RB,21,13,0,0,0,0,0,0,100,462,4.62,1,12,10,82,8.2,0,1,1,1,,,58,68.4,72.4,63.4,,55,189
190,Marquez Valdes-Scantling,173,GNB,WR,25,16,10,0,0,0,0,0,2,9,4.5,0,56,26,452,17.38,2,0,0,2,,,58,84.1,87.1,71.1,,76,190
191,Malcolm Brown,271,LAR,RB,26,14,1,0,0,0,0,0,69,255,3.7,5,6,2,16,8,0,0,0,5,,,57,59.1,62.1,58.1,,58,191
192,Jeff Driskel,146,DET,QB,26,3,3,62,105,685,4,4,22,151,6.86,1,1,1,6,6,0,1,0,1,,,57,58.1,68.1,61.6,,37,192
193,Brian Hill,359,ATL,RB,24,12,2,0,0,0,0,0,78,323,4.14,2,14,10,69,6.9,1,0,0,3,,,57,67.2,70.2,62.2,,57,193
194,Jaylen Samuels,191,PIT,RB,23,14,4,4,5,35,0,1,66,175,2.65,1,57,47,305,6.49,1,1,1,2,,,57,104.4,112.4,81.9,,56,194
195,Tajae Sharpe,238,TEN,WR,25,15,6,0,0,0,0,0,0,0,,0,35,25,329,13.16,4,0,0,4,,,57,81.9,84.9,69.4,,77,195
196,Eric Ebron,20,IND,TE,26,11,2,0,0,0,0,0,0,0,,0,52,31,375,12.1,3,0,0,3,,,56,86.5,89.5,71,,24,196
197,Ted Ginn Jr.,263,NOR,WR,34,16,9,0,0,0,0,0,3,18,6,0,56,30,421,14.03,2,0,0,2,,,56,85.9,88.9,70.9,,78,197
198,Nelson Agholor,121,PHI,WR,26,11,10,0,0,0,0,0,2,7,3.5,0,69,39,363,9.31,3,2,1,3,1,,55,94,98,74.5,,79,198
199,Cameron Brate,192,TAM,TE,28,16,6,0,0,0,0,0,0,0,,0,55,36,311,8.64,4,0,0,4,,,55,91.1,94.1,73.1,,25,199
200,Keelan Cole,213,JAX,WR,26,16,1,0,0,0,0,0,1,6,6,0,35,24,361,15.04,3,0,0,3,,,55,78.7,81.7,66.7,,80,200
201,Blake Jarwin,223,DAL,TE,25,16,7,0,0,0,0,0,0,0,,0,41,31,365,11.77,3,1,0,3,,,55,85.5,88.5,70,,26,201
202,Benny Snell Jr.,0,PIT,RB,21,13,2,0,0,0,0,0,108,426,3.94,2,4,3,23,7.67,0,1,1,2,,,55,57.9,61.9,56.4,,59,202
203,Jordan Akins,326,HOU,TE,27,16,9,0,0,0,0,0,0,0,,0,55,36,418,11.61,2,0,0,2,,,54,89.8,92.8,71.8,,27,203
204,David Blough,0,DET,QB,24,5,5,94,174,984,4,6,8,31,3.88,0,1,1,19,19,1,1,0,1,,,54,55.4,64.4,60.9,,39,204
205,Eli Manning,78,NYG,QB,38,4,4,91,147,1042,6,5,4,7,1.75,0,0,0,0,,0,3,1,0,,,54,54.4,63.4,59.4,,38,205
206,Alex Erickson,348,CIN,WR,27,16,6,1,1,26,0,0,5,33,6.6,0,78,43,529,12.3,0,4,2,0,,,53,96.2,101.2,74.7,,82,206
207,Gerald Everett,207,LAR,TE,25,13,2,0,0,0,0,0,1,0,0,0,60,37,408,11.03,2,0,0,2,,,53,89.8,92.8,71.3,,29,207
208,Jacob Hollister,437,SEA,TE,26,11,3,0,0,0,0,0,0,0,,0,59,41,349,8.51,3,0,0,3,,,53,93.9,96.9,73.4,,28,208
209,Tre'Quan Smith,172,NOR,WR,23,11,6,0,0,0,0,0,0,0,,0,25,18,234,13,5,0,0,5,,,53,71.4,74.4,62.4,,81,209
210,Darrel Williams,383,KAN,RB,24,12,0,0,0,0,0,0,41,141,3.44,3,19,15,167,11.13,1,1,1,4,,,53,67.8,74.8,60.3,,60,210
211,Allen Hurns,247,MIA,WR,28,14,7,0,0,0,0,0,0,0,,0,47,32,416,13,2,1,1,2,,,52,83.6,87.6,67.6,,83,211
212,Dawson Knox,0,BUF,TE,23,15,11,0,0,0,0,0,1,9,9,0,50,28,388,13.86,2,0,0,2,,,52,79.7,82.7,65.7,,30,212
213,Chris Thompson,217,WAS,RB,29,11,0,0,0,0,0,0,37,138,3.73,0,58,42,378,9,0,1,0,0,,,52,93.6,99.6,72.6,,61,213
214,Will Dissly,302,SEA,TE,23,6,6,0,0,0,0,0,1,7,7,0,27,23,262,11.39,4,1,0,4,,,51,73.9,76.9,62.4,,31,214
215,Devlin Hodges,0,PIT,QB,23,8,6,100,160,1063,5,8,21,68,3.24,0,0,0,0,,0,5,1,0,,,51,51.3,63.3,59.3,,40,215
216,Russell Gage,426,ATL,WR,23,16,4,0,0,0,0,0,4,12,3,0,74,49,446,9.1,1,1,1,1,,,50,98.8,102.8,74.3,,84,216
217,Derrius Guice,0,WAS,RB,22,5,1,0,0,0,0,0,42,245,5.83,2,9,7,79,11.29,1,0,0,3,,,50,57.4,60.4,53.9,,62,217
218,O.J. Howard,68,TAM,TE,25,14,14,0,0,0,0,0,0,0,,0,53,34,459,13.5,1,1,1,1,,,50,83.9,87.9,66.9,,32,218
219,Adam Humphries,106,TEN,WR,26,12,3,0,0,0,0,0,1,1,1,0,47,37,374,10.11,2,1,0,2,,,50,86.5,89.5,68,,86,219
220,J.D. McKissic,522,DET,WR,26,16,3,0,0,0,0,0,38,205,5.39,0,42,34,233,6.85,1,0,0,1,,,50,83.8,89.8,66.8,,85,220
221,T.J. Hockenson,0,DET,TE,22,12,7,0,0,0,0,0,0,0,,0,59,32,367,11.47,2,0,0,2,,,49,80.7,83.7,64.7,,33,221
222,Demaryius Thomas,127,NYJ,WR,32,11,10,0,0,0,0,0,0,0,,0,58,36,433,12.03,1,0,0,1,,,49,85.3,88.3,67.3,,87,222
223,Olabisi Johnson,0,MIN,WR,22,16,6,0,0,0,0,0,1,6,6,0,45,31,294,9.48,3,0,0,3,,,48,79,82,63.5,,88,223
224,Mike Boone,433,MIN,RB,24,16,2,0,0,0,0,0,49,273,5.57,3,4,3,17,5.67,0,0,0,3,,,47,50,53,48.5,,63,224
225,Josh Gordon,123,2TM,WR,28,11,7,0,1,0,0,1,1,1,1,0,47,27,426,15.78,1,0,0,1,,,47,73.7,77.7,61.2,,89,225
226,Hayden Hurst,330,BAL,TE,26,16,4,0,0,0,0,0,0,0,,0,39,30,349,11.63,2,0,0,2,,,47,76.9,79.9,61.9,,35,226
227,Foster Moreau,0,OAK,TE,22,13,7,0,0,0,0,0,0,0,,0,25,21,174,8.29,5,0,0,5,,,47,68.4,71.4,57.9,,34,227
228,Jalen Richard,138,OAK,RB,26,16,0,0,0,0,0,0,39,145,3.72,0,43,36,323,8.97,0,2,0,0,,,47,82.8,88.8,64.8,,65,228
229,Jordan Wilkins,243,IND,RB,25,14,1,0,0,0,0,0,51,307,6.02,2,11,7,43,6.14,0,0,0,2,,,47,54,57,50.5,,64,229
230,Vance McDonald,149,PIT,TE,29,14,14,0,0,0,0,0,1,2,2,0,55,38,273,7.18,3,1,0,3,,,46,83.5,86.5,64.5,,36,230
231,Albert Wilson,179,MIA,WR,27,13,4,1,2,20,0,0,5,45,9,0,62,43,351,8.16,1,0,0,1,,,46,89.4,92.4,67.9,,90,231
232,Patrick Laird,0,MIA,RB,24,15,4,0,0,0,0,0,62,168,2.71,1,30,23,204,8.87,0,0,0,1,1,,45,68.2,74.2,56.7,,66,232
233,Ricky Seals-Jones,253,CLE,WR,24,14,3,0,0,0,0,0,0,0,,0,22,14,229,16.36,4,1,1,4,,,45,58.9,62.9,51.9,,91,233
234,Kaden Smith,0,NYG,TE,22,9,6,0,0,0,0,0,0,0,,0,42,31,268,8.65,3,2,0,3,,,45,75.8,78.8,60.3,,37,234
235,Nick Boyle,333,BAL,TE,26,16,15,0,0,0,0,0,0,0,,0,43,31,321,10.35,2,0,0,2,,,44,75.1,78.1,59.6,,38,235
236,Jeff Wilson,284,SFO,RB,24,10,0,0,0,0,0,0,27,105,3.89,4,5,3,34,11.33,1,0,0,5,,,44,46.9,49.9,45.4,,67,236
237,David Moore,166,SEA,WR,24,14,1,0,0,0,0,0,3,25,8.33,0,34,17,301,17.71,2,2,1,2,,,43,59.6,63.6,51.1,,92,237
238,Irv Smith Jr.,0,MIN,TE,21,16,7,0,0,0,0,0,0,0,,0,47,36,311,8.64,2,1,0,2,,,43,79.1,82.1,61.1,,39,238
239,Brandon Bolden,313,NWE,RB,29,15,2,0,0,0,0,0,15,68,4.53,3,11,9,111,12.33,1,0,0,4,,,42,50.9,53.9,46.4,,69,239
240,Justice Hill,0,BAL,RB,22,16,0,0,0,0,0,0,58,225,3.88,2,15,8,70,8.75,0,0,0,2,,,42,49.5,52.5,45.5,,70,240
241,Cody Latimer,320,NYG,WR,27,15,10,0,0,0,0,0,0,0,,0,42,24,300,12.5,2,0,0,2,,,42,66,69,54,,93,241
242,Matt Moore,0,KAN,QB,35,6,2,59,91,659,4,0,5,-1,-0.2,0,0,0,0,,0,2,0,0,,,42,42.3,45.3,42.3,,41,242
243,Bo Scarbrough,0,DET,RB,25,6,5,0,0,0,0,0,89,377,4.24,1,4,1,5,5,0,1,1,1,,,42,43.2,47.2,42.7,,68,243
244,Geronimo Allison,246,GNB,WR,25,16,6,0,0,0,0,0,1,7,7,0,55,34,287,8.44,2,2,1,2,1,,41,75.4,79.4,58.4,,94,244
245,Josh Hill,319,NOR,TE,29,16,11,0,0,0,0,0,0,0,,0,35,25,226,9.04,3,0,0,3,,,41,65.6,68.6,53.1,,40,245
246,Dion Lewis,118,TEN,RB,29,16,1,0,0,0,0,0,54,209,3.87,0,32,25,164,6.56,1,1,1,1,,,41,66.3,73.3,53.8,,71,246
247,Josh Reynolds,177,LAR,WR,24,16,2,0,0,0,0,0,5,23,4.6,0,43,21,326,15.52,1,0,0,1,,,41,61.9,64.9,51.4,,95,247
248,Damiere Byrd,504,ARI,WR,26,11,3,0,0,0,0,0,0,0,,0,46,32,359,11.22,1,1,1,1,,,40,71.9,75.9,55.9,,96,248
249,Marcus Johnson,353,IND,WR,25,8,6,0,0,0,0,0,0,0,,0,33,17,277,16.29,2,0,0,2,,,40,56.7,59.7,48.2,,97,249
250,Dare Ogunbowale,583,TAM,RB,25,16,0,0,0,0,0,0,11,17,1.55,2,46,35,286,8.17,0,2,1,2,,,40,75.3,79.3,57.8,,72,250
251,Seth Roberts,194,BAL,WR,28,16,0,0,0,0,0,0,0,0,,0,35,21,271,12.9,2,0,0,2,,,39,60.1,63.1,49.6,,98,251
252,Kalen Ballage,297,MIA,RB,24,12,6,0,0,0,0,0,74,135,1.82,3,24,14,63,4.5,0,0,0,3,,,38,51.8,54.8,44.8,,74,252
253,Giovani Bernard,196,CIN,RB,28,16,2,0,0,0,0,0,53,170,3.21,0,43,30,234,7.8,0,2,1,0,,,38,68.4,75.4,53.4,,73,253
254,Miles Boykin,0,BAL,WR,23,16,11,0,0,0,0,0,0,0,,0,22,13,198,15.23,3,0,0,3,,,38,50.8,53.8,44.3,,99,254
255,Nick Foles,165,JAX,QB,30,4,4,77,117,736,3,2,4,23,5.75,0,0,0,0,,0,2,2,0,,1,38,37.7,44.7,39.7,,42,255
256,Ryquell Armstead,0,JAX,RB,23,16,1,0,0,0,0,0,35,108,3.09,0,24,14,144,10.29,2,0,0,2,,,37,51.2,57.2,44.2,,75,256
257,Wayne Gallman,286,NYG,RB,25,10,2,0,0,0,0,0,29,110,3.79,2,15,11,102,9.27,1,0,1,3,,,37,48.2,55.2,42.7,,76,257
258,Kelvin Harmon,0,WAS,WR,23,16,8,1,1,11,0,0,0,0,,0,44,30,365,12.17,0,0,0,0,,,37,66.9,69.9,51.9,,100,258
259,Paul Richardson,256,WAS,WR,27,10,6,0,0,0,0,0,1,0,0,0,42,28,245,8.75,2,0,0,2,,,37,64.5,67.5,50.5,,101,259
260,DaeSean Hamilton,264,DEN,WR,24,16,2,0,0,0,0,0,0,0,,0,52,28,297,10.61,1,0,0,1,,,36,63.7,66.7,49.7,,104,260
261,Ty Johnson,0,DET,RB,22,16,1,0,0,0,0,0,63,273,4.33,0,31,24,109,4.54,0,1,1,0,,,36,60.2,67.2,48.2,,77,261
262,Isaiah McKenzie,270,BUF,WR,24,15,8,0,0,0,0,0,8,49,6.13,0,39,27,254,9.41,1,0,0,1,,,36,63.3,66.3,49.8,,102,262
263,Jakobi Meyers,0,NWE,WR,23,15,1,0,0,0,0,0,0,0,,0,41,26,359,13.81,0,0,0,0,,,36,61.9,64.9,48.9,,103,263
264,C.J. Uzomah,195,CIN,TE,26,16,16,0,0,0,0,0,0,0,,0,40,27,242,8.96,2,0,0,2,,,36,63.2,66.2,49.7,,41,264
265,Demetrius Harris,273,CLE,TE,28,15,6,0,0,0,0,0,0,0,,0,27,15,149,9.93,3,0,0,3,1,,35,49.9,52.9,42.4,,42,265
266,Jonathan Williams,607,IND,RB,25,9,1,0,0,0,0,0,49,235,4.8,1,5,5,59,11.8,0,0,0,1,,,35,40.4,43.4,37.9,,78,266
267,Tavon Austin,281,DAL,WR,29,14,0,0,0,0,0,0,6,47,7.83,1,24,13,177,13.62,1,1,0,2,,,34,47.4,50.4,40.9,,105,267
268,Delanie Walker,444,TEN,TE,35,7,4,0,0,0,0,0,0,0,,0,31,21,215,10.24,2,1,0,2,,,34,54.5,57.5,44,,43,268
269,Brandon Allen,0,DEN,QB,27,3,3,39,84,515,3,2,10,39,3.9,0,0,0,0,,0,0,0,0,,,33,32.5,37.5,34.5,,44,269
270,Marvin Hall,335,DET,WR,26,9,0,0,0,0,0,0,1,7,7,0,11,7,261,37.29,1,0,0,1,,,33,39.8,42.8,36.3,,106,270
271,Matt Schaub,591,ATL,QB,38,6,1,50,67,580,3,1,3,-3,-1,0,0,0,0,,0,1,1,0,,1,33,32.9,37.9,33.9,,43,271
272,Jaron Brown,229,SEA,WR,29,14,4,0,0,0,0,0,0,0,,0,28,16,220,13.75,2,1,1,2,,,32,48,52,40,,107,272
273,Vyncint Smith,366,NYJ,WR,23,13,4,0,0,0,0,0,3,52,17.33,1,31,17,225,13.24,0,1,1,1,,,32,48.7,52.7,40.2,,109,273
274,Greg Ward,0,PHI,WR,24,7,3,0,0,0,0,0,1,5,5,0,40,28,254,9.07,1,0,0,1,,,32,59.9,62.9,45.9,,108,274
275,Pharoh Cooper,542,2TM,WR,24,13,1,0,0,0,0,0,1,2,2,0,33,25,243,9.72,1,0,0,1,,,31,55.5,58.5,43,,111,275
276,Keke Coutee,266,HOU,WR,22,9,4,0,0,0,0,0,2,14,7,1,36,22,254,11.55,0,1,1,1,,,31,52.8,56.8,41.8,,110,276
277,Kyle Juszczyk*,0,SFO,FB,28,12,12,0,0,0,0,0,3,7,2.33,0,24,20,239,11.95,1,0,0,1,,,31,50.6,53.6,40.6,,79,277
278,Malik Turner,496,SEA,WR,23,15,3,0,0,0,0,0,0,0,,0,22,15,245,16.33,1,0,0,1,,,31,45.5,48.5,38,,112,278
279,Charles Clay,351,ARI,TE,30,15,10,0,0,0,0,0,0,0,,0,24,18,237,13.17,1,0,0,1,,,30,47.7,50.7,38.7,,45,279
280,Qadree Ollison,0,ATL,RB,23,8,0,0,0,0,0,0,22,50,2.27,4,2,1,7,7,0,1,0,4,,,30,30.7,30.7,30.2,,80,280
281,Chester Rogers,189,IND,WR,25,12,6,0,0,0,0,0,1,18,18,0,28,16,179,11.19,2,2,1,2,,,30,45.7,49.7,37.7,,113,281
282,Jeremy Sprinkle,397,WAS,TE,25,16,13,0,0,0,0,0,0,0,,0,40,26,241,9.27,1,1,0,1,,,30,56.1,59.1,43.1,,44,282
283,Jarius Wright,205,CAR,WR,30,16,9,0,0,0,0,0,1,-7,-7,0,58,28,296,10.57,0,0,0,0,,,29,56.9,59.9,42.9,,114,283
284,DeSean Jackson,109,PHI,WR,33,3,3,0,0,0,0,0,0,0,,0,10,9,159,17.67,2,0,0,2,,,28,36.9,39.9,32.4,,115,284
285,Jake Kumerow,354,GNB,WR,27,14,4,0,0,0,0,0,0,0,,0,21,12,219,18.25,1,0,0,1,,,28,39.9,42.9,33.9,,116,285
286,Scott Miller,0,TAM,WR,22,10,2,0,0,0,0,0,2,16,8,0,26,13,200,15.38,1,0,0,1,,,28,40.6,43.6,34.1,,118,286
287,Justin Watson,531,TAM,WR,23,16,2,0,0,0,0,0,0,0,,0,26,15,159,10.6,2,0,0,2,,,28,42.9,45.9,35.4,,117,287
288,Jakeem Grant,215,MIA,WR,27,10,2,0,0,0,0,0,4,5,1.25,1,33,19,164,8.63,0,2,1,2,,,27,45.9,49.9,36.4,,120,288
289,N'Keal Harry,0,NWE,WR,22,7,5,0,0,0,0,0,5,49,9.8,0,24,12,105,8.75,2,0,0,2,,,27,39.4,42.4,33.4,,119,289
290,James O'Shaughnessy,337,JAX,TE,27,5,5,0,0,0,0,0,0,0,,0,20,14,153,10.93,2,0,0,2,,,27,41.3,44.3,34.3,,46,290
291,Mark Walton,415,MIA,RB,22,7,4,0,0,0,0,0,53,201,3.79,0,21,15,89,5.93,0,1,1,0,,,27,42,46,34.5,,81,291
292,Chase Daniel,293,CHI,QB,33,3,1,45,64,435,3,2,6,6,1,0,0,0,0,,0,0,0,0,,,26,26,31,28,,45,292
293,Anthony Firkser,300,TEN,FB,24,15,1,0,0,0,0,0,0,0,,0,24,14,204,14.57,1,0,0,1,,,26,40.4,43.4,33.4,,82,293
294,Isaiah Ford,555,MIA,WR,23,8,0,0,0,0,0,0,1,11,11,0,35,23,244,10.61,0,0,0,0,,,26,48.5,51.5,37,,125,294
295,Marquise Goodwin,187,SFO,WR,29,9,6,0,0,0,0,0,1,15,15,0,21,12,186,15.5,1,0,0,1,,,26,38.1,41.1,32.1,,122,295
296,Dontrell Hilliard,406,CLE,RB,24,14,0,0,0,0,0,0,13,49,3.77,2,15,12,92,7.67,0,2,0,2,,,26,38.1,38.1,32.1,,84,296
297,Andy Isabella,0,ARI,WR,23,15,1,0,0,0,0,0,4,15,3.75,0,13,9,189,21,1,0,0,1,,,26,35.4,38.4,30.9,,121,297
298,Bilal Powell,224,NYJ,RB,31,13,1,0,1,0,0,0,59,229,3.88,0,12,7,33,4.71,0,0,0,0,,,26,33.2,36.2,29.7,,83,298
299,Trey Quinn,374,WAS,WR,24,12,6,0,0,0,0,0,0,0,,0,47,26,198,7.62,1,1,1,1,1,,26,51.8,55.8,38.8,,124,299
300,Damion Ratley,375,CLE,WR,24,13,3,0,0,0,0,0,0,0,,0,24,12,200,16.67,1,0,0,1,,,26,38,41,32,,123,300
301,Maxx Williams,338,ARI,TE,25,16,10,0,0,0,0,0,0,0,,0,19,15,202,13.47,1,0,0,1,,,26,41.2,44.2,33.7,,47,301
302,Dan Arnold,331,2TM,WR,24,5,1,0,0,0,0,0,0,0,,0,14,8,127,15.88,2,0,0,2,,,25,32.7,35.7,28.7,,127,302
303,Ryan Finley,0,CIN,QB,25,3,3,41,87,474,2,2,10,77,7.7,0,0,0,0,,0,4,3,0,,,25,24.7,32.7,26.7,,46,303
304,KeeSean Johnson,0,ARI,WR,23,10,4,0,0,0,0,0,1,3,3,0,42,21,187,8.9,1,1,1,1,1,,25,46,50,35.5,,126,304
305,Cordarrelle Patterson*,0,CHI,WR,28,16,4,0,0,0,0,0,17,103,6.06,0,17,11,83,7.55,0,0,0,1,,,25,35.6,38.6,30.1,,128,305
306,Ito Smith,178,ATL,RB,24,7,0,0,0,0,0,0,22,106,4.82,1,14,11,87,7.91,0,0,0,1,,,25,36.3,39.3,30.8,,85,306
307,Javon Wims,473,CHI,WR,25,16,6,0,0,0,0,0,0,0,,0,39,18,186,10.33,1,0,0,1,,,25,42.6,45.6,33.6,,129,307
308,Ameer Abdullah,501,MIN,RB,26,16,0,0,0,0,0,0,23,115,5,0,21,15,88,5.87,1,1,1,1,,,24,39.3,43.3,31.8,,87,308
309,Myles Gaskin,0,MIA,RB,22,7,0,0,0,0,0,0,36,133,3.69,1,12,7,51,7.29,0,0,0,1,,,24,31.4,34.4,27.9,,86,309
310,Dante Pettis,159,SFO,WR,24,11,4,1,1,16,0,0,0,0,,0,24,11,109,9.91,2,0,0,2,,,24,34.5,37.5,29,,131,310
311,Laquon Treadwell,265,MIN,WR,24,13,1,0,0,0,0,0,0,0,,0,16,9,184,20.44,1,0,0,1,,,24,33.4,36.4,28.9,,130,311
312,Olamide Zaccheaus,0,ATL,WR,22,10,0,0,0,0,0,0,0,0,,0,5,3,115,38.33,1,0,0,2,,,24,26.5,29.5,25,,132,312
313,JJ Arcega-Whiteside,0,PHI,WR,23,16,5,0,0,0,0,0,0,0,,0,22,10,169,16.9,1,0,0,1,,,23,32.9,35.9,27.9,,135,313
314,Reggie Bonnafon,0,CAR,RB,23,16,0,0,0,0,0,0,16,116,7.25,1,9,6,57,9.5,0,0,0,1,,,23,29.3,32.3,26.3,,88,314
315,Rhett Ellison,268,NYG,TE,31,10,7,0,0,0,0,0,0,0,,0,28,18,167,9.28,1,0,0,1,,,23,40.7,43.7,31.7,,49,315
316,Bennie Fowler,314,NYG,WR,28,8,2,0,0,0,0,0,1,20,20,0,36,23,193,8.39,0,0,0,0,1,,23,46.3,49.3,34.8,,133,316
317,Byron Pringle,0,KAN,WR,26,16,0,0,0,0,0,0,0,0,,0,16,12,170,14.17,1,0,0,1,,,23,35,38,29,,134,317
318,Darwin Thompson,0,KAN,RB,22,12,0,0,0,0,0,0,37,128,3.46,1,10,9,43,4.78,0,0,0,1,,,23,32.1,35.1,27.6,,89,318
319,Logan Thomas,414,DET,TE,28,16,3,0,0,0,0,0,0,0,,0,28,16,173,10.81,1,0,0,1,,,23,39.3,42.3,31.3,,48,319
320,Duke Williams,0,BUF,WR,27,4,3,0,0,0,0,0,0,0,,0,19,12,166,13.83,1,0,0,1,,,23,34.6,37.6,28.6,,136,320
321,Justin Jackson,232,LAC,RB,23,7,0,0,0,0,0,0,29,200,6.9,0,11,9,22,2.44,0,0,0,0,,,22,31.2,34.2,26.7,,90,321
322,Zay Jones,111,2TM,WR,24,15,9,0,0,0,0,0,1,3,3,0,45,27,216,8,0,0,0,0,,,22,48.9,51.9,35.4,,137,322
323,Marcedes Lewis,454,GNB,TE,35,16,11,0,0,0,0,0,0,0,,0,19,15,156,10.4,1,0,0,1,,,22,36.6,39.6,29.1,,50,323
324,Tim Patrick,260,DEN,WR,26,8,2,0,0,0,0,0,0,0,,0,31,16,218,13.63,0,0,0,0,,,22,37.8,40.8,29.8,,138,324
325,Ross Dwelley,509,SFO,TE,24,16,6,0,0,0,0,0,0,0,,0,22,15,91,6.07,2,0,0,2,,,21,36.1,36.1,28.6,,51,325
326,Jaeden Graham,0,ATL,TE,24,16,0,0,0,0,0,0,0,0,,0,10,9,149,16.56,1,0,0,1,,,21,29.9,32.9,25.4,,52,326
327,C.J. Ham*,0,MIN,FB,26,16,7,0,0,0,0,0,7,17,2.43,0,26,17,149,8.76,1,1,1,1,,,21,37.6,41.6,29.1,,91,327
328,Brian Hoyer,611,IND,QB,34,4,1,35,65,372,4,4,8,2,0.25,0,0,0,0,,0,2,1,0,,,21,21.1,29.1,25.1,,47,328
329,Kalif Raymond,0,TEN,WR,25,8,1,0,0,0,0,0,1,-5,-5,0,12,9,170,18.89,1,1,1,1,,,21,29.5,33.5,25,,139,329
330,Parris Campbell,0,IND,WR,22,7,3,0,0,0,0,0,4,34,8.5,0,24,18,127,7.06,1,3,1,1,,,20,38.1,42.1,29.1,,142,330
331,Derek Carrier,378,OAK,TE,29,16,4,0,0,0,0,0,1,27,27,0,19,13,108,8.31,1,0,0,1,,,20,32.5,35.5,26,,54,331
332,Trevor Davis,546,3TM,WR,26,14,4,0,0,0,0,0,4,73,18.25,1,11,8,111,13.88,0,3,2,1,,,20,28.4,33.4,24.4,,140,332
333,Justin Hardy,318,ATL,WR,28,16,1,0,0,0,0,0,0,0,,0,26,19,195,10.26,0,0,0,0,,,20,38.5,41.5,29,,143,333
334,Richie James,327,SFO,WR,24,16,1,0,0,0,0,0,2,-1,-0.5,0,10,6,165,27.5,1,1,1,1,,,20,26.4,30.4,23.4,,141,334
335,Ian Thomas,239,CAR,TE,23,16,3,0,0,0,0,0,0,0,,0,30,16,136,8.5,1,0,0,1,,,20,35.6,38.6,27.6,,53,335
336,Matt LaCosse,291,NWE,TE,27,11,8,0,0,0,0,0,0,0,,0,19,13,131,10.08,1,0,0,1,,,19,32.1,35.1,25.6,,55,336
337,Ty Montgomery,233,NYJ,WR,26,16,2,0,0,0,0,0,32,103,3.22,0,17,13,90,6.92,0,0,0,0,,,19,32.3,35.3,25.8,,144,337
338,C.J. Prosise,490,SEA,RB,25,9,0,0,0,0,0,0,23,72,3.13,1,12,10,76,7.6,0,1,1,1,,,19,28.8,29.8,23.8,,92,338
339,Vernon Davis,214,WAS,TE,35,4,1,0,0,0,0,0,0,0,,0,19,10,123,12.3,1,0,0,1,,,18,28.3,31.3,23.3,,56,339
340,Darrell Henderson,0,LAR,RB,22,13,0,0,0,0,0,0,39,147,3.77,0,6,4,37,9.25,0,0,0,0,,,18,22.4,25.4,20.4,,93,340
341,Dontrelle Inman,228,2TM,WR,30,7,1,0,0,0,0,0,0,0,,0,21,12,181,15.08,0,0,0,0,,,18,30.1,33.1,24.1,,145,341
342,Josh Rosen,107,MIA,QB,22,6,3,58,109,567,1,5,3,13,4.33,0,0,0,0,,0,1,0,0,,,18,18,26,23,,48,342
343,Jeff Heuerman,251,DEN,TE,27,14,11,0,0,0,0,0,0,0,,0,20,14,114,8.14,1,0,0,1,,,17,31.4,34.4,24.4,,57,343
344,Travis Homer,0,SEA,RB,21,16,1,0,0,0,0,0,18,114,6.33,0,13,11,56,5.09,0,0,0,0,,,17,28,31,22.5,,94,344
345,Ryan Izzo,0,NWE,TE,24,6,4,0,0,0,0,0,0,0,,0,9,6,114,19,1,0,0,1,,,17,23.4,26.4,20.4,,58,345
346,A.J. McCarron,577,HOU,QB,29,2,1,21,37,225,0,1,5,39,7.8,1,0,0,0,,0,0,0,1,,,17,16.9,17.9,17.9,,49,346
347,Cam Newton,74,CAR,QB,30,2,2,50,89,572,0,1,5,-2,-0.4,0,0,0,0,,0,2,2,0,,,17,16.7,22.7,17.7,,50,347
348,Nick O'Leary,362,2TM,TE,27,12,5,0,0,0,0,0,0,0,,0,18,13,109,8.38,1,1,0,1,,,17,29.9,32.9,23.4,,60,348
349,Devin Smith,0,DAL,WR,27,4,2,0,0,0,0,0,0,0,,0,9,5,113,22.6,1,0,0,1,,,17,22.3,25.3,19.8,,146,349
350,Nick Vannett,240,2TM,TE,26,16,7,0,0,0,0,0,0,0,,0,22,17,166,9.76,0,0,0,0,,,17,33.6,36.6,25.1,,61,350
351,Ben Watson,212,NWE,TE,39,10,8,0,0,0,0,0,0,0,,0,24,17,173,10.18,0,0,0,0,,,17,34.3,37.3,25.8,,59,351
352,T.J. Yeldon,101,BUF,RB,26,6,0,0,0,0,0,0,17,63,3.71,0,15,13,124,9.54,0,1,1,0,,,17,29.7,33.7,23.2,,95,352
353,Andrew Beck,0,DEN,TE,23,16,6,1,1,6,0,0,1,3,3,0,12,9,90,10,1,0,0,1,,,16,24.5,24.5,20,,64,353
354,Robert Griffin III,511,BAL,QB,29,7,1,23,38,225,1,2,20,70,3.5,0,0,0,0,,0,0,0,0,,,16,16,18,18,,51,354
355,Hale Hentges,0,WAS,TE,23,11,4,0,0,0,0,0,0,0,,0,14,8,103,12.88,1,0,0,1,,,16,24.3,27.3,20.3,,62,355
356,Robert Tonyan,376,GNB,TE,25,11,1,0,0,0,0,0,0,0,,0,15,10,100,10,1,0,0,1,,,16,26,29,21,,63,356
357,Joshua Perkins,424,PHI,TE,26,5,0,0,0,0,0,0,0,0,,0,13,9,87,9.67,1,0,0,1,,,15,23.7,23.7,19.2,,66,357
358,MyCole Pruitt,355,TEN,TE,27,16,10,0,0,0,0,0,0,0,,0,8,6,90,15,1,0,0,1,,,15,21,21,18,,65,358
359,Wendell Smallwood,139,WAS,RB,25,15,0,0,0,0,0,0,22,81,3.68,0,13,9,64,7.11,0,0,0,0,,,15,23.5,23.5,19,,96,359
360,DeAndre Carter,340,HOU,WR,26,16,3,0,0,0,0,0,0,0,,0,14,11,162,14.73,0,2,1,0,,,14,25.2,29.2,19.7,,147,360
361,Seth Devalve,379,JAX,TE,26,12,6,0,0,0,0,0,0,0,,0,18,12,140,11.67,0,0,0,0,,,14,26,29,20,,68,361
362,Trey Edmunds,552,PIT,RB,25,11,0,0,0,0,0,0,22,92,4.18,0,7,6,48,8,0,0,0,0,,,14,20,20,17,,98,362
363,Virgil Green,308,LAC,TE,31,15,4,0,0,0,0,0,0,0,,0,13,9,78,8.67,1,0,0,1,,,14,22.8,22.8,18.3,,69,363
364,Wes Hills,0,DET,RB,24,1,1,0,0,0,0,0,10,21,2.1,2,2,2,1,0.5,0,0,0,2,,,14,16.2,16.2,15.2,,97,364
365,Jesse James,208,DET,TE,25,16,11,0,0,0,0,0,0,0,,0,27,16,142,8.88,0,0,0,0,,,14,30.2,33.2,22.2,,67,365
366,Daniel Brown,536,NYJ,WR,27,16,5,0,0,0,0,0,0,0,,0,11,7,72,10.29,1,0,0,1,,,13,20.2,20.2,16.7,,149,366
367,Keelan Doss,0,OAK,WR,23,8,2,0,0,0,0,0,0,0,,0,14,11,133,12.09,0,0,0,0,,,13,24.3,27.3,18.8,,148,367
368,Mack Hollins,0,2TM,WR,26,16,3,0,0,0,0,0,0,0,,0,23,10,125,12.5,0,0,0,0,,,13,22.5,25.5,17.5,,150,368
369,Jesper Horsted,0,CHI,TE,22,6,1,0,0,0,0,0,0,0,,0,10,8,87,10.88,1,1,1,1,,,13,20.7,21.7,16.7,,71,369
370,Tyler Kroft,453,BUF,TE,27,11,3,0,0,0,0,0,0,0,,0,14,6,71,11.83,1,0,0,1,,,13,19.1,19.1,16.1,,70,370
371,Ben Roethlisberger,27,PIT,QB,37,2,2,35,62,351,0,1,1,7,7,0,0,0,0,,0,1,0,0,,,13,12.7,16.7,13.7,,52,371
372,Kerrith Whyte Jr,0,PIT,RB,23,6,0,0,0,0,0,0,24,122,5.08,0,1,1,9,9,0,0,0,0,,,13,14.1,17.1,13.6,,99,372
373,Ben Braunecker,448,CHI,TE,25,11,3,0,0,0,0,0,0,0,,0,11,6,59,9.83,1,0,0,1,,,12,17.9,17.9,14.9,,72,373
374,Antonio Brown,9,NWE,WR,31,1,0,0,0,0,0,0,1,5,5,0,8,4,56,14,1,0,0,1,,,12,16.1,16.1,14.1,,152,374
375,Deon Cain,0,2TM,WR,23,13,6,0,0,0,0,0,0,0,,0,20,9,124,13.78,0,0,0,0,,,12,21.4,24.4,16.9,,151,375
376,Rashard Higgins,156,CLE,WR,25,10,1,0,0,0,0,0,0,0,,0,11,4,55,13.75,1,0,0,1,,,12,15.5,15.5,13.5,,153,376
377,Alec Ingold,0,OAK,FB,23,16,4,0,0,0,0,0,10,17,1.7,0,6,6,44,7.33,1,0,0,1,,,12,18.1,18.1,15.1,,100,377
378,Javorius Allen,199,NYG,RB,28,10,0,0,0,0,0,0,10,36,3.6,1,2,1,9,9,0,0,0,1,,,11,11.5,11.5,11,,103,378
379,Stephen Carlson,0,CLE,TE,23,9,5,0,0,0,0,0,0,0,,0,7,5,51,10.2,1,0,0,1,,,11,16.1,16.1,13.6,,74,379
380,Patrick Ricard*,0,BAL,FB,25,16,7,0,0,0,0,0,0,0,,0,11,8,47,5.88,1,0,0,1,,,11,18.7,18.7,14.7,,102,380
381,Darren Sproles,235,PHI,RB,36,6,1,0,0,0,0,0,17,66,3.88,0,10,6,24,4,0,1,0,0,1,,11,17,17,14,,101,381
382,Tommy Sweeney,0,BUF,TE,24,6,1,0,0,0,0,0,0,0,,0,13,8,114,14.25,0,0,0,0,,,11,19.4,22.4,15.4,,73,382
383,Brandon Zylstra,500,CAR,WR,26,8,0,0,0,0,0,0,0,0,,0,12,8,106,13.25,0,1,0,0,,,11,18.6,21.6,14.6,,154,383
384,Marcell Ateman,332,OAK,WR,25,11,0,0,0,0,0,0,0,0,,0,10,5,116,23.2,0,1,1,0,,,10,14.6,18.6,12.1,,156,384
385,Braxton Berrios,0,NYJ,WR,24,16,0,0,0,0,0,0,0,0,,0,13,6,115,19.17,0,1,1,0,,,10,15.5,19.5,12.5,,158,385
386,Troy Fumagalli,0,DEN,TE,24,11,5,0,0,0,0,0,0,0,,0,9,6,38,6.33,1,0,0,1,,,10,15.8,15.8,12.8,,76,386
387,Deonte Harty*,0,NOR,WR,22,14,1,0,0,0,0,0,4,31,7.75,0,6,6,24,4,0,3,1,1,,,10,15.5,16.5,12.5,,159,387
388,Andy Janovich,344,DEN,RB,26,7,3,0,0,0,0,0,1,1,1,1,5,5,42,8.4,0,0,0,1,,,10,15.3,15.3,12.8,,104,388
389,T.J. Jones,290,NYG,WR,27,3,0,0,0,0,0,0,0,0,,0,4,3,38,12.67,1,3,0,1,,,10,12.8,12.8,11.3,,155,389
390,JJ Nelson,429,OAK,WR,27,2,1,0,0,0,0,0,0,0,,0,5,4,36,9,1,0,0,1,,,10,13.6,13.6,11.6,,157,390
391,David Njoku,65,CLE,TE,23,4,1,0,0,0,0,0,0,0,,0,10,5,41,8.2,1,0,0,1,,,10,15.1,15.1,12.6,,75,391
392,Danny Vitale,601,GNB,RB,26,15,4,0,0,0,0,0,1,3,3,0,12,7,97,13.86,0,0,0,0,,,10,17,17,13.5,,106,392
393,Derek Watt,532,LAC,RB,27,16,2,0,0,0,0,0,7,10,1.43,1,5,3,32,10.67,0,0,0,1,,,10,13.2,13.2,11.7,,105,393
394,Mo Alie-Cox,317,IND,TE,26,16,2,0,0,0,0,0,0,0,,0,11,8,93,11.63,0,0,0,0,,,9,17.3,17.3,13.3,,77,394
395,Kenjon Barner,417,ATL,RB,30,14,0,1,1,3,0,0,4,28,7,0,8,6,22,3.67,0,4,1,1,,,9,15.1,16.1,12.1,,109,395
396,Christian Blake,0,ATL,WR,23,9,3,0,0,0,0,0,0,0,,0,24,11,91,8.27,0,0,0,0,,,9,20.1,20.1,14.6,,161,396
397,Antonio Callaway,137,CLE,WR,22,4,2,0,0,0,0,0,0,0,,0,15,8,89,11.13,0,0,0,0,,,9,16.9,16.9,12.9,,163,397
398,Luke Falk,0,NYJ,QB,25,3,2,47,73,416,0,3,0,0,,0,0,0,0,,0,2,1,0,,,9,8.6,15.6,11.6,,53,398
399,Robert Foster,174,BUF,WR,25,13,2,0,0,0,0,0,2,29,14.5,0,18,3,64,21.33,0,0,0,0,,,9,12.3,12.3,10.8,,160,399
400,J.P. Holtz,0,2TM,TE,26,15,7,0,0,0,0,0,0,0,,0,8,7,91,13,0,0,0,0,,,9,16.1,16.1,12.6,,78,400
401,D'Ernest Johnson,0,CLE,RB,23,16,0,0,0,0,0,0,4,21,5.25,0,7,6,71,11.83,0,0,0,0,,,9,15.2,15.2,12.2,,108,401
402,Marshawn Lynch,188,SEA,RB,33,1,0,0,0,0,0,0,12,34,2.83,1,0,0,0,,0,0,0,1,,,9,9.4,9.4,9.4,,107,402
403,Lee Smith,321,BUF,WR,32,16,5,0,0,0,0,0,0,0,,0,5,4,31,7.75,1,0,0,1,,,9,13.1,13.1,11.1,,162,403
404,Alex Armah,368,CAR,FB,25,16,1,0,0,0,0,0,6,11,1.83,1,2,2,6,3,0,0,0,1,,,8,9.7,9.7,8.7,,111,404
405,Nick Bellore,474,SEA,FB,30,14,1,0,0,0,0,0,0,0,,0,2,2,23,11.5,1,0,0,1,,,8,10.3,10.3,9.3,,110,405
406,Ventell Bryant,0,DAL,WR,23,12,0,0,0,0,0,0,0,0,,0,1,1,15,15,1,0,0,1,,,8,8.5,8.5,8,,167,406
407,Trey Burton,63,CHI,TE,28,8,5,0,0,0,0,0,0,0,,0,24,14,84,6,0,0,0,0,,,8,22.4,22.4,15.4,,79,407
408,KhaDarel Hodge,485,CLE,WR,24,16,1,0,0,0,0,0,0,0,,0,10,4,76,19,0,0,0,0,,,8,11.6,11.6,9.6,,166,408
409,Trent Sherfield,311,ARI,WR,23,16,1,0,0,0,0,0,0,0,,0,13,4,80,20,0,0,0,0,,,8,12,12,10,,165,409
410,Damion Willis,0,CIN,WR,22,10,2,0,0,0,0,0,0,0,,0,16,9,82,9.11,0,0,0,0,,,8,17.2,17.2,12.7,,164,410
411,Luke Willson,408,SEA,TE,29,8,7,0,0,0,0,0,0,0,,0,10,8,79,9.88,0,0,0,0,,,8,15.9,15.9,11.9,,80,411
412,Chad Beebe,446,MIN,WR,25,3,0,0,0,0,0,0,0,0,,0,2,2,70,35,0,3,0,0,,,7,9,9,8,,168,412
413,Blake Bell,418,KAN,TE,28,15,7,0,0,0,0,0,0,0,,0,15,8,67,8.38,0,0,0,0,,,7,14.7,14.7,10.7,,82,413
414,Devontae Booker,218,DEN,RB,27,16,0,0,0,0,0,0,2,9,4.5,0,9,6,57,9.5,0,0,0,0,,,7,12.6,12.6,9.6,,115,414
415,Tra Carson,538,2TM,RB,27,3,1,0,0,0,0,0,18,48,2.67,0,4,4,18,4.5,0,0,0,0,,,7,10.6,10.6,8.6,,116,415
416,Cethan Carter,0,CIN,TE,24,15,0,0,0,0,0,0,0,0,,0,3,2,13,6.5,1,0,0,1,,,7,9.3,9.3,8.3,,81,416
417,Chris Hogan,176,CAR,WR,32,7,1,0,0,0,0,0,0,0,,0,15,8,67,8.38,0,0,0,0,,,7,14.7,14.7,10.7,,170,417
418,Troymaine Pope,0,LAC,RB,26,14,0,0,0,0,0,0,10,20,2,0,3,2,14,7,1,1,1,1,,,7,9.4,10.4,8.4,,112,418
419,Riley Ridley,0,CHI,WR,23,5,0,0,0,0,0,0,0,0,,0,7,6,69,11.5,0,0,0,0,,,7,12.9,12.9,9.9,,169,419
420,Adam Shaheen,382,CHI,FB,25,8,2,0,0,0,0,0,0,0,,0,13,9,74,8.22,0,1,1,0,1,,7,16.4,17.4,11.9,,113,420
421,Durham Smythe,440,MIA,TE,24,16,14,0,0,0,0,0,0,0,,0,14,7,65,9.29,0,0,0,0,,,7,13.5,13.5,10,,83,421
422,Geoff Swaim,295,JAX,TE,26,6,2,0,0,0,0,0,0,0,,0,17,13,65,5,0,0,0,0,,,7,19.5,19.5,13,,84,422
423,Spencer Ware,202,KAN,RB,28,3,1,0,0,0,0,0,17,51,3,0,7,5,22,4.4,0,1,0,0,,,7,12.3,12.3,9.8,,114,423
424,Dwayne Washington,367,NOR,RB,25,16,0,0,0,0,0,0,8,60,7.5,0,1,1,6,6,0,0,0,0,,,7,7.6,7.6,7.1,,117,424
425,Matt Barkley,346,BUF,QB,29,2,0,27,51,359,0,3,2,-4,-2,0,0,0,0,,0,3,1,0,,,6,6,13,9,,56,425
426,Tyler Conklin,411,MIN,TE,24,15,1,0,0,0,0,0,0,0,,0,10,8,58,7.25,0,0,0,0,,,6,13.8,13.8,9.8,,86,426
427,Brett Hundley,0,ARI,QB,26,3,0,5,11,49,0,0,7,41,5.86,0,0,0,0,,0,0,0,0,,,6,6.1,6.1,6.1,,54,427
428,Tevin Jones,0,PIT,WR,27,5,0,0,0,0,0,0,0,0,,0,10,4,61,15.25,0,0,0,0,,,6,10.1,10.1,8.1,,171,428
429,Chris Lacy,571,DET,WR,23,7,2,0,0,0,0,0,0,0,,0,10,3,60,20,0,0,0,0,,,6,9,9,7.5,,172,429
430,Zach Line,345,NOR,RB,29,12,2,0,0,0,0,0,7,20,2.86,0,10,6,36,6,0,0,0,0,,,6,11.6,11.6,8.6,,119,430
431,Andre Patton,0,LAC,WR,25,13,5,0,0,0,0,0,0,0,,0,17,6,56,9.33,0,0,0,0,,,6,11.6,11.6,8.6,,173,431
432,Tyrod Taylor,250,LAC,QB,30,8,0,4,6,33,1,0,10,7,0.7,0,1,0,0,,0,0,0,0,,,6,6,6,6,,55,432
433,Clive Walford,602,MIA,TE,28,7,3,0,0,0,0,0,0,4,,0,8,4,57,14.25,0,0,0,0,,,6,10.1,10.1,8.1,,85,433
434,Brandon Wilson,608,CIN,RB,25,12,2,0,0,0,0,0,0,0,,0,0,0,0,,0,1,0,1,,,6,6,6,6,,118,434
435,Khari Blasingame,0,TEN,FB,23,6,3,0,0,0,0,0,0,0,,0,5,4,54,13.5,0,0,0,0,,,5,9.4,9.4,7.4,,120,435
436,Deontay Burnett,370,PHI,WR,22,1,1,0,0,0,0,0,0,0,,0,4,2,48,24,0,0,0,0,,,5,6.8,6.8,5.8,,176,436
437,Mike Davis,115,2TM,WR,26,12,1,0,0,0,0,0,13,27,2.08,0,8,7,22,3.14,0,0,0,0,,,5,11.9,11.9,8.4,,175,437
438,Patrick DiMarco,420,BUF,FB,30,16,4,0,0,0,0,0,3,7,2.33,0,7,5,41,8.2,0,0,0,0,,,5,9.8,9.8,7.3,,124,438
439,Jon Hilliman,0,NYG,RB,24,3,1,0,0,0,0,0,30,91,3.03,0,4,3,1,0.33,0,2,2,0,,,5,8.2,10.2,6.7,,121,439
440,Alexander Hollins,0,MIN,WR,23,5,1,0,0,0,0,0,0,0,,0,4,2,46,23,0,0,0,0,,,5,6.6,6.6,5.6,,177,440
441,Taiwan Jones,568,HOU,RB,31,11,0,0,0,0,0,0,9,40,4.44,0,1,1,9,9,0,0,0,0,,,5,5.9,5.9,5.4,,123,441
442,Lance Kendricks,328,LAC,TE,31,12,1,0,0,0,0,0,0,0,,0,7,3,50,16.67,0,0,0,0,,,5,8,8,6.5,,88,442
443,Devine Ozigbo,0,JAX,RB,23,10,0,0,0,0,0,0,9,27,3,0,5,3,23,7.67,0,0,0,0,,,5,8,8,6.5,,122,443
444,Elijhaa Penny,413,NYG,RB,26,16,1,0,0,0,0,0,15,39,2.6,0,4,2,9,4.5,0,0,0,0,,,5,6.8,6.8,5.8,,125,444
445,Luke Stocker,301,ATL,TE,31,15,9,0,0,0,0,0,0,0,,0,14,8,53,6.63,0,1,0,0,,,5,13.3,13.3,9.3,,87,445
446,Trevon Wesco,0,NYJ,TE,24,16,1,0,0,0,0,0,1,2,2,0,3,2,47,23.5,0,0,0,0,,,5,6.9,6.9,5.9,,90,446
447,DeAndrew White,0,CAR,WR,28,10,0,0,0,0,0,0,0,0,,0,9,4,51,12.75,0,0,0,0,,,5,9.1,9.1,7.1,,174,447
448,Cedrick Wilson Jr.,0,DAL,WR,24,6,0,0,0,0,0,0,0,0,,0,8,5,46,9.2,0,0,0,0,,,5,9.6,9.6,7.1,,178,448
449,Deon Yelder,609,KAN,TE,24,9,1,0,0,0,0,0,0,0,,0,4,3,50,16.67,0,0,0,0,,,5,8,8,6.5,,89,449
450,C.J. Anderson,193,DET,RB,28,2,0,0,0,0,0,0,16,43,2.69,0,0,0,0,,0,0,0,0,,,4,4.3,4.3,4.3,,126,450
451,Geremy Davis,545,LAC,WR,27,7,1,0,0,0,0,0,0,0,,0,3,3,38,12.67,0,0,0,0,,,4,6.8,6.8,5.3,,180,451
452,Mike Glennon,388,OAK,QB,30,2,0,6,10,56,1,0,2,0,0,0,0,0,0,,0,3,1,0,,,4,4.2,5.2,4.2,,58,452
453,Colt McCoy,309,WAS,QB,33,1,1,18,27,122,0,1,2,14,7,0,0,0,0,,0,2,0,0,,,4,4.3,5.3,5.3,,57,453
454,Steven Mitchell,582,HOU,WR,25,3,1,0,0,0,0,0,0,0,,0,6,2,37,18.5,0,0,0,0,,,4,5.7,5.7,4.7,,181,454
455,Jason Moore,0,LAC,WR,24,10,0,0,0,0,0,0,0,0,,0,5,2,43,21.5,0,0,0,0,,,4,6.3,6.3,5.3,,179,455
456,Paul Perkins,0,DET,RB,25,4,0,0,0,0,0,0,12,29,2.42,0,1,1,9,9,0,0,0,0,,,4,4.8,4.8,4.3,,127,456
457,Jay Ajayi,257,PHI,RB,26,3,0,0,0,0,0,0,10,30,3,0,1,0,0,,0,0,0,0,,,3,3,3,3,,129,457
458,Travis Benjamin,298,LAC,WR,30,5,2,0,0,0,0,0,0,0,,0,16,6,30,5,0,0,0,0,,,3,9,9,6,,186,458
459,C.J. Board,0,JAX,WR,26,4,0,0,0,0,0,0,0,0,,0,4,2,31,15.5,0,0,0,0,,,3,5.1,5.1,4.1,,185,459
460,Pharaoh Brown,0,CLE,TE,25,9,6,0,0,0,0,0,0,0,,0,3,2,27,13.5,0,0,0,0,,,3,4.7,4.7,3.7,,93,460
461,Cody Core,323,NYG,WR,25,16,0,0,0,0,0,0,0,0,,0,5,3,28,9.33,0,0,0,0,,,3,5.8,5.8,4.3,,188,461
462,Dalyn Dawkins,547,TEN,RB,25,2,0,0,0,0,0,0,11,26,2.36,0,1,0,0,,0,0,0,0,,,3,2.6,2.6,2.6,,130,462
463,Devin Funchess,155,IND,WR,25,1,1,0,0,0,0,0,0,0,,0,5,3,32,10.67,0,0,0,0,,,3,6.2,6.2,4.7,,184,463
464,Johnny Holton,566,PIT,WR,29,16,3,0,0,0,0,0,1,9,9,0,15,3,21,7,0,0,0,0,,,3,6,6,4.5,,187,464
465,Tanner Hudson,0,TAM,TE,25,9,1,0,0,0,0,0,0,0,,0,5,2,26,13,0,0,0,0,,,3,4.6,4.6,3.6,,94,465
466,Ishmael Hyman,0,TAM,WR,24,2,1,0,0,0,0,0,0,0,,0,4,2,34,17,0,0,0,0,,,3,5.4,5.4,4.4,,182,466
467,Jordan Matthews,248,2TM,WR,27,3,1,0,0,0,0,0,0,0,,0,12,4,33,8.25,0,0,0,0,,,3,7.3,7.3,5.3,,183,467
468,Codey McElroy,0,TAM,TE,27,1,0,0,0,0,0,0,0,0,,0,1,1,30,30,0,0,0,0,,,3,4,4,3.5,,91,468
469,Johnny Mundt,524,LAR,TE,25,13,2,0,0,0,0,0,0,0,,0,7,4,26,6.5,0,0,0,0,,,3,6.6,6.6,4.6,,95,469
470,Andre Roberts*,0,BUF,WR,31,13,0,0,0,0,0,0,1,7,7,0,7,3,20,6.67,0,1,0,0,,,3,5.7,5.7,4.2,,189,470
471,Drew Sample,0,CIN,TE,23,9,2,0,0,0,0,0,0,0,,0,6,5,30,6,0,0,0,0,,,3,8,8,5.5,,92,471
472,Da'Mari Scott,594,NYG,WR,24,5,2,0,0,0,0,0,1,5,5,0,3,2,22,11,0,0,0,0,,,3,4.7,4.7,3.7,,190,472
473,Russell Shepard,292,NYG,WR,29,3,0,0,0,0,0,0,0,0,,0,8,3,25,8.33,0,0,0,0,,,3,5.5,5.5,4,,193,473
474,Anthony Sherman,356,KAN,RB,31,16,0,0,0,0,0,0,4,9,2.25,0,3,2,22,11,0,0,0,0,,,3,5.1,5.1,4.1,,128,474
475,Cam Sims,595,WAS,WR,23,7,1,0,0,0,0,0,0,0,,0,3,2,27,13.5,0,0,0,0,,,3,4.7,4.7,3.7,,191,475
476,Ryan Switzer,280,PIT,WR,25,9,0,0,0,0,0,0,0,0,,0,11,8,27,3.38,0,1,0,0,,,3,10.7,10.7,6.7,,192,476
477,Nick Bawden,0,DET,RB,23,10,2,0,0,0,0,0,0,0,,0,6,4,17,4.25,0,0,0,0,,,2,5.7,5.7,3.7,,134,477
478,Josh Bellamy,339,NYJ,WR,30,7,0,0,0,0,0,0,0,0,,0,3,2,20,10,0,0,0,0,,,2,4,4,3,,197,478
479,Fred Brown,0,DEN,WR,26,13,1,0,0,0,0,0,0,0,,0,3,2,21,10.5,0,1,0,0,,,2,4.1,4.1,3.1,,195,479
480,Michael Crabtree,154,ARI,WR,32,2,1,0,0,0,0,0,0,0,,0,5,4,22,5.5,0,0,0,0,,,2,6.2,6.2,4.2,,194,480
481,Rashard Davis,0,TEN,WR,24,1,0,0,0,0,0,0,0,0,,0,1,1,16,16,0,0,0,0,,,2,2.6,2.6,2.1,,205,481
482,Robert Davis,0,2TM,WR,24,6,3,0,0,0,0,0,0,0,,0,5,2,17,8.5,0,0,0,0,,,2,3.7,3.7,2.7,,201,482
483,Ashton Dulin,0,IND,WR,22,13,0,0,0,0,0,0,0,0,,0,2,2,17,8.5,0,0,0,0,,,2,3.7,3.7,2.7,,202,483
484,Tyler Ervin,450,2TM,RB,26,10,0,0,0,0,0,0,1,10,10,0,4,2,11,5.5,0,2,0,0,,,2,4.1,4.1,3.1,,132,484
485,Darius Jennings,349,TEN,WR,27,8,0,0,0,0,0,0,0,0,,0,5,2,17,8.5,0,0,0,0,,,2,3.7,3.7,2.7,,203,485
486,Marqise Lee,0,JAX,WR,28,6,1,0,0,0,0,0,1,1,1,0,4,3,18,6,0,0,0,0,,,2,4.9,4.9,3.4,,198,486
487,T.J. Logan,455,TAM,FB,25,12,0,0,0,0,0,0,3,10,3.33,0,3,2,13,6.5,0,0,0,0,,,2,4.3,4.3,3.3,,131,487
488,Donte Moncrief,150,2TM,WR,26,8,2,0,0,0,0,0,0,0,,0,15,4,18,4.5,0,0,0,0,,,2,5.8,5.8,3.8,,199,488
489,Chris Moore,310,BAL,WR,26,14,1,0,0,0,0,0,1,0,0,0,5,3,21,7,0,0,0,0,,,2,5.1,5.1,3.6,,196,489
490,Stanley Morgan Jr.,0,CIN,WR,23,11,0,0,0,0,0,0,0,0,,0,10,3,18,6,0,0,0,0,,,2,4.8,4.8,3.3,,200,490
491,Josh Oliver,0,JAX,TE,22,4,1,0,0,0,0,0,0,0,,0,6,3,15,5,0,0,0,0,,,2,4.5,4.5,3,,97,491
492,Samaje Perine,460,2TM,RB,24,7,0,0,0,0,0,0,5,16,3.2,0,0,0,0,,0,0,0,0,,,2,1.6,1.6,1.6,,136,492
493,Eric Saubert,439,CHI,TE,25,2,0,0,0,0,0,0,0,0,,0,3,2,21,10.5,0,0,0,0,,,2,4.1,4.1,3.1,,96,493
494,Keith Smith,492,ATL,FB,27,16,5,0,0,0,0,0,5,8,1.6,0,3,1,13,13,0,0,0,0,,,2,3.1,3.1,2.6,,133,494
495,Diontae Spencer,0,DEN,WR,27,16,2,0,0,0,0,0,3,6,2,0,8,6,31,5.17,0,3,1,0,,,2,7.7,8.7,4.7,,204,495
496,Bobo Wilson,445,TAM,WR,24,6,1,0,0,0,0,0,0,0,,0,11,3,35,11.67,0,3,1,0,,,2,4.5,5.5,3,,206,496
497,Zach Zenner,221,3TM,RB,28,5,0,0,0,0,0,0,3,-2,-0.67,0,3,2,19,9.5,0,0,0,0,,,2,3.7,3.7,2.7,,135,497
498,Josh Adams,163,NYJ,RB,23,3,0,0,0,0,0,0,8,12,1.5,0,0,0,0,,0,0,0,0,,,1,1.2,1.2,1.2,,137,498
499,Antony Auclair,432,TAM,TE,26,8,5,0,0,0,0,0,0,0,,0,3,1,11,11,0,0,0,0,,,1,2.1,2.1,1.6,,100,499
500,Tony Brooks-James,0,PIT,RB,25,3,0,0,0,0,0,0,8,7,0.88,0,0,0,0,,0,0,0,0,,,1,0.7,0.7,0.7,,147,500
501,Austin Carr,329,NOR,WR,26,6,3,0,0,0,0,0,0,0,,0,4,1,9,9,0,0,0,0,,,1,1.9,1.9,1.4,,213,501
502,Sean Culkin,480,LAC,TE,26,4,2,0,0,0,0,0,0,0,,0,2,1,12,12,0,0,0,0,,,1,2.2,2.2,1.7,,99,502
503,Josh Ferguson,0,WAS,RB,26,2,0,0,0,0,0,0,3,9,3,0,0,0,0,,0,0,0,0,,,1,0.9,0.9,0.9,,142,503
504,Ryan Grant,254,OAK,WR,29,2,1,0,0,0,0,0,0,0,,0,9,4,14,3.5,0,0,0,0,,,1,5.4,5.4,3.4,,207,504
505,Will Grier,0,CAR,QB,24,2,2,28,52,228,0,4,7,22,3.14,0,0,0,0,,0,1,1,0,,,1,1.3,6.3,5.3,,59,505
506,Ryan Griffin,287,TAM,QB,30,2,0,2,4,18,0,0,4,-1,-0.25,0,0,0,0,,0,0,0,0,,,1,0.6,0.6,0.6,,61,506
507,Damien Harris,0,NWE,RB,22,2,0,0,0,0,0,0,4,12,3,0,0,0,0,,0,0,0,0,,,1,1.2,1.2,1.2,,138,507
508,Dwayne Harris,390,OAK,WR,32,3,0,0,0,0,0,0,0,0,,0,1,1,7,7,0,0,0,0,,,1,1.7,1.7,1.2,,214,508
509,Chris Herndon,169,NYJ,TE,23,1,0,0,0,0,0,0,0,0,,0,2,1,7,7,0,0,0,0,,,1,1.7,1.7,1.2,,106,509
510,Cody Hollister,0,TEN,WR,26,5,0,0,0,0,0,0,0,0,,0,2,2,13,6.5,0,0,0,0,,,1,3.3,3.3,2.3,,210,510
511,Buddy Howell,567,HOU,RB,23,16,0,0,0,0,0,0,5,10,2,0,0,0,0,,0,0,0,0,,,1,1,1,1,,141,511
512,Jakob Johnson,0,NWE,FB,25,4,3,0,0,0,0,0,0,0,,0,2,1,5,5,0,0,0,0,,,1,1.5,1.5,1,,149,512
513,Charles Jones,0,JAX,TE,23,4,0,0,0,0,0,0,0,0,,0,1,1,5,5,0,0,0,0,,,1,1.5,1.5,1,,108,513
514,John Kelly,394,LAR,RB,23,4,0,0,0,0,0,0,3,9,3,0,0,0,0,,0,0,0,0,,,1,0.9,0.9,0.9,,143,514
515,Ben Koyack,570,JAX,TE,26,11,6,0,0,0,0,0,0,0,,0,3,1,9,9,0,0,0,0,,,1,1.9,1.9,1.4,,104,515
516,Chris Manhertz,392,CAR,TE,27,15,6,0,0,0,0,0,0,0,,0,1,1,11,11,0,0,0,0,,,1,2.1,2.1,1.6,,101,516
517,Josh McCown,336,PHI,QB,40,3,0,3,5,24,0,0,2,-2,-1,0,0,0,0,,0,0,0,0,,,1,0.8,0.8,0.8,,60,517
518,Ryan Nall,0,CHI,RB,24,8,0,0,0,0,0,0,2,8,4,0,0,0,0,,0,0,0,0,,,1,0.8,0.8,0.8,,145,518
519,Isaac Nauta,0,DET,TE,22,6,0,0,0,0,0,0,0,0,,0,3,2,13,6.5,0,0,0,0,,,1,3.3,3.3,2.3,,98,519
520,Gunner Olszewski,0,NWE,WR,23,8,0,0,0,0,0,0,0,0,,0,4,2,34,17,0,1,1,0,,,1,3.4,4.4,2.4,,208,520
521,Ricky Ortiz,526,NOR,FB,25,1,0,0,0,0,0,0,0,0,,0,1,1,8,8,0,0,0,0,,,1,1.8,1.8,1.3,,146,521
522,Jordan Scarlett,0,CAR,RB,23,9,0,0,0,0,0,0,4,9,2.25,0,0,0,0,,0,0,0,0,,,1,0.9,0.9,0.9,,144,522
523,Dalton Schultz,386,DAL,TE,23,16,0,0,0,0,0,0,0,0,,0,2,1,6,6,0,0,0,0,,,1,1.6,1.6,1.1,,107,523
524,Jaleel Scott,0,BAL,WR,24,3,0,0,0,0,0,0,0,0,,0,3,1,6,6,0,0,0,0,,,1,1.6,1.6,1.1,,215,524
525,Scott Simonson,365,NYG,TE,27,5,1,0,0,0,0,0,0,0,,0,2,2,11,5.5,0,0,0,0,,,1,3.1,3.1,2.1,,102,525
526,Jeff Smith,0,NYJ,WR,22,1,0,0,0,0,0,0,0,0,,0,2,1,12,12,0,0,0,0,,,1,2.2,2.2,1.7,,211,526
527,Tyrone Swoopes,494,SEA,TE,25,5,2,0,0,0,0,0,0,0,,0,1,1,5,5,0,0,0,0,,,1,1.5,1.5,1,,109,527
528,De'Anthony Thomas,398,2TM,RB,26,14,0,0,0,0,0,0,2,5,2.5,0,2,1,6,6,0,3,0,0,,,1,2.1,2.1,1.6,,139,528
529,Jordan Thomas,236,HOU,TE,23,5,2,0,0,0,0,0,0,0,,0,3,1,8,8,0,0,0,0,,,1,1.8,1.8,1.3,,105,529
530,Mike Thomas,600,LAR,WR,25,16,0,0,0,0,0,0,0,0,,0,5,2,14,7,0,0,0,0,,,1,3.4,3.4,2.4,,209,530
531,Levine Toilolo,283,SFO,TE,28,13,0,0,0,0,0,0,0,0,,0,2,2,10,5,0,0,0,0,,,1,3,3,2,,103,531
532,De'Lance Turner,495,MIA,RB,24,8,0,0,0,0,0,0,4,6,1.5,0,0,0,0,,0,0,0,0,,,1,0.6,0.6,0.6,,148,532
533,John Ursua,0,SEA,WR,25,3,0,0,0,0,0,0,0,0,,0,1,1,11,11,0,0,0,0,,,1,2.1,2.1,1.6,,212,533
534,Dexter Williams,0,GNB,RB,22,4,0,0,0,0,0,0,5,11,2.2,0,0,0,0,,0,0,0,0,,,1,1.1,1.1,1.1,,140,534
535,Jerell Adams,0,HOU,TE,27,1,0,0,0,0,0,0,0,0,,0,0,0,0,,0,,0,0,,,,,,,,115,535
536,Stephen Anderson,0,LAC,TE,26,1,0,0,0,0,0,0,0,0,,0,0,0,0,,0,,0,0,,,,,,,,116,536
537,Evan Baylis,0,GNB,TE,26,5,0,0,0,0,0,0,0,0,,0,0,0,0,,0,,0,0,,,,,,,,117,537
538,Kendall Blanton,0,LAR,TE,24,1,0,0,0,0,0,0,0,0,,0,0,0,0,,0,,0,0,,,,,,,,118,538
539,Tim Boyle,0,GNB,QB,25,3,0,3,4,15,0,0,5,-7,-1.4,0,0,0,0,,0,0,0,0,,,,-0.1,-0.1,-0.1,,67,539
540,Deante Burton,537,DAL,WR,25,3,0,0,0,0,0,0,0,0,,0,0,0,0,,0,,0,0,,,,,,,,218,540
541,Michael Burton,503,WAS,RB,27,10,2,0,0,0,0,0,0,0,,0,1,0,0,,0,,0,0,,,,,,,,153,541
542,Trenton Cannon,282,NYJ,RB,25,4,0,0,0,0,0,0,0,0,,0,0,0,0,,0,0,0,0,,,,,,,,154,542
543,Garrett Celek,334,SFO,TE,31,5,1,0,0,0,0,0,0,0,,0,0,0,0,,0,,0,0,,,,,,,,119,543
544,Jordan Chunn,0,DAL,RB,24,1,0,0,0,0,0,0,0,0,,0,0,0,0,,0,,0,0,,,,,,,,155,544
545,Chandler Cox,0,MIA,RB,23,13,3,0,0,0,0,0,0,0,,0,0,0,0,,0,,0,0,,,,,,,,156,545
546,River Cracraft,479,DEN,WR,25,1,0,0,0,0,0,0,0,0,,0,0,0,0,,0,,0,0,,,,,,,,219,546
547,Jerome Cunningham,543,WAS,TE,28,2,1,0,0,0,0,0,0,0,,0,0,0,0,,0,,0,0,,,,,,,,120,547
548,Darrell Daniels,544,ARI,TE,25,11,0,0,0,0,0,0,0,0,,0,3,1,4,4,0,0,0,0,,,,1.4,1.4,0.9,,110,548
549,Davion Davis,0,MIN,WR,23,2,0,0,0,0,0,0,0,0,,0,0,0,0,,0,,0,0,,,,,,,,220,549
550,James Develin,285,NWE,TE,31,2,2,0,0,0,0,0,2,3,1.5,0,0,0,0,,0,0,0,0,,,,0.3,0.3,0.3,,112,550
551,Garrett Dickerson,549,NYG,TE,24,4,0,0,0,0,0,0,0,0,,0,0,0,0,,0,,0,0,,,,,,,,121,551
552,Gehrig Dieter,482,KAN,WR,26,2,0,0,0,0,0,0,0,0,,0,0,0,0,,0,,0,0,,,,,,,,221,552
553,Brandon Dillon,0,MIN,TE,22,1,0,0,0,0,0,0,0,0,,0,0,0,0,,0,,0,0,,,,,,,,122,553
554,Josh Doctson,184,MIN,WR,27,1,0,0,0,0,0,0,0,0,,0,0,0,0,,0,,0,0,,,,,,,,222,554
555,Alex Ellis,553,PHI,TE,26,3,0,0,0,0,0,0,0,0,,0,0,0,0,,0,,0,0,,,,,,,,123,555
556,David Fales,0,NYJ,QB,29,2,0,0,0,0,0,0,0,0,,0,0,0,0,,0,0,0,0,,,,,,,,65,556
557,David Fluellen,483,TEN,RB,27,2,0,0,0,0,0,0,0,0,,0,0,0,0,,0,,0,0,,,,,,,,157,557
558,D.J. Foster,0,ARI,WR,26,6,0,0,0,0,0,0,0,0,,0,0,0,0,,0,,0,0,,,,,,,,223,558
559,Travis Fulgham,0,DET,WR,24,3,0,0,0,0,0,0,0,0,,0,3,0,0,,0,,0,0,,,,,,,,224,559
560,Zach Gentry,0,PIT,TE,23,4,0,0,0,0,0,0,0,0,,0,1,1,4,4,0,0,0,0,,,,1.4,1.4,0.9,,111,560
561,Garrett Gilbert,484,CLE,QB,28,5,0,0,3,0,0,0,3,-3,-1,0,0,0,0,,0,0,0,0,,,,-0.3,-0.3,-0.3,,68,561
562,Cullen Gillaspia,0,HOU,RB,24,16,0,0,0,0,0,0,0,0,,0,0,0,0,,0,,0,0,,,,,,,,158,562
563,Cyril Grayson,0,TAM,WR,26,2,0,0,0,0,0,0,0,0,,0,1,1,3,3,0,0,0,0,,,,1.3,1.3,0.8,,217,563
564,Xavier Grimble,422,PIT,TE,27,3,1,0,0,0,0,0,0,0,,0,3,1,3,3,0,0,0,0,,,,1.3,1.3,0.8,,113,564
565,Jalen Guyton,0,LAC,WR,22,3,0,0,0,0,0,0,0,0,,0,2,0,0,,0,,0,0,,,,,,,,225,565
566,Justin Hardee,512,NOR,WR,25,16,0,0,0,0,0,0,0,0,,0,1,0,0,,0,,0,0,,,,,,,,226,566
567,Krishawn Hogan,0,NOR,WR,24,8,0,0,0,0,0,0,0,0,,0,1,1,4,4,0,0,0,0,,,,1.4,1.4,0.9,,216,567
568,Lil'Jordan Humphrey,0,NOR,WR,21,5,1,0,0,0,0,0,0,0,,0,1,0,0,,0,,0,0,,,,,,,,227,568
569,Trenton Irwin,0,CIN,WR,24,1,0,0,0,0,0,0,0,0,,0,0,0,0,,0,,0,0,,,,,,,,228,569
570,Gary Jennings Jr,0,MIA,WR,22,1,0,0,0,0,0,0,0,0,,0,0,0,0,,0,,0,0,,,,,,,,229,570
571,Tom Kennedy,0,DET,WR,23,1,0,0,0,0,0,0,0,0,,0,0,0,0,,0,,0,0,,,,,,,,230,571
572,Darvin Kidsy,518,WAS,WR,24,3,0,0,0,0,0,0,0,0,,0,0,0,0,,0,,0,0,,,,,,,,231,572
573,Keith Kirkwood,276,NOR,WR,25,1,0,0,0,0,0,0,0,0,,0,0,0,0,,0,,0,0,,,,,,,,232,573
574,Matt Lengel,412,IND,TE,29,1,1,0,0,0,0,0,0,0,,0,0,0,0,,0,,0,0,,,,,,,,124,574
575,Josh Malone,521,NYJ,WR,23,2,0,0,0,0,0,0,0,0,,0,0,0,0,,0,,0,0,,,,,,,,233,575
576,Jeremy McNichols,580,JAX,RB,24,1,0,0,0,0,0,0,0,0,,0,0,0,0,,0,,0,0,,,,,,,,159,576
577,Trace McSorley,0,BAL,QB,24,1,0,0,0,0,0,0,1,1,1,0,0,0,0,,0,0,0,0,,,,0.1,0.1,0.1,,63,577
578,Carson Meier,0,ATL,TE,24,1,1,0,0,0,0,0,0,0,,0,0,0,0,,0,,0,0,,,,,,,,125,578
579,Jaydon Mickens,581,TAM,WR,25,1,0,0,0,0,0,0,0,0,,0,0,0,0,,0,0,0,0,,,,,,,,234,579
580,Alfred Morris,198,ARI,RB,31,1,0,0,0,0,0,0,1,4,4,0,0,0,0,,0,0,0,0,,,,0.4,0.4,0.4,,150,580
581,Nick Mullens,98,SFO,QB,24,1,0,0,0,0,0,0,3,-3,-1,0,0,0,0,,0,0,0,0,,,,-0.3,-0.3,-0.3,,69,581
582,Jojo Natson,620,LAR,WR,25,12,0,0,0,0,0,0,0,0,,0,0,0,0,,0,0,0,0,,,,,,,,235,582
583,Roosevelt Nix,459,PIT,RB,27,3,0,0,0,0,0,0,0,0,,0,3,2,4,2,0,0,0,0,,,,2.4,2.4,1.4,,151,583
584,Jamize Olawale,525,DAL,FB,30,16,5,0,0,0,0,0,0,0,,0,2,0,0,,0,,0,0,,,,,,,,160,584
585,Donovan Olumba,0,DAL,RB,24,1,0,0,0,0,0,0,0,0,,0,0,0,0,,0,,0,0,,,,,,,,161,585
586,Senorise Perry,584,BUF,RB,28,11,0,0,0,0,0,0,3,3,1,0,1,1,1,1,0,0,0,0,,,,1.4,1.4,0.9,,152,586
587,Craig Reynolds,0,WAS,RB,23,3,0,0,0,0,0,0,0,0,,0,0,0,0,,0,,0,0,,,,,,,,162,587
588,Richard Rodgers,528,PHI,TE,27,1,0,0,0,0,0,0,0,0,,0,0,0,0,,0,,0,0,,,,,,,,126,588
589,Cooper Rush,588,DAL,QB,26,2,0,0,0,0,0,0,0,0,,0,0,0,0,,0,,0,0,,,,,,,,66,589
590,Spencer Schnell,0,TAM,WR,25,1,0,0,0,0,0,0,0,0,,0,0,0,0,,0,0,0,0,,,,,,,,236,590
591,Mason Schreck,592,CIN,TE,26,2,0,0,0,0,0,0,0,0,,0,0,0,0,,0,,0,0,,,,,,,,127,591
592,Trevor Siemian,0,NYJ,QB,28,1,1,3,6,3,0,0,0,0,,0,0,0,0,,0,0,0,0,,,,0.1,0.1,0.1,,62,592
593,Matthew Slater*,0,NWE,WR,34,16,0,0,0,0,0,0,0,0,,0,0,0,0,,0,0,0,0,,,,,,,,237,593
594,Rod Smith,322,2TM,RB,27,6,0,0,0,0,0,0,0,0,,0,0,0,0,,0,,0,0,,,,,,,,163,594
595,Jace Sternberger,0,GNB,TE,23,6,1,0,0,0,0,0,0,0,,0,1,0,0,,0,,0,0,,,,,,,,128,595
596,Alex Tanney,0,NYG,QB,32,1,0,1,1,1,0,0,0,0,,0,0,0,0,,0,0,0,0,,,,,,,,64,596
597,Taywan Taylor,216,CLE,WR,24,3,1,0,0,0,0,0,0,0,,0,1,0,0,,0,0,0,0,,,,,,,,238,597
598,Eric Tomlinson,425,3TM,TE,27,8,3,0,0,0,0,0,0,0,,0,1,1,1,1,0,0,0,0,,,,1.1,1.1,0.6,,114,598
599,Robert Turbin,615,SEA,RB,30,1,0,0,0,0,0,0,0,0,,0,0,0,0,,0,,0,0,,,,,,,,164,599
600,Jason Vander Laan,0,NOR,TE,27,2,1,0,0,0,0,0,0,0,,0,0,0,0,,0,0,0,0,,,,,,,,129,600
601,Austin Walter,0,NYG,RB,23,1,0,0,0,0,0,0,0,0,,0,0,0,0,,0,,0,0,,,,,,,,165,601
602,Jester Weah,0,WAS,WR,24,1,0,0,0,0,0,0,0,0,,0,0,0,0,,0,,0,0,,,,,,,,239,602
603,Nsimba Webster,0,LAR,WR,23,5,0,0,0,0,0,0,0,0,,0,0,0,0,,0,1,0,0,,,,,,,,240,603
604,Chad Williams,325,IND,WR,25,1,0,0,0,0,0,0,0,0,,0,1,0,0,,0,,0,0,,,,,,,,241,604
605,Trayveon Williams,0,CIN,RB,22,11,0,0,0,0,0,0,0,0,,0,0,0,0,,0,,0,0,,,,,,,,166,605
606,Juwann Winfree,0,DEN,WR,23,3,0,0,0,0,0,0,0,0,,0,0,0,0,,0,,0,0,,,,,,,,242,606
607,Blake Bortles,88,LAR,QB,27,3,0,1,2,3,0,0,2,-9,-4.5,0,0,0,0,,0,0,0,0,,,-1,-0.8,-0.8,-0.8,,70,607
608,Sean Mannion,574,MIN,QB,27,3,1,12,21,126,0,2,6,-5,-0.83,0,0,0,0,,0,1,1,0,,,-1,-1.5,1.5,0.5,,71,608
609,Greg Dortch,0,CAR,WR,21,2,0,0,0,0,0,0,0,0,,0,0,0,0,,0,1,1,0,,,-2,-2,-1,-2,,244,609
610,Quincy Enunwa,222,NYJ,WR,27,1,1,0,0,0,0,0,0,0,,0,3,1,-4,-4,0,1,1,0,,,-2,-1.4,-0.4,-1.9,,246,610
611,Ray-Ray McCloud,489,CAR,WR,23,6,0,0,0,0,0,0,0,0,,0,0,0,0,,0,3,1,0,,,-2,-2,-1,-2,,245,611
612,Darrius Shepherd,0,GNB,WR,24,6,0,0,0,0,0,0,0,0,,0,2,1,1,1,0,1,1,0,,,-2,-0.9,0.1,-1.4,,243,612
613,Jarrett Stidham,0,NWE,QB,23,3,0,2,4,14,0,1,2,-2,-1,0,0,0,0,,0,0,0,0,,,-2,-1.6,-0.6,-0.6,,72,613
614,Michael Walker,0,JAX,WR,23,7,0,0,0,0,0,0,0,0,,0,3,2,15,7.5,0,2,2,0,,,-3,-0.5,1.5,-1.5,,247,614
615,Corey Clement,200,PHI,RB,25,4,0,0,0,0,0,0,0,0,,0,0,0,0,,0,2,2,0,,,-4,-4,-2,-4,,167,615
